age,gender,state,income,occupation,category,rural,student,disability,scheme_category
56,Female,Uttar Pradesh,31000.0,Student,OBC,No,Yes,No,Education & Scholarships
69,Male,Madhya Pradesh,899000.0,Salaried,OBC,Yes,No,No,Senior Citizen Pension & Healthcare
46,Male,Rajasthan,66400.0,Daily Wage Worker,SC,Yes,No,No,Rural & Urban Livelihood Support
32,Male,Bihar,144400.0,Farmer,ST,Yes,No,No,Agriculture & Farmer Welfare
60,Male,Bihar,400100.0,Student,General,Yes,Yes,No,Education & Scholarships
25,Male,Tamil Nadu,75900.0,Student,OBC,Yes,Yes,Yes,Social Welfare & Disability Support
38,Male,Kerala,146600.0,Student,ST,Yes,Yes,No,Education & Scholarships
56,Female,West Bengal,55600.0,Student,SC,No,Yes,No,Education & Scholarships
75,Female,Uttar Pradesh,120500.0,Salaried,General,Yes,No,No,Senior Citizen Pension & Healthcare
36,Male,Rajasthan,65100.0,Self-Employed,General,No,No,Yes,Social Welfare & Disability Support
40,Male,West Bengal,111400.0,Daily Wage Worker,General,No,No,No,Rural & Urban Livelihood Support
28,Female,Uttar Pradesh,114200.0,Unemployed,General,No,No,No,Women & Child Development
28,Male,Kerala,927600.0,Unemployed,ST,Yes,No,No,Rural & Urban Livelihood Support
41,Male,Rajasthan,977100.0,Salaried,OBC,No,No,No,Rural & Urban Livelihood Support
70,Female,Uttar Pradesh,51900.0,Salaried,OBC,No,No,No,Senior Citizen Pension & Healthcare
53,Transgender,West Bengal,263000.0,Artisan,OBC,Yes,No,No,Skill Development & Entrepreneurship
57,Male,Maharashtra,39600.0,Salaried,OBC,Yes,No,No,Rural & Urban Livelihood Support
41,Female,Bihar,35500.0,Daily Wage Worker,OBC,Yes,No,No,Women & Child Development
20,Male,Gujarat,50000.0,Student,OBC,No,Yes,No,Education & Scholarships
39,Female,Karnataka,635900.0,Daily Wage Worker,OBC,Yes,No,No,Women & Child Development
70,Male,Madhya Pradesh,539000.0,Daily Wage Worker,OBC,Yes,No,No,Senior Citizen Pension & Healthcare
19,Male,Gujarat,68800.0,Salaried,OBC,No,No,No,Rural & Urban Livelihood Support
41,Female,Rajasthan,61700.0,Farmer,OBC,Yes,No,No,Agriculture & Farmer Welfare
61,Male,Rajasthan,79500.0,Self-Employed,General,No,No,No,Senior Citizen Pension & Healthcare
47,Male,Uttar Pradesh,160500.0,Student,General,Yes,Yes,No,Education & Scholarships
55,Female,Bihar,181800.0,Farmer,OBC,No,No,No,Agriculture & Farmer Welfare
19,Female,Kerala,75100.0,Student,General,Yes,Yes,No,Education & Scholarships
38,Male,Tamil Nadu,284400.0,Self-Employed,EWS,Yes,No,No,Skill Development & Entrepreneurship
50,Female,Uttar Pradesh,96700.0,Unemployed,EWS,No,No,No,Women & Child Development
29,Female,Tamil Nadu,489500.0,Farmer,OBC,Yes,No,No,Agriculture & Farmer Welfare
75,Female,Karnataka,222500.0,Self-Employed,SC,Yes,No,Yes,Social Welfare & Disability Support
39,Female,West Bengal,133200.0,Farmer,OBC,No,No,No,Agriculture & Farmer Welfare
61,Male,Uttar Pradesh,310800.0,Student,OBC,Yes,Yes,No,Education & Scholarships
42,Male,Karnataka,336600.0,Self-Employed,OBC,No,No,No,Skill Development & Entrepreneurship
66,Female,Madhya Pradesh,91800.0,Student,OBC,Yes,Yes,No,Education & Scholarships
44,Male,Uttar Pradesh,104700.0,Self-Employed,General,Yes,No,No,Skill Development & Entrepreneurship
59,Female,Bihar,524700.0,Student,SC,Yes,Yes,No,Education & Scholarships
45,Male,Bihar,62400.0,Student,SC,No,Yes,No,Education & Scholarships
33,Male,Rajasthan,37800.0,Self-Employed,OBC,Yes,No,No,Skill Development & Entrepreneurship
32,Female,Madhya Pradesh,138900.0,Self-Employed,OBC,No,No,Yes,Social Welfare & Disability Support
64,Male,Rajasthan,320800.0,Student,OBC,No,Yes,No,Education & Scholarships
68,Male,Tamil Nadu,295900.0,Self-Employed,OBC,Yes,No,Yes,Social Welfare & Disability Support
61,Female,Gujarat,483600.0,Unemployed,EWS,No,No,No,Senior Citizen Pension & Healthcare
72,Female,Kerala,167100.0,Daily Wage Worker,SC,No,No,No,Senior Citizen Pension & Healthcare
69,Female,Madhya Pradesh,49000.0,Student,EWS,Yes,Yes,No,Education & Scholarships
74,Male,West Bengal,189900.0,Self-Employed,SC,Yes,No,No,Senior Citizen Pension & Healthcare
20,Male,Kerala,301200.0,Daily Wage Worker,General,Yes,No,No,Skill Development & Entrepreneurship
54,Male,Kerala,47600.0,Student,General,No,Yes,No,Education & Scholarships
68,Male,Maharashtra,64100.0,Unemployed,General,No,No,No,Senior Citizen Pension & Healthcare
24,Male,Uttar Pradesh,32200.0,Salaried,General,Yes,No,No,Rural & Urban Livelihood Support
38,Male,West Bengal,192100.0,Unemployed,SC,Yes,No,No,Rural & Urban Livelihood Support
26,Male,Madhya Pradesh,422000.0,Unemployed,General,No,No,No,Rural & Urban Livelihood Support
56,Female,Rajasthan,229900.0,Daily Wage Worker,OBC,Yes,No,No,Women & Child Development
35,Male,Tamil Nadu,753500.0,Self-Employed,SC,No,No,No,Skill Development & Entrepreneurship
21,Male,Uttar Pradesh,41700.0,Daily Wage Worker,ST,Yes,No,No,Rural & Urban Livelihood Support
42,Female,Maharashtra,449900.0,Unemployed,General,No,No,No,Rural & Urban Livelihood Support
31,Male,Tamil Nadu,332800.0,Daily Wage Worker,SC,No,No,Yes,Social Welfare & Disability Support
67,Female,Madhya Pradesh,97900.0,Farmer,OBC,Yes,No,No,Senior Citizen Pension & Healthcare
75,Male,Gujarat,683700.0,Farmer,General,Yes,No,No,Senior Citizen Pension & Healthcare
26,Male,Kerala,91100.0,Salaried,OBC,Yes,No,No,Rural & Urban Livelihood Support
43,Female,Maharashtra,426200.0,Student,OBC,Yes,Yes,No,Education & Scholarships
70,Female,Tamil Nadu,412800.0,Daily Wage Worker,General,Yes,No,No,Senior Citizen Pension & Healthcare
19,Female,Rajasthan,285100.0,Salaried,OBC,No,No,No,Women & Child Development
37,Male,Maharashtra,179200.0,Daily Wage Worker,SC,Yes,No,No,Rural & Urban Livelihood Support
45,Female,Tamil Nadu,53000.0,Salaried,ST,Yes,No,No,Social Welfare & Disability Support
64,Male,Maharashtra,166700.0,Daily Wage Worker,OBC,No,No,No,Senior Citizen Pension & Healthcare
24,Female,Rajasthan,109400.0,Student,SC,No,Yes,No,Education & Scholarships
61,Transgender,Rajasthan,312800.0,Unemployed,General,Yes,No,No,Senior Citizen Pension & Healthcare
25,Male,West Bengal,285500.0,Farmer,OBC,No,No,No,Agriculture & Farmer Welfare
64,Male,Bihar,464700.0,Artisan,General,No,No,Yes,Social Welfare & Disability Support
52,Male,Kerala,32700.0,Farmer,General,Yes,No,No,Agriculture & Farmer Welfare
31,Female,Uttar Pradesh,328100.0,Farmer,General,Yes,No,No,Agriculture & Farmer Welfare
34,Male,Uttar Pradesh,531900.0,Artisan,ST,Yes,No,No,Skill Development & Entrepreneurship
53,Female,Madhya Pradesh,310300.0,Farmer,General,No,No,No,Agriculture & Farmer Welfare
67,Female,Karnataka,55100.0,Self-Employed,EWS,No,No,No,Senior Citizen Pension & Healthcare
57,Female,Madhya Pradesh,45300.0,Unemployed,General,No,No,No,Women & Child Development
21,Female,Karnataka,33800.0,Farmer,OBC,Yes,No,No,Agriculture & Farmer Welfare
19,Female,Maharashtra,208400.0,Farmer,General,Yes,No,No,Agriculture & Farmer Welfare
23,Male,Karnataka,208800.0,Daily Wage Worker,OBC,No,Yes,No,Education & Scholarships
71,Transgender,Bihar,810500.0,Daily Wage Worker,General,Yes,No,No,Senior Citizen Pension & Healthcare
59,Female,Bihar,121400.0,Salaried,SC,Yes,No,No,Women & Child Development
21,Male,Kerala,102600.0,Student,General,Yes,Yes,No,Education & Scholarships
71,Female,Tamil Nadu,206300.0,Unemployed,OBC,No,No,No,Senior Citizen Pension & Healthcare
46,Male,Uttar Pradesh,344400.0,Self-Employed,General,Yes,No,No,Skill Development & Entrepreneurship
35,Male,Kerala,527000.0,Self-Employed,OBC,Yes,No,No,Skill Development & Entrepreneurship
43,Male,Bihar,322500.0,Student,SC,No,Yes,No,Education & Scholarships
61,Male,Tamil Nadu,130100.0,Artisan,SC,Yes,No,No,Senior Citizen Pension & Healthcare
51,Female,Madhya Pradesh,211400.0,Farmer,EWS,No,No,No,Agriculture & Farmer Welfare
27,Male,Uttar Pradesh,379200.0,Farmer,OBC,No,No,No,Agriculture & Farmer Welfare
53,Male,West Bengal,151400.0,Self-Employed,General,Yes,No,No,Skill Development & Entrepreneurship
31,Female,Uttar Pradesh,74000.0,Unemployed,General,Yes,No,No,Women & Child Development
48,Male,Maharashtra,63500.0,Daily Wage Worker,ST,Yes,No,No,Rural & Urban Livelihood Support
65,Female,Gujarat,30000.0,Self-Employed,General,Yes,No,No,Senior Citizen Pension & Healthcare
32,Male,Uttar Pradesh,258000.0,Self-Employed,OBC,No,No,No,Skill Development & Entrepreneurship
25,Female,Bihar,51200.0,Artisan,General,No,No,No,Women & Child Development
31,Female,Maharashtra,80300.0,Salaried,General,Yes,No,No,Women & Child Development
40,Male,Rajasthan,93700.0,Self-Employed,SC,Yes,No,No,Skill Development & Entrepreneurship
74,Male,Karnataka,177900.0,Farmer,ST,Yes,No,No,Senior Citizen Pension & Healthcare
57,Female,Madhya Pradesh,121300.0,Farmer,OBC,Yes,No,No,Agriculture & Farmer Welfare
38,Female,West Bengal,232100.0,Self-Employed,EWS,Yes,No,No,Women & Child Development
33,Male,Madhya Pradesh,40300.0,Self-Employed,OBC,No,No,No,Skill Development & Entrepreneurship
62,Female,Rajasthan,53800.0,Student,EWS,Yes,Yes,No,Education & Scholarships
35,Female,Gujarat,154500.0,Unemployed,ST,No,No,No,Women & Child Development
64,Male,Uttar Pradesh,104000.0,Daily Wage Worker,SC,Yes,No,No,Senior Citizen Pension & Healthcare
70,Male,Kerala,93100.0,Daily Wage Worker,SC,Yes,No,No,Senior Citizen Pension & Healthcare
41,Female,Maharashtra,42500.0,Student,OBC,Yes,Yes,No,Education & Scholarships
43,Male,West Bengal,436900.0,Farmer,OBC,No,No,No,Agriculture & Farmer Welfare
42,Male,Rajasthan,241900.0,Salaried,OBC,Yes,No,No,Rural & Urban Livelihood Support
62,Male,Gujarat,53300.0,Unemployed,OBC,Yes,No,No,Senior Citizen Pension & Healthcare
58,Male,Madhya Pradesh,42100.0,Farmer,General,No,No,No,Agriculture & Farmer Welfare
46,Female,Rajasthan,693100.0,Student,OBC,Yes,Yes,No,Education & Scholarships
32,Female,West Bengal,235800.0,Artisan,ST,Yes,No,No,Women & Child Development
62,Female,West Bengal,127300.0,Farmer,General,Yes,No,No,Senior Citizen Pension & Healthcare
18,Male,Gujarat,247800.0,Daily Wage Worker,SC,Yes,No,No,Rural & Urban Livelihood Support
42,Female,Madhya Pradesh,284200.0,Salaried,General,Yes,No,No,Women & Child Development
24,Male,Bihar,302500.0,Farmer,OBC,Yes,No,No,Agriculture & Farmer Welfare
26,Female,West Bengal,147000.0,Student,OBC,Yes,Yes,No,Education & Scholarships
41,Female,Maharashtra,131100.0,Salaried,OBC,No,No,No,Women & Child Development
18,Male,Maharashtra,32000.0,Student,SC,No,Yes,No,Education & Scholarships
61,Female,Karnataka,500000.0,Salaried,General,No,No,No,Senior Citizen Pension & Healthcare
25,Female,Madhya Pradesh,196400.0,Daily Wage Worker,OBC,No,No,No,Women & Child Development
41,Male,Rajasthan,70900.0,Salaried,SC,Yes,No,No,Rural & Urban Livelihood Support
28,Female,Maharashtra,483700.0,Farmer,OBC,No,No,No,Agriculture & Farmer Welfare
68,Male,Gujarat,473600.0,Student,SC,Yes,Yes,No,Education & Scholarships
34,Male,Rajasthan,844800.0,Artisan,General,No,No,No,Skill Development & Entrepreneurship
25,Female,Madhya Pradesh,402900.0,Artisan,SC,Yes,No,No,Women & Child Development
52,Male,Gujarat,1130200.0,Farmer,ST,Yes,No,No,Agriculture & Farmer Welfare
52,Male,Uttar Pradesh,80500.0,Salaried,SC,No,No,No,Rural & Urban Livelihood Support
50,Female,Tamil Nadu,362400.0,Unemployed,General,No,No,No,Rural & Urban Livelihood Support
22,Female,Maharashtra,341700.0,Daily Wage Worker,OBC,No,No,No,Women & Child Development
59,Female,Maharashtra,77300.0,Student,SC,Yes,Yes,No,Education & Scholarships
56,Male,Karnataka,48700.0,Daily Wage Worker,General,Yes,No,No,Rural & Urban Livelihood Support
75,Female,Bihar,729000.0,Daily Wage Worker,OBC,Yes,No,No,Senior Citizen Pension & Healthcare
58,Male,Karnataka,93200.0,Artisan,SC,Yes,No,No,Skill Development & Entrepreneurship
45,Male,Madhya Pradesh,398500.0,Salaried,OBC,Yes,No,No,Rural & Urban Livelihood Support
24,Male,Karnataka,30700.0,Student,OBC,Yes,Yes,No,Education & Scholarships
26,Female,Bihar,33800.0,Farmer,ST,Yes,No,Yes,Social Welfare & Disability Support
25,Female,Bihar,142900.0,Student,General,Yes,Yes,No,Skill Development & Entrepreneurship
29,Male,West Bengal,79100.0,Unemployed,OBC,No,No,No,Rural & Urban Livelihood Support
51,Female,West Bengal,240700.0,Self-Employed,SC,No,No,No,Women & Child Development
50,Female,Tamil Nadu,180100.0,Farmer,ST,Yes,No,No,Agriculture & Farmer Welfare
65,Female,Gujarat,44500.0,Student,OBC,Yes,Yes,No,Education & Scholarships
72,Female,Uttar Pradesh,61900.0,Student,SC,Yes,Yes,No,Education & Scholarships
40,Male,Bihar,118400.0,Student,SC,Yes,Yes,No,Education & Scholarships
41,Female,Uttar Pradesh,67000.0,Artisan,OBC,No,No,No,Women & Child Development
54,Female,Maharashtra,312800.0,Farmer,General,No,No,No,Agriculture & Farmer Welfare
52,Female,Kerala,126800.0,Farmer,OBC,No,No,No,Agriculture & Farmer Welfare
61,Male,Tamil Nadu,47700.0,Unemployed,SC,Yes,No,No,Senior Citizen Pension & Healthcare
57,Male,Madhya Pradesh,149200.0,Self-Employed,ST,No,No,No,Skill Development & Entrepreneurship
39,Female,Rajasthan,47100.0,Daily Wage Worker,OBC,Yes,No,No,Women & Child Development
44,Male,Uttar Pradesh,54800.0,Student,SC,Yes,Yes,No,Education & Scholarships
52,Male,Karnataka,79300.0,Farmer,SC,Yes,No,No,Agriculture & Farmer Welfare
18,Male,Bihar,383300.0,Artisan,OBC,No,No,No,Skill Development & Entrepreneurship
52,Male,Uttar Pradesh,495300.0,Farmer,SC,Yes,No,Yes,Social Welfare & Disability Support
54,Female,Rajasthan,345000.0,Student,OBC,Yes,Yes,No,Education & Scholarships
64,Female,Bihar,103200.0,Unemployed,ST,No,No,No,Senior Citizen Pension & Healthcare
31,Female,Madhya Pradesh,87300.0,Salaried,General,Yes,No,No,Women & Child Development
20,Female,Kerala,173400.0,Student,General,Yes,Yes,No,Education & Scholarships
18,Transgender,Karnataka,260300.0,Farmer,SC,Yes,No,No,Agriculture & Farmer Welfare
22,Female,Uttar Pradesh,933000.0,Salaried,General,Yes,No,No,Women & Child Development
43,Female,West Bengal,55400.0,Student,ST,No,Yes,No,Education & Scholarships
72,Male,Tamil Nadu,39100.0,Self-Employed,General,Yes,No,No,Senior Citizen Pension & Healthcare
31,Male,Uttar Pradesh,243400.0,Salaried,ST,Yes,No,No,Rural & Urban Livelihood Support
56,Female,Uttar Pradesh,351300.0,Salaried,General,Yes,No,No,Women & Child Development
44,Female,Rajasthan,367200.0,Artisan,OBC,No,No,No,Women & Child Development
26,Female,Rajasthan,234200.0,Student,ST,Yes,Yes,No,Education & Scholarships
32,Male,Tamil Nadu,584300.0,Farmer,SC,No,No,No,Agriculture & Farmer Welfare
32,Female,Uttar Pradesh,158800.0,Salaried,SC,Yes,No,No,Women & Child Development
43,Female,Gujarat,471200.0,Salaried,EWS,Yes,No,No,Women & Child Development
59,Male,Madhya Pradesh,648500.0,Self-Employed,OBC,No,No,No,Skill Development & Entrepreneurship
30,Female,Rajasthan,368100.0,Daily Wage Worker,General,Yes,No,No,Women & Child Development
68,Male,Rajasthan,96700.0,Daily Wage Worker,OBC,Yes,No,No,Senior Citizen Pension & Healthcare
49,Female,Gujarat,69300.0,Daily Wage Worker,General,Yes,No,No,Women & Child Development
56,Female,Bihar,173000.0,Unemployed,SC,Yes,No,No,Women & Child Development
66,Male,Uttar Pradesh,138600.0,Daily Wage Worker,EWS,Yes,No,No,Senior Citizen Pension & Healthcare
69,Male,Tamil Nadu,408300.0,Self-Employed,General,No,No,No,Senior Citizen Pension & Healthcare
49,Female,Rajasthan,49000.0,Farmer,SC,No,No,No,Agriculture & Farmer Welfare
21,Male,Tamil Nadu,83700.0,Daily Wage Worker,ST,Yes,No,No,Rural & Urban Livelihood Support
47,Male,Tamil Nadu,280800.0,Artisan,SC,Yes,No,No,Skill Development & Entrepreneurship
54,Male,Madhya Pradesh,48000.0,Farmer,OBC,No,No,No,Agriculture & Farmer Welfare
40,Female,West Bengal,99600.0,Unemployed,General,Yes,No,No,Women & Child Development
56,Male,Rajasthan,118100.0,Daily Wage Worker,EWS,Yes,No,No,Rural & Urban Livelihood Support
62,Female,Karnataka,205400.0,Salaried,EWS,No,No,No,Senior Citizen Pension & Healthcare
32,Female,Bihar,61000.0,Student,General,No,Yes,No,Education & Scholarships
60,Female,Tamil Nadu,384700.0,Self-Employed,ST,No,No,No,Senior Citizen Pension & Healthcare
46,Female,Rajasthan,136800.0,Farmer,OBC,No,No,No,Agriculture & Farmer Welfare
53,Male,Bihar,478100.0,Salaried,OBC,No,No,No,Rural & Urban Livelihood Support
30,Female,Karnataka,143600.0,Student,EWS,Yes,Yes,No,Education & Scholarships
49,Female,Rajasthan,87900.0,Self-Employed,OBC,No,No,No,Rural & Urban Livelihood Support
24,Male,Uttar Pradesh,57500.0,Unemployed,OBC,Yes,No,No,Rural & Urban Livelihood Support
68,Female,Tamil Nadu,30700.0,Farmer,General,Yes,No,No,Senior Citizen Pension & Healthcare
39,Female,Karnataka,166700.0,Salaried,General,Yes,No,No,Women & Child Development
45,Female,Uttar Pradesh,50400.0,Unemployed,General,No,No,No,Women & Child Development
19,Female,Tamil Nadu,119500.0,Farmer,OBC,Yes,No,No,Agriculture & Farmer Welfare
59,Female,Maharashtra,190200.0,Student,ST,No,Yes,No,Education & Scholarships
62,Male,Kerala,88100.0,Farmer,ST,No,No,No,Senior Citizen Pension & Healthcare
74,Female,Gujarat,64700.0,Farmer,General,Yes,No,Yes,Social Welfare & Disability Support
70,Female,Tamil Nadu,298300.0,Salaried,General,No,No,No,Senior Citizen Pension & Healthcare
23,Male,Karnataka,558000.0,Salaried,SC,No,No,No,Rural & Urban Livelihood Support
45,Male,Karnataka,49100.0,Student,SC,No,Yes,No,Education & Scholarships
45,Female,Kerala,60400.0,Artisan,General,Yes,No,No,Women & Child Development
61,Male,Rajasthan,609500.0,Self-Employed,General,No,No,No,Senior Citizen Pension & Healthcare
61,Female,Gujarat,36900.0,Student,OBC,No,Yes,No,Education & Scholarships
37,Female,Bihar,714000.0,Farmer,OBC,Yes,No,No,Agriculture & Farmer Welfare
47,Male,Tamil Nadu,30800.0,Farmer,General,Yes,No,No,Agriculture & Farmer Welfare
28,Female,Rajasthan,402400.0,Self-Employed,SC,Yes,No,No,Women & Child Development
75,Male,Uttar Pradesh,96100.0,Daily Wage Worker,SC,No,No,No,Senior Citizen Pension & Healthcare
72,Female,Bihar,532200.0,Daily Wage Worker,SC,Yes,No,No,Senior Citizen Pension & Healthcare
45,Male,Gujarat,98600.0,Student,OBC,Yes,Yes,No,Education & Scholarships
42,Female,Rajasthan,221200.0,Unemployed,SC,No,No,No,Women & Child Development
56,Male,West Bengal,45000.0,Daily Wage Worker,OBC,Yes,No,Yes,Social Welfare & Disability Support
50,Male,Bihar,80000.0,Salaried,General,No,No,No,Rural & Urban Livelihood Support
18,Male,Madhya Pradesh,297400.0,Artisan,SC,Yes,No,No,Skill Development & Entrepreneurship
74,Female,Madhya Pradesh,165400.0,Salaried,General,Yes,No,No,Senior Citizen Pension & Healthcare
44,Male,Tamil Nadu,503500.0,Unemployed,General,Yes,No,No,Rural & Urban Livelihood Support
74,Male,Tamil Nadu,130800.0,Artisan,General,No,No,No,Senior Citizen Pension & Healthcare
69,Male,Tamil Nadu,397000.0,Farmer,ST,No,No,Yes,Social Welfare & Disability Support
30,Male,Gujarat,137300.0,Salaried,General,No,No,No,Rural & Urban Livelihood Support
58,Male,West Bengal,727500.0,Daily Wage Worker,SC,No,No,No,Rural & Urban Livelihood Support
20,Female,Rajasthan,608700.0,Salaried,EWS,Yes,No,No,Women & Child Development
56,Female,Uttar Pradesh,101900.0,Unemployed,SC,Yes,No,No,Women & Child Development
23,Female,Maharashtra,420800.0,Self-Employed,General,Yes,No,No,Women & Child Development
25,Female,Karnataka,368600.0,Student,OBC,Yes,Yes,No,Education & Scholarships
44,Male,Uttar Pradesh,72600.0,Farmer,OBC,No,No,No,Agriculture & Farmer Welfare
26,Male,Rajasthan,206200.0,Salaried,General,Yes,No,No,Rural & Urban Livelihood Support
54,Male,West Bengal,43600.0,Farmer,SC,No,No,No,Agriculture & Farmer Welfare
50,Female,Gujarat,356200.0,Student,General,No,Yes,No,Education & Scholarships
68,Male,Bihar,64500.0,Daily Wage Worker,EWS,Yes,No,No,Senior Citizen Pension & Healthcare
59,Male,Uttar Pradesh,43200.0,Daily Wage Worker,OBC,No,No,No,Rural & Urban Livelihood Support
61,Male,Bihar,122000.0,Farmer,SC,Yes,No,No,Senior Citizen Pension & Healthcare
41,Male,Maharashtra,184800.0,Farmer,General,No,No,No,Agriculture & Farmer Welfare
32,Female,Rajasthan,377500.0,Artisan,General,Yes,No,No,Women & Child Development
71,Male,West Bengal,688600.0,Student,SC,Yes,Yes,No,Education & Scholarships
49,Male,Rajasthan,134200.0,Unemployed,OBC,Yes,No,No,Rural & Urban Livelihood Support
49,Female,Karnataka,41200.0,Farmer,OBC,No,No,No,Agriculture & Farmer Welfare
41,Female,Gujarat,278900.0,Unemployed,General,No,No,Yes,Social Welfare & Disability Support
58,Male,Karnataka,179900.0,Unemployed,General,Yes,No,No,Rural & Urban Livelihood Support
69,Male,Rajasthan,136900.0,Daily Wage Worker,SC,No,No,No,Senior Citizen Pension & Healthcare
66,Transgender,Karnataka,96600.0,Farmer,EWS,Yes,No,No,Senior Citizen Pension & Healthcare
66,Male,Kerala,155600.0,Self-Employed,OBC,No,No,Yes,Social Welfare & Disability Support
75,Female,Rajasthan,104400.0,Artisan,General,Yes,No,No,Senior Citizen Pension & Healthcare
69,Female,West Bengal,284700.0,Farmer,SC,Yes,No,No,Senior Citizen Pension & Healthcare
29,Female,Uttar Pradesh,171300.0,Unemployed,EWS,No,No,No,Women & Child Development
56,Female,West Bengal,407000.0,Artisan,EWS,Yes,No,No,Women & Child Development
19,Female,Kerala,171200.0,Unemployed,SC,Yes,Yes,No,Education & Scholarships
20,Female,Uttar Pradesh,79000.0,Student,General,Yes,Yes,No,Education & Scholarships
66,Female,Kerala,372800.0,Student,OBC,Yes,Yes,No,Education & Scholarships
54,Male,Uttar Pradesh,176600.0,Salaried,General,Yes,No,No,Rural & Urban Livelihood Support
66,Female,West Bengal,71700.0,Self-Employed,General,No,No,No,Senior Citizen Pension & Healthcare
73,Male,Rajasthan,205800.0,Self-Employed,SC,Yes,No,Yes,Social Welfare & Disability Support
34,Male,Tamil Nadu,109700.0,Self-Employed,General,Yes,No,No,Skill Development & Entrepreneurship
66,Female,Madhya Pradesh,364900.0,Farmer,SC,Yes,No,No,Senior Citizen Pension & Healthcare
19,Female,Madhya Pradesh,138700.0,Daily Wage Worker,General,No,No,Yes,Social Welfare & Disability Support
19,Female,Kerala,263300.0,Student,SC,No,Yes,No,Education & Scholarships
45,Female,Madhya Pradesh,48100.0,Self-Employed,OBC,No,No,No,Women & Child Development
71,Male,West Bengal,120800.0,Self-Employed,OBC,Yes,No,Yes,Social Welfare & Disability Support
40,Female,Bihar,766000.0,Salaried,OBC,Yes,No,No,Women & Child Development
54,Female,Kerala,327500.0,Self-Employed,ST,No,No,No,Women & Child Development
49,Female,Uttar Pradesh,61400.0,Student,OBC,No,Yes,No,Education & Scholarships
50,Transgender,Gujarat,88600.0,Self-Employed,SC,Yes,No,No,Skill Development & Entrepreneurship
18,Male,Karnataka,102000.0,Student,OBC,Yes,Yes,No,Education & Scholarships
36,Male,West Bengal,219200.0,Farmer,General,Yes,No,No,Agriculture & Farmer Welfare
19,Female,Uttar Pradesh,284600.0,Student,ST,Yes,Yes,No,Education & Scholarships
70,Male,Bihar,279200.0,Self-Employed,General,No,No,No,Senior Citizen Pension & Healthcare
61,Male,Gujarat,158400.0,Student,OBC,Yes,Yes,No,Education & Scholarships
43,Male,Madhya Pradesh,329700.0,Artisan,OBC,Yes,No,No,Skill Development & Entrepreneurship
49,Transgender,Bihar,133400.0,Salaried,ST,Yes,No,Yes,Social Welfare & Disability Support
23,Female,Kerala,53800.0,Daily Wage Worker,General,Yes,No,No,Women & Child Development
49,Male,Maharashtra,179600.0,Student,General,Yes,Yes,No,Education & Scholarships
72,Male,Maharashtra,577700.0,Farmer,General,Yes,No,No,Senior Citizen Pension & Healthcare
21,Female,Madhya Pradesh,313500.0,Daily Wage Worker,OBC,No,No,No,Women & Child Development
72,Female,Maharashtra,185600.0,Salaried,OBC,Yes,No,No,Senior Citizen Pension & Healthcare
28,Male,Maharashtra,217300.0,Student,SC,Yes,Yes,No,Education & Scholarships
73,Female,Uttar Pradesh,510100.0,Unemployed,SC,Yes,No,No,Senior Citizen Pension & Healthcare
34,Male,Uttar Pradesh,130700.0,Self-Employed,OBC,Yes,No,No,Skill Development & Entrepreneurship
55,Male,Karnataka,102500.0,Self-Employed,SC,Yes,No,No,Skill Development & Entrepreneurship
41,Male,Rajasthan,710900.0,Salaried,ST,Yes,No,No,Rural & Urban Livelihood Support
22,Female,Madhya Pradesh,388400.0,Daily Wage Worker,ST,No,No,No,Women & Child Development
69,Male,Maharashtra,100200.0,Unemployed,OBC,Yes,No,No,Senior Citizen Pension & Healthcare
51,Female,Karnataka,142200.0,Farmer,OBC,No,No,No,Agriculture & Farmer Welfare
23,Male,Madhya Pradesh,126500.0,Self-Employed,ST,Yes,No,No,Skill Development & Entrepreneurship
39,Female,Maharashtra,59100.0,Self-Employed,OBC,Yes,No,No,Women & Child Development
28,Male,West Bengal,599800.0,Farmer,OBC,No,No,No,Agriculture & Farmer Welfare
65,Male,Tamil Nadu,123200.0,Self-Employed,ST,Yes,No,Yes,Social Welfare & Disability Support
33,Male,West Bengal,404800.0,Farmer,OBC,Yes,No,No,Agriculture & Farmer Welfare
50,Male,Gujarat,67800.0,Student,General,No,Yes,No,Education & Scholarships
26,Male,Madhya Pradesh,172900.0,Farmer,General,Yes,No,No,Agriculture & Farmer Welfare
23,Male,Rajasthan,34400.0,Daily Wage Worker,ST,Yes,No,No,Rural & Urban Livelihood Support
33,Female,Gujarat,290100.0,Salaried,OBC,Yes,No,No,Women & Child Development
46,Male,Karnataka,186500.0,Artisan,ST,No,No,No,Skill Development & Entrepreneurship
20,Female,Karnataka,206800.0,Self-Employed,General,No,No,No,Women & Child Development
37,Male,Maharashtra,39600.0,Student,General,Yes,Yes,No,Education & Scholarships
53,Female,Gujarat,72700.0,Salaried,OBC,Yes,No,Yes,Social Welfare & Disability Support
36,Female,Maharashtra,43900.0,Self-Employed,OBC,Yes,No,No,Women & Child Development
43,Male,Madhya Pradesh,91400.0,Unemployed,General,Yes,No,No,Rural & Urban Livelihood Support
20,Female,Karnataka,207700.0,Unemployed,General,No,No,No,Women & Child Development
36,Female,Tamil Nadu,180300.0,Farmer,ST,Yes,No,No,Agriculture & Farmer Welfare
37,Male,Karnataka,200500.0,Self-Employed,General,Yes,No,No,Skill Development & Entrepreneurship
49,Male,Uttar Pradesh,173400.0,Salaried,General,No,No,No,Rural & Urban Livelihood Support
24,Male,Bihar,87400.0,Student,General,No,Yes,No,Education & Scholarships
69,Female,Rajasthan,80500.0,Daily Wage Worker,SC,No,No,No,Senior Citizen Pension & Healthcare
58,Male,Gujarat,56500.0,Salaried,General,No,No,No,Rural & Urban Livelihood Support
50,Female,Maharashtra,370400.0,Farmer,OBC,No,No,No,Agriculture & Farmer Welfare
57,Male,Bihar,202500.0,Unemployed,ST,Yes,No,Yes,Social Welfare & Disability Support
56,Male,Bihar,67200.0,Salaried,General,Yes,No,No,Rural & Urban Livelihood Support
35,Male,West Bengal,65100.0,Daily Wage Worker,General,Yes,No,No,Rural & Urban Livelihood Support
57,Female,Kerala,401500.0,Farmer,General,Yes,No,No,Agriculture & Farmer Welfare
18,Female,West Bengal,274400.0,Farmer,SC,No,No,No,Agriculture & Farmer Welfare
28,Female,West Bengal,223900.0,Student,OBC,Yes,Yes,No,Education & Scholarships
45,Female,Rajasthan,124000.0,Unemployed,OBC,Yes,No,Yes,Social Welfare & Disability Support
74,Female,Uttar Pradesh,84700.0,Unemployed,SC,Yes,No,No,Senior Citizen Pension & Healthcare
42,Male,Karnataka,729300.0,Self-Employed,OBC,Yes,No,No,Skill Development & Entrepreneurship
67,Female,West Bengal,317200.0,Farmer,SC,No,No,No,Senior Citizen Pension & Healthcare
40,Male,Madhya Pradesh,94700.0,Student,OBC,No,Yes,No,Education & Scholarships
48,Female,Karnataka,368600.0,Daily Wage Worker,OBC,Yes,No,No,Women & Child Development
47,Male,Uttar Pradesh,286100.0,Daily Wage Worker,OBC,Yes,No,No,Rural & Urban Livelihood Support
59,Male,Maharashtra,93500.0,Salaried,General,No,No,No,Rural & Urban Livelihood Support
52,Female,Kerala,130100.0,Daily Wage Worker,General,No,No,No,Women & Child Development
24,Female,Karnataka,67000.0,Unemployed,OBC,Yes,No,No,Women & Child Development
33,Male,Gujarat,51200.0,Daily Wage Worker,OBC,No,No,No,Rural & Urban Livelihood Support
43,Female,Rajasthan,260900.0,Self-Employed,ST,No,No,No,Women & Child Development
65,Male,Bihar,86000.0,Artisan,General,No,No,No,Senior Citizen Pension & Healthcare
74,Male,Maharashtra,338700.0,Salaried,SC,No,No,No,Senior Citizen Pension & Healthcare
69,Male,Uttar Pradesh,1007100.0,Self-Employed,ST,No,No,No,Senior Citizen Pension & Healthcare
66,Female,West Bengal,44300.0,Farmer,EWS,Yes,No,No,Senior Citizen Pension & Healthcare
19,Male,Madhya Pradesh,145300.0,Student,ST,No,Yes,Yes,Social Welfare & Disability Support
18,Male,Madhya Pradesh,321600.0,Farmer,OBC,No,No,No,Agriculture & Farmer Welfare
65,Male,Kerala,310000.0,Self-Employed,EWS,No,No,No,Senior Citizen Pension & Healthcare
29,Female,Uttar Pradesh,286900.0,Farmer,SC,No,No,No,Agriculture & Farmer Welfare
22,Male,Maharashtra,107300.0,Farmer,SC,Yes,No,Yes,Social Welfare & Disability Support
54,Male,Gujarat,138900.0,Self-Employed,OBC,Yes,No,Yes,Social Welfare & Disability Support
49,Male,Bihar,192700.0,Student,EWS,Yes,Yes,No,Education & Scholarships
72,Female,West Bengal,686500.0,Unemployed,SC,No,No,No,Senior Citizen Pension & Healthcare
26,Male,Rajasthan,101400.0,Artisan,SC,Yes,No,No,Skill Development & Entrepreneurship
58,Female,Tamil Nadu,491800.0,Self-Employed,OBC,Yes,No,No,Women & Child Development
52,Male,Tamil Nadu,86500.0,Student,OBC,Yes,Yes,No,Education & Scholarships
36,Male,West Bengal,843000.0,Farmer,EWS,Yes,No,No,Agriculture & Farmer Welfare
65,Male,Maharashtra,229700.0,Artisan,General,No,No,No,Senior Citizen Pension & Healthcare
33,Male,West Bengal,142100.0,Unemployed,General,No,No,No,Rural & Urban Livelihood Support
20,Female,Uttar Pradesh,201100.0,Daily Wage Worker,SC,No,No,No,Women & Child Development
37,Transgender,Tamil Nadu,87300.0,Farmer,OBC,Yes,No,No,Agriculture & Farmer Welfare
41,Female,Kerala,87700.0,Self-Employed,General,No,No,No,Women & Child Development
71,Male,Uttar Pradesh,51700.0,Farmer,OBC,Yes,No,No,Senior Citizen Pension & Healthcare
73,Male,Tamil Nadu,51800.0,Salaried,OBC,Yes,No,No,Senior Citizen Pension & Healthcare
50,Male,Gujarat,106900.0,Salaried,OBC,No,No,No,Rural & Urban Livelihood Support
41,Female,Bihar,289000.0,Self-Employed,OBC,No,No,No,Women & Child Development
69,Male,Madhya Pradesh,198600.0,Daily Wage Worker,OBC,No,No,No,Senior Citizen Pension & Healthcare
28,Male,Uttar Pradesh,49500.0,Unemployed,General,Yes,No,No,Rural & Urban Livelihood Support
66,Female,Madhya Pradesh,374200.0,Daily Wage Worker,ST,Yes,No,No,Senior Citizen Pension & Healthcare
25,Male,Madhya Pradesh,195500.0,Daily Wage Worker,General,Yes,No,No,Rural & Urban Livelihood Support
53,Female,Tamil Nadu,613300.0,Salaried,OBC,Yes,No,No,Women & Child Development
55,Female,Uttar Pradesh,229700.0,Self-Employed,OBC,Yes,No,No,Women & Child Development
57,Female,Bihar,64700.0,Self-Employed,SC,Yes,No,No,Women & Child Development
37,Female,Gujarat,145600.0,Unemployed,EWS,Yes,No,No,Women & Child Development
52,Male,Karnataka,218200.0,Daily Wage Worker,OBC,No,No,No,Rural & Urban Livelihood Support
65,Female,Kerala,35200.0,Daily Wage Worker,OBC,No,No,No,Senior Citizen Pension & Healthcare
42,Female,Madhya Pradesh,32700.0,Farmer,General,No,No,No,Agriculture & Farmer Welfare
52,Female,Bihar,54900.0,Farmer,SC,No,No,No,Agriculture & Farmer Welfare
42,Male,Rajasthan,82200.0,Student,General,Yes,Yes,No,Education & Scholarships
46,Male,Rajasthan,131000.0,Self-Employed,General,No,No,No,Skill Development & Entrepreneurship
35,Female,Karnataka,150300.0,Artisan,SC,Yes,No,No,Women & Child Development
63,Female,Karnataka,56700.0,Salaried,EWS,Yes,No,No,Senior Citizen Pension & Healthcare
35,Male,Karnataka,231400.0,Self-Employed,OBC,Yes,No,No,Skill Development & Entrepreneurship
19,Female,Kerala,193200.0,Unemployed,EWS,Yes,No,No,Women & Child Development
71,Male,Kerala,92800.0,Farmer,General,No,No,No,Senior Citizen Pension & Healthcare
52,Female,Gujarat,32500.0,Unemployed,SC,Yes,No,No,Women & Child Development
33,Male,Madhya Pradesh,44500.0,Self-Employed,General,No,No,No,Skill Development & Entrepreneurship
58,Female,Maharashtra,119500.0,Daily Wage Worker,General,No,No,No,Women & Child Development
53,Male,Rajasthan,60100.0,Farmer,SC,Yes,No,No,Agriculture & Farmer Welfare
50,Female,Tamil Nadu,115100.0,Self-Employed,General,Yes,No,No,Women & Child Development
21,Transgender,Tamil Nadu,208100.0,Self-Employed,OBC,No,No,No,Skill Development & Entrepreneurship
50,Female,Karnataka,172600.0,Self-Employed,General,Yes,No,No,Women & Child Development
31,Male,West Bengal,77300.0,Salaried,General,Yes,No,No,Rural & Urban Livelihood Support
38,Female,Rajasthan,105800.0,Salaried,OBC,No,No,No,Women & Child Development
65,Female,Maharashtra,201400.0,Salaried,ST,No,No,No,Senior Citizen Pension & Healthcare
37,Male,Maharashtra,385000.0,Daily Wage Worker,OBC,No,No,No,Rural & Urban Livelihood Support
73,Female,Tamil Nadu,281900.0,Salaried,General,Yes,No,No,Senior Citizen Pension & Healthcare
25,Male,West Bengal,175100.0,Unemployed,OBC,Yes,No,No,Rural & Urban Livelihood Support
24,Male,Maharashtra,111000.0,Farmer,General,Yes,No,No,Agriculture & Farmer Welfare
20,Male,Rajasthan,111800.0,Artisan,OBC,Yes,No,No,Skill Development & Entrepreneurship
34,Female,Madhya Pradesh,410800.0,Farmer,General,Yes,No,Yes,Social Welfare & Disability Support
50,Male,Bihar,37200.0,Student,OBC,Yes,Yes,No,Education & Scholarships
65,Female,West Bengal,825900.0,Farmer,OBC,No,No,No,Senior Citizen Pension & Healthcare
29,Male,Maharashtra,226500.0,Student,SC,No,Yes,No,Education & Scholarships
68,Male,West Bengal,235700.0,Daily Wage Worker,General,No,No,No,Senior Citizen Pension & Healthcare
39,Male,West Bengal,37000.0,Artisan,OBC,No,No,No,Skill Development & Entrepreneurship
72,Male,Madhya Pradesh,197400.0,Farmer,OBC,Yes,No,No,Senior Citizen Pension & Healthcare
39,Male,Rajasthan,149400.0,Daily Wage Worker,ST,Yes,No,No,Rural & Urban Livelihood Support
63,Female,Tamil Nadu,50100.0,Unemployed,OBC,No,No,No,Senior Citizen Pension & Healthcare
47,Male,Madhya Pradesh,88600.0,Salaried,ST,No,No,Yes,Social Welfare & Disability Support
55,Female,Maharashtra,427800.0,Self-Employed,General,Yes,No,No,Women & Child Development
55,Male,Karnataka,173700.0,Artisan,OBC,Yes,No,No,Skill Development & Entrepreneurship
62,Male,Madhya Pradesh,126000.0,Farmer,SC,No,No,No,Senior Citizen Pension & Healthcare
68,Male,Karnataka,43600.0,Farmer,ST,Yes,No,No,Senior Citizen Pension & Healthcare
71,Female,Uttar Pradesh,255400.0,Farmer,OBC,Yes,No,No,Senior Citizen Pension & Healthcare
25,Male,Tamil Nadu,248400.0,Artisan,General,Yes,No,No,Skill Development & Entrepreneurship
44,Female,Rajasthan,201400.0,Salaried,General,No,No,Yes,Social Welfare & Disability Support
44,Female,Bihar,158500.0,Student,ST,Yes,Yes,No,Education & Scholarships
51,Female,West Bengal,132400.0,Farmer,SC,No,No,No,Agriculture & Farmer Welfare
38,Female,Karnataka,191900.0,Farmer,OBC,Yes,No,No,Agriculture & Farmer Welfare
47,Female,Bihar,77800.0,Daily Wage Worker,OBC,Yes,No,No,Women & Child Development
50,Male,Bihar,540200.0,Farmer,OBC,No,No,No,Agriculture & Farmer Welfare
45,Female,Karnataka,190000.0,Artisan,OBC,Yes,No,No,Women & Child Development
64,Female,Bihar,97100.0,Student,OBC,Yes,Yes,No,Education & Scholarships
50,Male,West Bengal,137500.0,Artisan,General,Yes,No,No,Skill Development & Entrepreneurship
22,Female,Gujarat,324900.0,Student,OBC,No,Yes,No,Education & Scholarships
65,Male,Uttar Pradesh,61700.0,Self-Employed,General,Yes,No,No,Senior Citizen Pension & Healthcare
36,Male,Karnataka,92400.0,Student,General,Yes,Yes,No,Education & Scholarships
21,Male,West Bengal,234800.0,Unemployed,OBC,No,No,No,Rural & Urban Livelihood Support
52,Male,Tamil Nadu,98200.0,Self-Employed,OBC,Yes,No,Yes,Social Welfare & Disability Support
66,Male,Karnataka,313100.0,Daily Wage Worker,OBC,Yes,No,No,Senior Citizen Pension & Healthcare
34,Male,West Bengal,55200.0,Artisan,OBC,No,No,No,Skill Development & Entrepreneurship
61,Female,West Bengal,288900.0,Farmer,SC,Yes,No,No,Senior Citizen Pension & Healthcare
45,Male,Madhya Pradesh,42700.0,Student,General,Yes,Yes,No,Education & Scholarships
47,Female,Gujarat,32300.0,Self-Employed,OBC,Yes,No,No,Women & Child Development
46,Male,Karnataka,441300.0,Self-Employed,General,No,No,No,Skill Development & Entrepreneurship
63,Female,Rajasthan,186700.0,Artisan,OBC,Yes,No,No,Senior Citizen Pension & Healthcare
70,Male,West Bengal,108000.0,Daily Wage Worker,General,Yes,No,No,Senior Citizen Pension & Healthcare
23,Female,Uttar Pradesh,77700.0,Unemployed,General,No,No,No,Women & Child Development
52,Male,Madhya Pradesh,202700.0,Daily Wage Worker,General,Yes,No,No,Rural & Urban Livelihood Support
58,Female,West Bengal,158000.0,Student,OBC,Yes,Yes,No,Education & Scholarships
54,Male,Karnataka,890300.0,Self-Employed,OBC,Yes,No,No,Skill Development & Entrepreneurship
41,Male,Maharashtra,765700.0,Student,SC,No,Yes,No,Education & Scholarships
46,Female,West Bengal,211400.0,Daily Wage Worker,ST,Yes,No,No,Women & Child Development
66,Male,Kerala,135300.0,Farmer,EWS,No,No,No,Senior Citizen Pension & Healthcare
63,Male,Maharashtra,151600.0,Student,OBC,No,Yes,No,Education & Scholarships
70,Male,West Bengal,236500.0,Unemployed,SC,Yes,No,No,Senior Citizen Pension & Healthcare
48,Female,Bihar,49300.0,Self-Employed,SC,Yes,No,No,Women & Child Development
52,Female,West Bengal,101600.0,Farmer,EWS,No,No,No,Agriculture & Farmer Welfare
50,Female,Tamil Nadu,44100.0,Student,OBC,Yes,Yes,No,Education & Scholarships
69,Female,Bihar,43700.0,Self-Employed,SC,Yes,No,No,Senior Citizen Pension & Healthcare
38,Male,Karnataka,69200.0,Salaried,OBC,No,No,No,Rural & Urban Livelihood Support
49,Female,Uttar Pradesh,149500.0,Self-Employed,General,Yes,No,No,Women & Child Development
40,Male,Maharashtra,306500.0,Salaried,OBC,Yes,No,No,Rural & Urban Livelihood Support
50,Female,Rajasthan,149600.0,Student,SC,Yes,Yes,No,Education & Scholarships
20,Male,Madhya Pradesh,103600.0,Self-Employed,ST,Yes,No,No,Skill Development & Entrepreneurship
35,Male,Uttar Pradesh,45500.0,Unemployed,OBC,Yes,No,No,Rural & Urban Livelihood Support
42,Male,Bihar,173800.0,Self-Employed,General,No,No,No,Skill Development & Entrepreneurship
59,Female,Madhya Pradesh,87000.0,Student,OBC,No,Yes,No,Education & Scholarships
48,Female,Maharashtra,201800.0,Self-Employed,General,Yes,No,No,Women & Child Development
71,Female,Rajasthan,710500.0,Self-Employed,OBC,Yes,No,No,Senior Citizen Pension & Healthcare
75,Female,Kerala,51200.0,Daily Wage Worker,OBC,Yes,No,No,Senior Citizen Pension & Healthcare
20,Female,Kerala,72900.0,Daily Wage Worker,ST,Yes,No,No,Women & Child Development
57,Female,Rajasthan,145300.0,Daily Wage Worker,OBC,Yes,No,No,Women & Child Development
63,Female,Madhya Pradesh,653000.0,Daily Wage Worker,General,Yes,No,No,Senior Citizen Pension & Healthcare
41,Male,Karnataka,296000.0,Farmer,ST,No,No,No,Agriculture & Farmer Welfare
67,Female,Madhya Pradesh,441300.0,Artisan,ST,Yes,No,No,Senior Citizen Pension & Healthcare
49,Female,West Bengal,103100.0,Daily Wage Worker,SC,Yes,No,No,Women & Child Development
64,Female,Madhya Pradesh,900000.0,Salaried,OBC,Yes,No,No,Senior Citizen Pension & Healthcare
39,Male,Karnataka,49500.0,Student,SC,Yes,Yes,No,Education & Scholarships
40,Male,Uttar Pradesh,39800.0,Self-Employed,OBC,No,No,No,Skill Development & Entrepreneurship
19,Male,Maharashtra,378300.0,Farmer,ST,Yes,No,No,Agriculture & Farmer Welfare
44,Male,Madhya Pradesh,501800.0,Farmer,SC,No,No,No,Agriculture & Farmer Welfare
59,Female,Maharashtra,47100.0,Self-Employed,SC,Yes,No,No,Women & Child Development
19,Male,Bihar,51700.0,Self-Employed,OBC,Yes,No,No,Skill Development & Entrepreneurship
43,Female,Kerala,36100.0,Student,General,No,Yes,No,Education & Scholarships
34,Female,Kerala,49900.0,Unemployed,SC,Yes,No,No,Women & Child Development
57,Male,Karnataka,72300.0,Unemployed,ST,Yes,No,No,Rural & Urban Livelihood Support
50,Male,Bihar,661600.0,Salaried,OBC,No,No,No,Rural & Urban Livelihood Support
26,Female,Kerala,228400.0,Farmer,ST,Yes,No,No,Agriculture & Farmer Welfare
60,Male,Karnataka,301400.0,Self-Employed,OBC,No,No,No,Senior Citizen Pension & Healthcare
71,Male,Madhya Pradesh,299400.0,Artisan,General,Yes,No,No,Senior Citizen Pension & Healthcare
65,Female,Bihar,167900.0,Farmer,SC,Yes,No,No,Senior Citizen Pension & Healthcare
56,Female,West Bengal,317500.0,Self-Employed,OBC,Yes,No,No,Women & Child Development
46,Female,West Bengal,193100.0,Unemployed,OBC,No,No,No,Women & Child Development
59,Female,West Bengal,98000.0,Student,SC,Yes,Yes,No,Rural & Urban Livelihood Support
72,Female,Uttar Pradesh,178200.0,Salaried,General,Yes,No,No,Senior Citizen Pension & Healthcare
43,Female,West Bengal,167300.0,Unemployed,OBC,Yes,No,No,Women & Child Development
52,Female,Bihar,342200.0,Daily Wage Worker,SC,Yes,No,No,Women & Child Development
67,Male,Tamil Nadu,750400.0,Daily Wage Worker,ST,Yes,No,No,Senior Citizen Pension & Healthcare
42,Male,Kerala,125300.0,Farmer,General,Yes,No,No,Agriculture & Farmer Welfare
41,Transgender,West Bengal,289400.0,Daily Wage Worker,OBC,No,No,No,Rural & Urban Livelihood Support
30,Female,Bihar,48900.0,Farmer,OBC,Yes,No,No,Agriculture & Farmer Welfare
75,Male,Gujarat,300000.0,Salaried,SC,Yes,No,No,Senior Citizen Pension & Healthcare
24,Male,Madhya Pradesh,113600.0,Student,General,Yes,Yes,No,Education & Scholarships
74,Male,Uttar Pradesh,37200.0,Farmer,General,Yes,No,No,Senior Citizen Pension & Healthcare
53,Female,Maharashtra,111200.0,Self-Employed,SC,No,No,No,Women & Child Development
62,Male,Karnataka,199800.0,Farmer,General,Yes,No,No,Senior Citizen Pension & Healthcare
37,Female,Gujarat,52900.0,Artisan,OBC,Yes,No,No,Women & Child Development
18,Female,Gujarat,493900.0,Artisan,ST,Yes,No,No,Women & Child Development
25,Male,Uttar Pradesh,44600.0,Unemployed,General,No,No,No,Rural & Urban Livelihood Support
63,Male,Karnataka,508700.0,Self-Employed,General,No,No,No,Senior Citizen Pension & Healthcare
33,Female,Uttar Pradesh,251000.0,Farmer,ST,Yes,No,No,Agriculture & Farmer Welfare
31,Male,West Bengal,102000.0,Farmer,ST,Yes,No,Yes,Social Welfare & Disability Support
29,Male,Maharashtra,119200.0,Artisan,General,Yes,No,No,Skill Development & Entrepreneurship
68,Male,Karnataka,273000.0,Self-Employed,OBC,Yes,No,No,Senior Citizen Pension & Healthcare
40,Male,Bihar,195600.0,Daily Wage Worker,EWS,Yes,No,No,Rural & Urban Livelihood Support
32,Female,Kerala,230500.0,Student,SC,No,Yes,No,Education & Scholarships
45,Transgender,Uttar Pradesh,118700.0,Farmer,General,Yes,No,No,Agriculture & Farmer Welfare
51,Male,Maharashtra,150400.0,Farmer,General,No,No,No,Agriculture & Farmer Welfare
19,Female,Madhya Pradesh,856600.0,Farmer,General,Yes,No,No,Agriculture & Farmer Welfare
49,Male,Tamil Nadu,73300.0,Farmer,ST,No,No,No,Agriculture & Farmer Welfare
40,Male,Madhya Pradesh,127400.0,Unemployed,General,Yes,No,No,Rural & Urban Livelihood Support
39,Male,Tamil Nadu,92100.0,Farmer,SC,Yes,No,No,Agriculture & Farmer Welfare
68,Male,Rajasthan,290800.0,Self-Employed,ST,No,No,No,Senior Citizen Pension & Healthcare
42,Male,Bihar,289900.0,Self-Employed,SC,Yes,No,No,Skill Development & Entrepreneurship
75,Male,Rajasthan,92300.0,Farmer,SC,Yes,No,No,Senior Citizen Pension & Healthcare
39,Male,Uttar Pradesh,45300.0,Daily Wage Worker,ST,No,No,No,Rural & Urban Livelihood Support
75,Male,Uttar Pradesh,32100.0,Self-Employed,General,Yes,No,No,Senior Citizen Pension & Healthcare
75,Female,Tamil Nadu,130400.0,Artisan,OBC,Yes,No,No,Senior Citizen Pension & Healthcare
39,Male,Karnataka,125100.0,Unemployed,ST,No,No,No,Rural & Urban Livelihood Support
66,Female,Maharashtra,832100.0,Farmer,General,No,No,No,Senior Citizen Pension & Healthcare
69,Male,West Bengal,144200.0,Salaried,OBC,No,No,No,Senior Citizen Pension & Healthcare
59,Male,Gujarat,83300.0,Self-Employed,OBC,Yes,No,No,Skill Development & Entrepreneurship
23,Male,Uttar Pradesh,429300.0,Self-Employed,OBC,No,No,No,Skill Development & Entrepreneurship
32,Male,Rajasthan,151600.0,Unemployed,SC,No,No,No,Rural & Urban Livelihood Support
71,Male,Rajasthan,194600.0,Unemployed,SC,No,No,No,Senior Citizen Pension & Healthcare
60,Female,Madhya Pradesh,48100.0,Self-Employed,OBC,No,No,No,Senior Citizen Pension & Healthcare
54,Male,Bihar,116900.0,Daily Wage Worker,ST,Yes,No,No,Rural & Urban Livelihood Support
50,Female,Tamil Nadu,549600.0,Artisan,OBC,Yes,No,No,Women & Child Development
25,Female,Gujarat,190300.0,Self-Employed,SC,No,No,No,Women & Child Development
70,Female,Tamil Nadu,106000.0,Student,General,No,Yes,No,Education & Scholarships
61,Male,Uttar Pradesh,206900.0,Student,SC,Yes,Yes,No,Education & Scholarships
61,Male,Kerala,464300.0,Unemployed,General,No,No,No,Senior Citizen Pension & Healthcare
22,Male,Gujarat,87600.0,Student,OBC,No,Yes,No,Education & Scholarships
56,Female,Madhya Pradesh,156600.0,Student,ST,No,Yes,No,Education & Scholarships
21,Female,Rajasthan,603600.0,Unemployed,OBC,No,No,No,Women & Child Development
23,Female,Madhya Pradesh,64100.0,Student,EWS,No,Yes,No,Education & Scholarships
62,Female,Uttar Pradesh,258900.0,Farmer,General,No,No,No,Senior Citizen Pension & Healthcare
49,Male,Kerala,201600.0,Self-Employed,General,No,No,No,Skill Development & Entrepreneurship
69,Female,West Bengal,234900.0,Self-Employed,General,Yes,No,No,Senior Citizen Pension & Healthcare
47,Female,Gujarat,107900.0,Daily Wage Worker,OBC,Yes,No,No,Women & Child Development
64,Female,Tamil Nadu,97800.0,Self-Employed,General,Yes,No,No,Senior Citizen Pension & Healthcare
52,Female,Gujarat,237500.0,Self-Employed,EWS,Yes,No,No,Women & Child Development
72,Female,Rajasthan,73700.0,Daily Wage Worker,OBC,Yes,No,No,Senior Citizen Pension & Healthcare
57,Female,Tamil Nadu,127900.0,Artisan,SC,No,No,No,Women & Child Development
69,Male,West Bengal,67500.0,Self-Employed,General,No,No,No,Senior Citizen Pension & Healthcare
33,Male,West Bengal,31500.0,Salaried,General,Yes,No,No,Rural & Urban Livelihood Support
30,Male,Bihar,661500.0,Artisan,OBC,No,No,No,Skill Development & Entrepreneurship
67,Transgender,Tamil Nadu,131700.0,Farmer,General,Yes,No,No,Senior Citizen Pension & Healthcare
59,Female,Maharashtra,657300.0,Student,EWS,Yes,Yes,No,Education & Scholarships
47,Male,Kerala,57200.0,Self-Employed,OBC,No,No,No,Skill Development & Entrepreneurship
36,Transgender,Maharashtra,189300.0,Student,General,Yes,Yes,No,Agriculture & Farmer Welfare
34,Female,West Bengal,70400.0,Self-Employed,General,No,No,No,Women & Child Development
73,Male,Tamil Nadu,311000.0,Unemployed,General,Yes,No,No,Senior Citizen Pension & Healthcare
36,Female,Bihar,305600.0,Self-Employed,General,Yes,No,No,Women & Child Development
45,Female,Gujarat,51500.0,Farmer,General,No,No,No,Agriculture & Farmer Welfare
75,Female,Gujarat,467600.0,Unemployed,OBC,Yes,No,No,Senior Citizen Pension & Healthcare
72,Male,Gujarat,69000.0,Farmer,ST,No,No,No,Senior Citizen Pension & Healthcare
43,Male,Bihar,200900.0,Daily Wage Worker,SC,Yes,No,No,Rural & Urban Livelihood Support
54,Male,Uttar Pradesh,793700.0,Self-Employed,OBC,Yes,No,No,Skill Development & Entrepreneurship
43,Female,Tamil Nadu,415300.0,Student,General,No,Yes,No,Education & Scholarships
70,Female,Maharashtra,594600.0,Salaried,SC,No,No,No,Senior Citizen Pension & Healthcare
40,Female,Kerala,105500.0,Farmer,EWS,Yes,No,No,Agriculture & Farmer Welfare
26,Female,West Bengal,50100.0,Salaried,EWS,Yes,No,No,Women & Child Development
29,Male,Kerala,67600.0,Student,ST,No,Yes,Yes,Social Welfare & Disability Support
70,Female,West Bengal,154900.0,Farmer,OBC,Yes,No,No,Senior Citizen Pension & Healthcare
18,Male,Tamil Nadu,313700.0,Farmer,ST,Yes,No,No,Agriculture & Farmer Welfare
75,Male,Tamil Nadu,59300.0,Student,ST,No,Yes,No,Education & Scholarships
75,Female,Madhya Pradesh,224000.0,Daily Wage Worker,OBC,Yes,No,No,Senior Citizen Pension & Healthcare
18,Male,Maharashtra,100400.0,Daily Wage Worker,General,Yes,No,No,Rural & Urban Livelihood Support
64,Female,Rajasthan,105100.0,Unemployed,General,Yes,No,No,Senior Citizen Pension & Healthcare
51,Female,West Bengal,225200.0,Farmer,General,No,No,No,Agriculture & Farmer Welfare
49,Female,Karnataka,143300.0,Artisan,OBC,Yes,No,No,Women & Child Development
71,Male,Rajasthan,330900.0,Self-Employed,OBC,No,No,No,Senior Citizen Pension & Healthcare
65,Female,Gujarat,60500.0,Artisan,OBC,Yes,No,No,Senior Citizen Pension & Healthcare
42,Male,Kerala,310900.0,Daily Wage Worker,General,Yes,No,No,Agriculture & Farmer Welfare
57,Male,Tamil Nadu,42000.0,Self-Employed,OBC,Yes,No,No,Skill Development & Entrepreneurship
62,Female,Karnataka,68800.0,Student,SC,Yes,Yes,No,Education & Scholarships
70,Male,West Bengal,222200.0,Unemployed,OBC,Yes,No,No,Senior Citizen Pension & Healthcare
18,Male,Uttar Pradesh,377500.0,Daily Wage Worker,ST,Yes,No,No,Rural & Urban Livelihood Support
33,Female,West Bengal,82400.0,Self-Employed,ST,No,No,No,Women & Child Development
56,Female,Kerala,101300.0,Student,ST,No,Yes,No,Education & Scholarships
22,Male,West Bengal,168700.0,Farmer,SC,Yes,No,No,Agriculture & Farmer Welfare
39,Female,West Bengal,72800.0,Farmer,OBC,No,No,No,Agriculture & Farmer Welfare
46,Male,Bihar,330000.0,Farmer,General,No,No,No,Agriculture & Farmer Welfare
72,Female,Maharashtra,297400.0,Farmer,OBC,Yes,No,No,Agriculture & Farmer Welfare
20,Female,Rajasthan,58300.0,Unemployed,EWS,Yes,No,No,Women & Child Development
29,Female,Uttar Pradesh,142200.0,Self-Employed,OBC,No,No,No,Women & Child Development
43,Female,Tamil Nadu,298400.0,Self-Employed,General,Yes,No,No,Women & Child Development
33,Male,West Bengal,104100.0,Farmer,SC,Yes,No,No,Agriculture & Farmer Welfare
68,Female,Uttar Pradesh,210500.0,Salaried,ST,Yes,No,No,Senior Citizen Pension & Healthcare
54,Male,Madhya Pradesh,39300.0,Farmer,SC,Yes,No,No,Agriculture & Farmer Welfare
39,Male,West Bengal,198900.0,Unemployed,SC,No,No,No,Rural & Urban Livelihood Support
74,Male,Bihar,59800.0,Salaried,General,No,No,No,Senior Citizen Pension & Healthcare
46,Male,Bihar,349600.0,Daily Wage Worker,General,Yes,No,Yes,Social Welfare & Disability Support
31,Female,Karnataka,109100.0,Salaried,OBC,No,No,No,Women & Child Development
45,Female,Gujarat,89500.0,Self-Employed,ST,Yes,No,No,Women & Child Development
22,Male,Kerala,360900.0,Farmer,General,No,Yes,No,Education & Scholarships
64,Female,Rajasthan,39300.0,Farmer,OBC,Yes,No,No,Senior Citizen Pension & Healthcare
66,Male,Madhya Pradesh,120900.0,Farmer,ST,Yes,No,No,Senior Citizen Pension & Healthcare
47,Female,Kerala,113200.0,Student,General,Yes,Yes,No,Education & Scholarships
63,Male,Kerala,90300.0,Daily Wage Worker,ST,Yes,No,No,Senior Citizen Pension & Healthcare
69,Male,Karnataka,467000.0,Farmer,ST,Yes,No,No,Senior Citizen Pension & Healthcare
22,Male,Bihar,280200.0,Unemployed,SC,Yes,No,No,Rural & Urban Livelihood Support
29,Male,Maharashtra,41900.0,Farmer,OBC,Yes,No,No,Agriculture & Farmer Welfare
33,Male,Uttar Pradesh,255800.0,Artisan,OBC,Yes,No,No,Skill Development & Entrepreneurship
43,Male,Tamil Nadu,164900.0,Salaried,ST,No,No,No,Rural & Urban Livelihood Support
43,Male,Maharashtra,446000.0,Farmer,ST,Yes,No,No,Agriculture & Farmer Welfare
65,Female,Maharashtra,97600.0,Daily Wage Worker,General,No,No,No,Senior Citizen Pension & Healthcare
38,Female,Gujarat,183700.0,Daily Wage Worker,General,No,No,No,Women & Child Development
56,Female,Gujarat,155000.0,Farmer,OBC,Yes,No,No,Agriculture & Farmer Welfare
53,Male,Maharashtra,151000.0,Self-Employed,EWS,Yes,No,No,Skill Development & Entrepreneurship
50,Female,Bihar,139600.0,Farmer,OBC,No,No,Yes,Social Welfare & Disability Support
47,Male,Kerala,71400.0,Daily Wage Worker,OBC,Yes,No,No,Rural & Urban Livelihood Support
54,Male,Uttar Pradesh,283700.0,Self-Employed,SC,No,No,No,Skill Development & Entrepreneurship
40,Male,Kerala,138000.0,Artisan,OBC,No,No,No,Skill Development & Entrepreneurship
75,Male,Kerala,602800.0,Daily Wage Worker,ST,Yes,No,No,Senior Citizen Pension & Healthcare
27,Female,Kerala,84400.0,Farmer,OBC,Yes,No,No,Agriculture & Farmer Welfare
71,Male,Uttar Pradesh,236600.0,Daily Wage Worker,OBC,Yes,No,No,Senior Citizen Pension & Healthcare
22,Male,Uttar Pradesh,538600.0,Unemployed,General,No,No,No,Rural & Urban Livelihood Support
53,Female,Karnataka,226000.0,Unemployed,General,No,No,No,Women & Child Development
51,Female,Rajasthan,399000.0,Unemployed,OBC,No,No,No,Women & Child Development
69,Male,Maharashtra,346300.0,Artisan,General,Yes,No,No,Senior Citizen Pension & Healthcare
48,Male,West Bengal,110400.0,Salaried,General,Yes,No,Yes,Social Welfare & Disability Support
27,Female,Karnataka,195000.0,Farmer,ST,Yes,No,No,Agriculture & Farmer Welfare
75,Male,Karnataka,60600.0,Self-Employed,OBC,No,No,No,Senior Citizen Pension & Healthcare
36,Male,Tamil Nadu,168000.0,Student,EWS,Yes,Yes,No,Education & Scholarships
75,Female,West Bengal,77100.0,Salaried,General,Yes,No,No,Senior Citizen Pension & Healthcare
49,Transgender,Gujarat,275100.0,Daily Wage Worker,OBC,No,No,No,Rural & Urban Livelihood Support
18,Male,Tamil Nadu,165200.0,Daily Wage Worker,OBC,Yes,Yes,No,Education & Scholarships
73,Male,Gujarat,125300.0,Student,General,Yes,Yes,No,Education & Scholarships
22,Male,Rajasthan,86400.0,Daily Wage Worker,OBC,Yes,No,No,Rural & Urban Livelihood Support
62,Female,Madhya Pradesh,1226000.0,Daily Wage Worker,OBC,Yes,No,No,Senior Citizen Pension & Healthcare
21,Female,Gujarat,43400.0,Daily Wage Worker,OBC,No,No,No,Women & Child Development
33,Female,Kerala,38000.0,Farmer,General,Yes,No,No,Agriculture & Farmer Welfare
41,Female,Gujarat,74100.0,Artisan,General,Yes,No,No,Women & Child Development
33,Female,West Bengal,667700.0,Student,OBC,Yes,Yes,No,Education & Scholarships
72,Male,Uttar Pradesh,727400.0,Artisan,General,Yes,No,No,Senior Citizen Pension & Healthcare
19,Male,West Bengal,221500.0,Farmer,SC,Yes,No,No,Agriculture & Farmer Welfare
66,Male,Rajasthan,411800.0,Farmer,OBC,Yes,No,No,Senior Citizen Pension & Healthcare
45,Male,Karnataka,73300.0,Student,ST,Yes,Yes,No,Education & Scholarships
49,Male,Kerala,673900.0,Farmer,General,Yes,No,No,Agriculture & Farmer Welfare
44,Female,Madhya Pradesh,57700.0,Student,EWS,No,Yes,Yes,Social Welfare & Disability Support
37,Female,Rajasthan,49200.0,Salaried,OBC,Yes,No,No,Agriculture & Farmer Welfare
41,Male,Karnataka,51400.0,Self-Employed,EWS,No,No,Yes,Social Welfare & Disability Support
29,Male,Bihar,183200.0,Farmer,General,Yes,No,No,Agriculture & Farmer Welfare
67,Female,West Bengal,303300.0,Self-Employed,General,Yes,No,No,Senior Citizen Pension & Healthcare
52,Male,Rajasthan,112200.0,Self-Employed,General,No,No,No,Skill Development & Entrepreneurship
50,Female,West Bengal,716200.0,Salaried,OBC,Yes,No,No,Women & Child Development
50,Male,Madhya Pradesh,132600.0,Student,ST,Yes,Yes,No,Education & Scholarships
68,Male,Karnataka,59300.0,Farmer,General,Yes,No,No,Senior Citizen Pension & Healthcare
60,Male,West Bengal,142900.0,Salaried,OBC,Yes,No,No,Senior Citizen Pension & Healthcare
54,Male,Uttar Pradesh,234600.0,Farmer,OBC,Yes,No,No,Agriculture & Farmer Welfare
29,Male,Gujarat,351300.0,Student,OBC,Yes,Yes,No,Education & Scholarships
20,Male,Tamil Nadu,140500.0,Student,General,No,Yes,No,Senior Citizen Pension & Healthcare
18,Male,Madhya Pradesh,192100.0,Student,General,No,Yes,No,Education & Scholarships
50,Male,Tamil Nadu,86000.0,Salaried,General,No,No,No,Rural & Urban Livelihood Support
57,Male,Maharashtra,216900.0,Farmer,OBC,Yes,No,No,Agriculture & Farmer Welfare
27,Female,Gujarat,798000.0,Salaried,General,Yes,No,No,Women & Child Development
60,Female,Madhya Pradesh,39100.0,Salaried,General,No,No,No,Senior Citizen Pension & Healthcare
61,Male,Rajasthan,421700.0,Self-Employed,OBC,Yes,No,No,Senior Citizen Pension & Healthcare
46,Female,Uttar Pradesh,178700.0,Student,OBC,No,Yes,No,Education & Scholarships
30,Female,Rajasthan,82300.0,Student,OBC,Yes,Yes,No,Education & Scholarships
29,Male,Bihar,587800.0,Artisan,ST,Yes,No,No,Skill Development & Entrepreneurship
48,Male,Maharashtra,148900.0,Artisan,SC,No,No,No,Skill Development & Entrepreneurship
63,Male,Uttar Pradesh,102500.0,Self-Employed,EWS,No,No,No,Senior Citizen Pension & Healthcare
19,Female,West Bengal,66100.0,Artisan,OBC,No,No,No,Women & Child Development
68,Female,West Bengal,80500.0,Salaried,ST,No,No,No,Senior Citizen Pension & Healthcare
67,Female,Kerala,352000.0,Self-Employed,General,No,No,No,Senior Citizen Pension & Healthcare
52,Female,West Bengal,201500.0,Daily Wage Worker,General,Yes,No,No,Women & Child Development
40,Female,Karnataka,470000.0,Salaried,OBC,No,No,No,Women & Child Development
34,Female,Maharashtra,77500.0,Student,SC,No,Yes,No,Education & Scholarships
43,Male,Karnataka,53200.0,Farmer,ST,Yes,No,No,Agriculture & Farmer Welfare
25,Male,Gujarat,31100.0,Student,OBC,Yes,Yes,No,Education & Scholarships
46,Female,Kerala,157600.0,Student,OBC,No,Yes,No,Education & Scholarships
43,Female,Kerala,1178600.0,Self-Employed,SC,Yes,No,No,Women & Child Development
27,Male,West Bengal,243700.0,Farmer,EWS,Yes,No,No,Agriculture & Farmer Welfare
43,Female,Uttar Pradesh,96400.0,Artisan,SC,Yes,No,No,Women & Child Development
51,Male,Gujarat,407000.0,Salaried,OBC,Yes,No,No,Rural & Urban Livelihood Support
68,Female,Bihar,304000.0,Student,General,Yes,Yes,No,Education & Scholarships
58,Female,Maharashtra,32800.0,Self-Employed,General,No,No,No,Women & Child Development
24,Female,Maharashtra,335600.0,Student,ST,No,Yes,No,Education & Scholarships
21,Female,Madhya Pradesh,94300.0,Farmer,SC,Yes,No,No,Agriculture & Farmer Welfare
75,Male,Rajasthan,59200.0,Self-Employed,General,No,No,No,Senior Citizen Pension & Healthcare
70,Male,West Bengal,76200.0,Salaried,OBC,Yes,No,No,Senior Citizen Pension & Healthcare
67,Male,Madhya Pradesh,143800.0,Farmer,ST,Yes,No,No,Senior Citizen Pension & Healthcare
62,Female,Bihar,129600.0,Student,General,Yes,Yes,No,Education & Scholarships
28,Male,Kerala,91400.0,Farmer,EWS,No,No,No,Agriculture & Farmer Welfare
46,Male,Tamil Nadu,64000.0,Student,General,Yes,Yes,No,Education & Scholarships
73,Male,Bihar,288600.0,Farmer,SC,Yes,No,No,Senior Citizen Pension & Healthcare
53,Female,Bihar,860900.0,Self-Employed,SC,Yes,No,No,Women & Child Development
42,Female,Uttar Pradesh,300700.0,Student,OBC,No,Yes,No,Education & Scholarships
38,Male,Uttar Pradesh,93200.0,Artisan,EWS,No,No,No,Skill Development & Entrepreneurship
74,Male,Uttar Pradesh,80500.0,Self-Employed,OBC,Yes,No,No,Senior Citizen Pension & Healthcare
53,Female,Uttar Pradesh,74200.0,Artisan,SC,Yes,No,No,Women & Child Development
27,Female,Rajasthan,56500.0,Student,EWS,No,Yes,No,Education & Scholarships
54,Male,West Bengal,174300.0,Salaried,OBC,No,No,No,Rural & Urban Livelihood Support
26,Male,Maharashtra,197400.0,Farmer,General,Yes,No,No,Agriculture & Farmer Welfare
41,Female,West Bengal,250000.0,Daily Wage Worker,General,No,No,No,Women & Child Development
52,Male,West Bengal,235200.0,Farmer,SC,No,No,No,Agriculture & Farmer Welfare
66,Male,Maharashtra,92200.0,Artisan,ST,Yes,No,No,Senior Citizen Pension & Healthcare
52,Male,Uttar Pradesh,102200.0,Farmer,General,Yes,No,No,Agriculture & Farmer Welfare
65,Male,West Bengal,236000.0,Farmer,SC,Yes,No,No,Senior Citizen Pension & Healthcare
53,Female,Rajasthan,107400.0,Student,OBC,No,Yes,No,Education & Scholarships
35,Male,Uttar Pradesh,73000.0,Farmer,OBC,Yes,No,No,Agriculture & Farmer Welfare
66,Female,Rajasthan,114400.0,Salaried,General,Yes,No,No,Senior Citizen Pension & Healthcare
56,Male,Madhya Pradesh,87200.0,Daily Wage Worker,SC,No,No,No,Rural & Urban Livelihood Support
49,Male,West Bengal,46600.0,Student,OBC,No,Yes,No,Education & Scholarships
41,Female,Karnataka,349100.0,Self-Employed,SC,Yes,No,No,Women & Child Development
40,Male,Rajasthan,375300.0,Salaried,General,Yes,No,No,Rural & Urban Livelihood Support
49,Male,Madhya Pradesh,74700.0,Daily Wage Worker,SC,Yes,No,No,Rural & Urban Livelihood Support
54,Female,Gujarat,42100.0,Student,OBC,No,Yes,No,Education & Scholarships
29,Male,Gujarat,271700.0,Unemployed,SC,No,No,No,Rural & Urban Livelihood Support
66,Male,Madhya Pradesh,72800.0,Farmer,General,Yes,No,No,Senior Citizen Pension & Healthcare
72,Male,Kerala,120000.0,Artisan,EWS,Yes,No,No,Senior Citizen Pension & Healthcare
30,Female,Kerala,41900.0,Self-Employed,SC,No,No,No,Women & Child Development
40,Female,Uttar Pradesh,76200.0,Unemployed,SC,Yes,No,No,Women & Child Development
42,Female,Kerala,313400.0,Salaried,ST,Yes,No,No,Women & Child Development
52,Male,Gujarat,323700.0,Salaried,SC,Yes,No,Yes,Social Welfare & Disability Support
58,Female,Kerala,71800.0,Student,OBC,No,Yes,No,Education & Scholarships
47,Male,Karnataka,103700.0,Salaried,ST,Yes,No,No,Rural & Urban Livelihood Support
34,Female,Gujarat,55900.0,Student,SC,Yes,Yes,No,Education & Scholarships
66,Male,Rajasthan,43900.0,Farmer,General,Yes,No,No,Senior Citizen Pension & Healthcare
37,Female,Bihar,903000.0,Self-Employed,SC,No,No,Yes,Women & Child Development
65,Female,Kerala,221900.0,Artisan,ST,Yes,No,No,Senior Citizen Pension & Healthcare
42,Female,Kerala,170600.0,Self-Employed,EWS,Yes,No,No,Women & Child Development
39,Female,West Bengal,291100.0,Artisan,EWS,No,No,No,Women & Child Development
30,Male,Maharashtra,360000.0,Salaried,OBC,No,No,No,Rural & Urban Livelihood Support
36,Male,Karnataka,325800.0,Farmer,General,No,No,No,Agriculture & Farmer Welfare
66,Male,Gujarat,33000.0,Farmer,OBC,Yes,No,No,Senior Citizen Pension & Healthcare
53,Male,Gujarat,67200.0,Salaried,OBC,No,No,No,Rural & Urban Livelihood Support
29,Male,Tamil Nadu,221500.0,Student,ST,Yes,Yes,No,Education & Scholarships
58,Male,Maharashtra,114800.0,Self-Employed,OBC,Yes,No,Yes,Social Welfare & Disability Support
36,Male,Kerala,758000.0,Daily Wage Worker,General,Yes,No,No,Rural & Urban Livelihood Support
29,Male,Madhya Pradesh,227100.0,Self-Employed,SC,Yes,No,No,Skill Development & Entrepreneurship
26,Female,West Bengal,594500.0,Daily Wage Worker,SC,Yes,No,No,Women & Child Development
24,Male,Rajasthan,70500.0,Student,OBC,Yes,Yes,No,Education & Scholarships
45,Female,West Bengal,389100.0,Unemployed,OBC,No,No,No,Women & Child Development
31,Male,Kerala,99800.0,Student,General,Yes,Yes,No,Education & Scholarships
48,Male,Tamil Nadu,851300.0,Artisan,OBC,Yes,No,No,Skill Development & Entrepreneurship
69,Female,Bihar,60900.0,Student,EWS,Yes,Yes,No,Education & Scholarships
36,Female,Gujarat,160700.0,Self-Employed,SC,No,No,No,Women & Child Development
75,Male,Rajasthan,313400.0,Daily Wage Worker,General,Yes,No,No,Senior Citizen Pension & Healthcare
64,Male,Maharashtra,132000.0,Salaried,ST,Yes,No,No,Senior Citizen Pension & Healthcare
33,Female,Kerala,143600.0,Daily Wage Worker,OBC,Yes,No,No,Women & Child Development
70,Male,Karnataka,803000.0,Self-Employed,SC,No,No,No,Senior Citizen Pension & Healthcare
22,Male,Madhya Pradesh,129700.0,Salaried,OBC,Yes,No,No,Rural & Urban Livelihood Support
52,Male,West Bengal,196800.0,Artisan,SC,Yes,No,No,Skill Development & Entrepreneurship
29,Male,Tamil Nadu,40100.0,Self-Employed,General,Yes,No,No,Skill Development & Entrepreneurship
42,Male,Bihar,362400.0,Self-Employed,OBC,No,No,No,Skill Development & Entrepreneurship
69,Female,Uttar Pradesh,218000.0,Artisan,OBC,Yes,No,No,Senior Citizen Pension & Healthcare
38,Male,Madhya Pradesh,123200.0,Unemployed,General,No,No,No,Rural & Urban Livelihood Support
53,Male,Kerala,32900.0,Farmer,SC,Yes,No,No,Agriculture & Farmer Welfare
70,Female,Bihar,191200.0,Self-Employed,OBC,No,No,No,Senior Citizen Pension & Healthcare
40,Female,Madhya Pradesh,32300.0,Daily Wage Worker,General,Yes,No,No,Women & Child Development
33,Female,Madhya Pradesh,30200.0,Salaried,SC,No,No,Yes,Social Welfare & Disability Support
74,Male,Gujarat,202300.0,Salaried,General,Yes,No,No,Senior Citizen Pension & Healthcare
56,Male,Madhya Pradesh,67700.0,Self-Employed,SC,Yes,No,No,Skill Development & Entrepreneurship
62,Male,Karnataka,68300.0,Self-Employed,OBC,Yes,No,No,Senior Citizen Pension & Healthcare
70,Male,Bihar,220700.0,Farmer,General,Yes,No,No,Senior Citizen Pension & Healthcare
59,Male,Kerala,39900.0,Artisan,EWS,No,No,No,Skill Development & Entrepreneurship
75,Female,Kerala,97700.0,Salaried,General,Yes,No,No,Senior Citizen Pension & Healthcare
56,Female,Karnataka,59100.0,Salaried,General,No,No,No,Women & Child Development
31,Female,Maharashtra,186200.0,Salaried,SC,Yes,No,No,Women & Child Development
48,Female,Bihar,225100.0,Student,OBC,No,Yes,No,Education & Scholarships
75,Male,Madhya Pradesh,259900.0,Unemployed,SC,Yes,No,No,Senior Citizen Pension & Healthcare
22,Male,Tamil Nadu,83000.0,Salaried,ST,Yes,Yes,No,Education & Scholarships
52,Female,Rajasthan,46800.0,Farmer,OBC,Yes,No,No,Agriculture & Farmer Welfare
40,Male,Bihar,44800.0,Self-Employed,ST,No,No,No,Skill Development & Entrepreneurship
46,Male,Uttar Pradesh,130000.0,Daily Wage Worker,OBC,No,No,No,Rural & Urban Livelihood Support
60,Female,Tamil Nadu,554900.0,Self-Employed,General,Yes,No,No,Senior Citizen Pension & Healthcare
28,Female,Karnataka,74200.0,Salaried,ST,Yes,No,No,Women & Child Development
35,Female,Madhya Pradesh,83400.0,Artisan,SC,Yes,No,No,Women & Child Development
64,Female,Maharashtra,49100.0,Daily Wage Worker,ST,Yes,No,No,Senior Citizen Pension & Healthcare
29,Male,Uttar Pradesh,197500.0,Unemployed,EWS,Yes,No,No,Rural & Urban Livelihood Support
26,Female,Maharashtra,235000.0,Artisan,General,Yes,No,No,Women & Child Development
27,Female,Maharashtra,215400.0,Unemployed,General,Yes,No,No,Women & Child Development
75,Male,West Bengal,385400.0,Self-Employed,General,No,No,No,Senior Citizen Pension & Healthcare
61,Transgender,Gujarat,149900.0,Artisan,OBC,No,No,No,Senior Citizen Pension & Healthcare
34,Female,Uttar Pradesh,56000.0,Student,General,Yes,Yes,No,Education & Scholarships
55,Female,Rajasthan,91500.0,Farmer,SC,No,No,No,Agriculture & Farmer Welfare
24,Female,Gujarat,225500.0,Daily Wage Worker,General,Yes,No,No,Women & Child Development
63,Female,Uttar Pradesh,200900.0,Salaried,SC,No,No,No,Senior Citizen Pension & Healthcare
30,Female,Maharashtra,166300.0,Farmer,SC,Yes,No,No,Agriculture & Farmer Welfare
57,Male,Gujarat,236800.0,Farmer,OBC,No,No,No,Agriculture & Farmer Welfare
59,Female,Uttar Pradesh,212600.0,Student,General,Yes,Yes,No,Education & Scholarships
26,Female,Rajasthan,413600.0,Daily Wage Worker,General,Yes,No,No,Women & Child Development
67,Male,Tamil Nadu,188700.0,Salaried,General,No,No,No,Senior Citizen Pension & Healthcare
44,Female,Bihar,301400.0,Self-Employed,SC,Yes,No,No,Women & Child Development
75,Female,Madhya Pradesh,81500.0,Self-Employed,General,Yes,No,No,Senior Citizen Pension & Healthcare
19,Female,Uttar Pradesh,234100.0,Self-Employed,ST,Yes,No,No,Women & Child Development
22,Male,Rajasthan,448500.0,Student,SC,No,Yes,No,Education & Scholarships
46,Female,Bihar,117700.0,Daily Wage Worker,General,Yes,No,No,Women & Child Development
54,Male,Gujarat,301800.0,Self-Employed,SC,Yes,No,No,Skill Development & Entrepreneurship
55,Male,Uttar Pradesh,262200.0,Daily Wage Worker,OBC,Yes,No,No,Rural & Urban Livelihood Support
36,Female,Uttar Pradesh,41000.0,Salaried,OBC,No,No,No,Women & Child Development
25,Transgender,Karnataka,186800.0,Unemployed,OBC,Yes,No,No,Rural & Urban Livelihood Support
65,Female,Uttar Pradesh,55100.0,Unemployed,General,No,No,No,Senior Citizen Pension & Healthcare
62,Female,Madhya Pradesh,645800.0,Salaried,OBC,Yes,No,No,Senior Citizen Pension & Healthcare
18,Male,Karnataka,330300.0,Salaried,EWS,Yes,No,No,Rural & Urban Livelihood Support
39,Male,Bihar,50900.0,Self-Employed,General,Yes,No,No,Skill Development & Entrepreneurship
69,Male,Gujarat,53400.0,Student,SC,Yes,Yes,No,Education & Scholarships
34,Female,Gujarat,192500.0,Artisan,OBC,No,No,No,Women & Child Development
24,Female,Kerala,106100.0,Unemployed,OBC,Yes,No,No,Women & Child Development
42,Male,Kerala,36400.0,Student,OBC,No,Yes,No,Education & Scholarships
62,Female,Bihar,170400.0,Student,SC,Yes,Yes,No,Education & Scholarships
21,Female,West Bengal,118300.0,Student,General,Yes,Yes,No,Education & Scholarships
53,Female,Rajasthan,49200.0,Daily Wage Worker,General,Yes,No,No,Women & Child Development
23,Female,West Bengal,321400.0,Self-Employed,General,No,No,No,Women & Child Development
48,Male,Rajasthan,473900.0,Farmer,SC,No,No,No,Agriculture & Farmer Welfare
36,Female,Karnataka,284300.0,Student,OBC,Yes,Yes,No,Education & Scholarships
61,Transgender,Bihar,341100.0,Daily Wage Worker,SC,No,No,No,Senior Citizen Pension & Healthcare
71,Female,Rajasthan,73900.0,Farmer,General,Yes,No,No,Senior Citizen Pension & Healthcare
56,Male,Kerala,85100.0,Farmer,SC,No,No,Yes,Social Welfare & Disability Support
44,Female,Kerala,72100.0,Self-Employed,OBC,No,No,No,Women & Child Development
27,Female,Maharashtra,290700.0,Self-Employed,General,No,No,No,Women & Child Development
43,Female,Rajasthan,561900.0,Farmer,OBC,No,No,No,Agriculture & Farmer Welfare
36,Female,Bihar,257100.0,Self-Employed,EWS,No,No,No,Women & Child Development
56,Male,Tamil Nadu,413900.0,Farmer,General,No,No,No,Agriculture & Farmer Welfare
20,Transgender,Karnataka,213200.0,Unemployed,EWS,Yes,Yes,No,Education & Scholarships
62,Male,Uttar Pradesh,118300.0,Farmer,General,Yes,No,No,Senior Citizen Pension & Healthcare
30,Female,Uttar Pradesh,129800.0,Student,OBC,No,Yes,No,Education & Scholarships
67,Female,Rajasthan,44100.0,Unemployed,General,No,No,No,Senior Citizen Pension & Healthcare
45,Female,West Bengal,35800.0,Daily Wage Worker,OBC,Yes,No,No,Women & Child Development
75,Male,Karnataka,244000.0,Farmer,ST,Yes,No,No,Senior Citizen Pension & Healthcare
37,Male,Gujarat,133900.0,Student,SC,No,Yes,No,Education & Scholarships
45,Male,Madhya Pradesh,174600.0,Unemployed,SC,No,No,No,Rural & Urban Livelihood Support
25,Female,Uttar Pradesh,176800.0,Daily Wage Worker,General,Yes,No,No,Women & Child Development
58,Male,Kerala,88500.0,Farmer,General,Yes,No,No,Agriculture & Farmer Welfare
56,Female,Karnataka,146300.0,Self-Employed,EWS,Yes,No,No,Women & Child Development
18,Male,West Bengal,144500.0,Student,OBC,Yes,Yes,No,Education & Scholarships
20,Male,Bihar,118500.0,Self-Employed,SC,No,No,No,Skill Development & Entrepreneurship
30,Male,West Bengal,339300.0,Student,General,No,Yes,No,Education & Scholarships
45,Male,Karnataka,138000.0,Farmer,EWS,Yes,No,No,Agriculture & Farmer Welfare
74,Female,Gujarat,196600.0,Student,SC,Yes,Yes,No,Education & Scholarships
66,Male,Uttar Pradesh,436600.0,Artisan,EWS,No,No,No,Senior Citizen Pension & Healthcare
42,Female,Kerala,392100.0,Artisan,General,Yes,No,No,Women & Child Development
73,Male,Tamil Nadu,428000.0,Artisan,OBC,Yes,No,No,Agriculture & Farmer Welfare
50,Female,Bihar,86600.0,Student,General,No,Yes,No,Education & Scholarships
55,Male,Kerala,36400.0,Farmer,SC,No,No,No,Agriculture & Farmer Welfare
70,Male,Gujarat,84500.0,Daily Wage Worker,SC,Yes,No,No,Senior Citizen Pension & Healthcare
23,Male,Madhya Pradesh,88800.0,Farmer,OBC,No,No,No,Agriculture & Farmer Welfare
75,Male,Gujarat,462200.0,Daily Wage Worker,General,Yes,No,No,Senior Citizen Pension & Healthcare
61,Male,Gujarat,218600.0,Farmer,OBC,Yes,No,No,Senior Citizen Pension & Healthcare
62,Male,Uttar Pradesh,45300.0,Artisan,ST,Yes,No,No,Senior Citizen Pension & Healthcare
49,Male,Karnataka,56200.0,Self-Employed,OBC,Yes,No,No,Skill Development & Entrepreneurship
62,Male,Karnataka,60500.0,Salaried,SC,Yes,No,No,Senior Citizen Pension & Healthcare
64,Female,Kerala,209200.0,Student,OBC,Yes,Yes,No,Education & Scholarships
38,Male,Madhya Pradesh,269300.0,Student,OBC,No,Yes,No,Education & Scholarships
33,Male,Madhya Pradesh,383400.0,Self-Employed,EWS,No,No,No,Skill Development & Entrepreneurship
71,Male,West Bengal,538300.0,Salaried,OBC,Yes,No,No,Senior Citizen Pension & Healthcare
38,Female,Tamil Nadu,70500.0,Salaried,OBC,Yes,No,No,Women & Child Development
28,Female,Gujarat,96700.0,Artisan,OBC,Yes,No,No,Women & Child Development
54,Male,Tamil Nadu,79500.0,Artisan,General,Yes,No,No,Skill Development & Entrepreneurship
53,Female,Maharashtra,110000.0,Self-Employed,General,Yes,No,No,Women & Child Development
52,Male,Rajasthan,473000.0,Self-Employed,OBC,No,No,No,Skill Development & Entrepreneurship
36,Male,Gujarat,184100.0,Self-Employed,SC,Yes,No,No,Skill Development & Entrepreneurship
37,Female,Tamil Nadu,271200.0,Unemployed,OBC,Yes,No,No,Women & Child Development
74,Male,Uttar Pradesh,151200.0,Daily Wage Worker,ST,Yes,No,Yes,Social Welfare & Disability Support
35,Male,Rajasthan,35300.0,Artisan,SC,Yes,No,No,Skill Development & Entrepreneurship
64,Male,Madhya Pradesh,41900.0,Artisan,EWS,No,No,No,Senior Citizen Pension & Healthcare
58,Male,Gujarat,169000.0,Self-Employed,ST,Yes,No,No,Skill Development & Entrepreneurship
66,Female,Gujarat,258400.0,Artisan,OBC,Yes,No,No,Senior Citizen Pension & Healthcare
31,Male,Madhya Pradesh,73600.0,Artisan,General,No,No,No,Skill Development & Entrepreneurship
32,Female,West Bengal,260400.0,Student,SC,Yes,Yes,No,Education & Scholarships
48,Male,Uttar Pradesh,329600.0,Student,OBC,Yes,Yes,No,Education & Scholarships
18,Male,Gujarat,125600.0,Artisan,OBC,No,No,Yes,Social Welfare & Disability Support
70,Female,Tamil Nadu,277000.0,Unemployed,OBC,No,No,No,Senior Citizen Pension & Healthcare
71,Male,Gujarat,123200.0,Farmer,General,Yes,No,Yes,Social Welfare & Disability Support
71,Male,Rajasthan,234200.0,Self-Employed,General,Yes,No,No,Senior Citizen Pension & Healthcare
20,Female,Gujarat,289900.0,Farmer,OBC,No,No,No,Skill Development & Entrepreneurship
33,Transgender,Tamil Nadu,897500.0,Student,OBC,Yes,Yes,No,Education & Scholarships
40,Female,Bihar,106300.0,Salaried,SC,Yes,No,No,Women & Child Development
74,Female,Rajasthan,125300.0,Unemployed,OBC,Yes,No,No,Senior Citizen Pension & Healthcare
28,Male,Kerala,62600.0,Student,EWS,Yes,Yes,No,Education & Scholarships
29,Male,Kerala,71100.0,Daily Wage Worker,OBC,Yes,No,No,Rural & Urban Livelihood Support
27,Male,Rajasthan,242800.0,Farmer,SC,Yes,No,No,Agriculture & Farmer Welfare
49,Male,Uttar Pradesh,478100.0,Salaried,General,No,No,No,Rural & Urban Livelihood Support
33,Male,Bihar,120300.0,Farmer,OBC,Yes,No,No,Agriculture & Farmer Welfare
25,Male,Rajasthan,65700.0,Farmer,General,Yes,No,No,Agriculture & Farmer Welfare
55,Female,Tamil Nadu,90400.0,Self-Employed,General,Yes,No,Yes,Social Welfare & Disability Support
29,Female,Maharashtra,139300.0,Unemployed,ST,No,No,No,Women & Child Development
41,Female,Karnataka,91800.0,Farmer,SC,Yes,No,Yes,Social Welfare & Disability Support
45,Female,Gujarat,77900.0,Daily Wage Worker,OBC,Yes,No,No,Women & Child Development
70,Male,West Bengal,269700.0,Student,OBC,Yes,Yes,No,Education & Scholarships
25,Female,Bihar,31400.0,Salaried,OBC,Yes,No,No,Women & Child Development
75,Female,Tamil Nadu,169500.0,Student,OBC,No,Yes,No,Education & Scholarships
45,Female,West Bengal,314200.0,Salaried,General,Yes,No,No,Women & Child Development
53,Male,Kerala,85700.0,Artisan,EWS,Yes,No,No,Skill Development & Entrepreneurship
43,Male,Rajasthan,196400.0,Artisan,General,No,No,No,Skill Development & Entrepreneurship
25,Male,Bihar,229000.0,Salaried,SC,Yes,No,No,Rural & Urban Livelihood Support
75,Male,Madhya Pradesh,221600.0,Salaried,SC,Yes,No,No,Senior Citizen Pension & Healthcare
67,Male,Gujarat,136300.0,Self-Employed,ST,Yes,No,No,Senior Citizen Pension & Healthcare
45,Male,Karnataka,106600.0,Student,OBC,No,Yes,No,Education & Scholarships
45,Female,Kerala,355300.0,Self-Employed,SC,Yes,No,No,Women & Child Development
54,Male,Rajasthan,285700.0,Self-Employed,ST,Yes,No,No,Skill Development & Entrepreneurship
58,Male,Gujarat,99800.0,Self-Employed,OBC,Yes,No,No,Skill Development & Entrepreneurship
53,Male,Kerala,49600.0,Self-Employed,OBC,Yes,No,No,Skill Development & Entrepreneurship
44,Male,Madhya Pradesh,43400.0,Student,EWS,No,Yes,No,Education & Scholarships
71,Male,West Bengal,47800.0,Daily Wage Worker,SC,No,No,No,Senior Citizen Pension & Healthcare
34,Male,Karnataka,187400.0,Daily Wage Worker,OBC,No,No,No,Rural & Urban Livelihood Support
26,Male,Karnataka,39500.0,Student,General,No,Yes,No,Education & Scholarships
50,Female,Gujarat,104000.0,Self-Employed,General,No,No,No,Women & Child Development
70,Male,Tamil Nadu,281900.0,Self-Employed,General,Yes,No,No,Senior Citizen Pension & Healthcare
37,Female,Gujarat,92800.0,Daily Wage Worker,OBC,Yes,No,No,Women & Child Development
30,Male,Kerala,289400.0,Student,OBC,Yes,Yes,No,Education & Scholarships
45,Male,Tamil Nadu,276300.0,Self-Employed,SC,Yes,No,Yes,Social Welfare & Disability Support
65,Female,Karnataka,80800.0,Farmer,SC,Yes,No,No,Senior Citizen Pension & Healthcare
46,Male,Maharashtra,264900.0,Self-Employed,ST,Yes,No,No,Skill Development & Entrepreneurship
30,Female,Karnataka,277900.0,Daily Wage Worker,OBC,Yes,No,No,Women & Child Development
63,Male,Gujarat,121200.0,Daily Wage Worker,SC,Yes,No,No,Senior Citizen Pension & Healthcare
52,Female,Kerala,72500.0,Student,OBC,No,Yes,No,Education & Scholarships
23,Male,Tamil Nadu,162600.0,Self-Employed,General,Yes,No,No,Skill Development & Entrepreneurship
35,Female,Rajasthan,487800.0,Salaried,ST,Yes,No,No,Women & Child Development
68,Male,Tamil Nadu,213700.0,Student,General,No,Yes,No,Education & Scholarships
22,Female,Madhya Pradesh,64200.0,Unemployed,OBC,Yes,No,No,Women & Child Development
64,Male,Uttar Pradesh,236700.0,Daily Wage Worker,OBC,Yes,No,No,Senior Citizen Pension & Healthcare
42,Male,Uttar Pradesh,130300.0,Daily Wage Worker,General,Yes,No,No,Rural & Urban Livelihood Support
19,Transgender,Bihar,191200.0,Farmer,SC,No,Yes,No,Education & Scholarships
27,Male,West Bengal,268400.0,Farmer,EWS,No,No,Yes,Social Welfare & Disability Support
73,Male,Bihar,160200.0,Salaried,SC,Yes,No,No,Senior Citizen Pension & Healthcare
47,Female,Bihar,332700.0,Farmer,ST,Yes,No,No,Agriculture & Farmer Welfare
67,Female,Tamil Nadu,260500.0,Student,SC,Yes,Yes,No,Education & Scholarships
62,Female,Kerala,201800.0,Self-Employed,ST,Yes,No,No,Senior Citizen Pension & Healthcare
22,Male,Bihar,59400.0,Student,OBC,No,Yes,No,Education & Scholarships
72,Male,Gujarat,355400.0,Unemployed,ST,No,No,No,Senior Citizen Pension & Healthcare
73,Female,Tamil Nadu,524500.0,Self-Employed,General,Yes,No,No,Senior Citizen Pension & Healthcare
50,Male,Kerala,56500.0,Unemployed,ST,No,No,No,Rural & Urban Livelihood Support
71,Male,Uttar Pradesh,150600.0,Unemployed,OBC,Yes,No,No,Senior Citizen Pension & Healthcare
18,Male,Maharashtra,83900.0,Student,SC,No,Yes,No,Education & Scholarships
35,Female,Gujarat,282800.0,Farmer,SC,No,No,No,Agriculture & Farmer Welfare
49,Female,Rajasthan,260200.0,Daily Wage Worker,EWS,Yes,No,No,Women & Child Development
64,Male,West Bengal,57300.0,Artisan,SC,No,No,No,Senior Citizen Pension & Healthcare
66,Male,Rajasthan,407200.0,Salaried,General,Yes,No,No,Senior Citizen Pension & Healthcare
28,Female,Kerala,65900.0,Daily Wage Worker,General,Yes,No,No,Women & Child Development
38,Male,Madhya Pradesh,317200.0,Student,OBC,No,Yes,No,Education & Scholarships
43,Male,Kerala,139900.0,Unemployed,OBC,Yes,No,No,Rural & Urban Livelihood Support
42,Male,Maharashtra,101600.0,Student,OBC,Yes,Yes,No,Education & Scholarships
39,Male,Uttar Pradesh,61000.0,Student,OBC,No,Yes,No,Education & Scholarships
44,Female,Karnataka,63000.0,Daily Wage Worker,General,No,No,No,Women & Child Development
66,Female,Kerala,225200.0,Unemployed,ST,Yes,No,No,Senior Citizen Pension & Healthcare
30,Male,Uttar Pradesh,173900.0,Self-Employed,ST,Yes,No,No,Skill Development & Entrepreneurship
50,Female,Rajasthan,53400.0,Farmer,OBC,Yes,No,No,Agriculture & Farmer Welfare
51,Female,Kerala,51500.0,Farmer,OBC,Yes,No,Yes,Social Welfare & Disability Support
58,Female,Kerala,43500.0,Farmer,OBC,No,No,No,Agriculture & Farmer Welfare
52,Female,Bihar,275100.0,Farmer,OBC,Yes,No,No,Agriculture & Farmer Welfare
18,Female,Rajasthan,254000.0,Farmer,OBC,Yes,No,No,Agriculture & Farmer Welfare
38,Female,West Bengal,40800.0,Self-Employed,General,Yes,No,Yes,Social Welfare & Disability Support
65,Female,West Bengal,177900.0,Salaried,General,Yes,No,No,Senior Citizen Pension & Healthcare
72,Female,Gujarat,45900.0,Farmer,General,No,No,No,Senior Citizen Pension & Healthcare
23,Male,Madhya Pradesh,451300.0,Farmer,General,Yes,No,No,Agriculture & Farmer Welfare
45,Male,Karnataka,457800.0,Unemployed,OBC,Yes,No,Yes,Social Welfare & Disability Support
34,Male,Kerala,245700.0,Daily Wage Worker,SC,No,No,No,Rural & Urban Livelihood Support
22,Female,Kerala,499100.0,Salaried,SC,Yes,No,Yes,Social Welfare & Disability Support
48,Female,Gujarat,330300.0,Student,OBC,Yes,Yes,No,Education & Scholarships
22,Male,Madhya Pradesh,347400.0,Student,OBC,Yes,Yes,No,Education & Scholarships
55,Male,Rajasthan,181800.0,Self-Employed,OBC,Yes,No,No,Skill Development & Entrepreneurship
20,Male,Kerala,95800.0,Self-Employed,OBC,Yes,No,No,Skill Development & Entrepreneurship
70,Female,Uttar Pradesh,74200.0,Artisan,General,Yes,No,No,Senior Citizen Pension & Healthcare
40,Male,Tamil Nadu,101300.0,Self-Employed,OBC,Yes,No,No,Skill Development & Entrepreneurship
54,Female,Madhya Pradesh,208200.0,Farmer,General,No,No,No,Agriculture & Farmer Welfare
70,Female,Kerala,64100.0,Artisan,OBC,Yes,No,No,Senior Citizen Pension & Healthcare
54,Male,Madhya Pradesh,83900.0,Self-Employed,SC,No,No,No,Skill Development & Entrepreneurship
27,Male,West Bengal,143600.0,Artisan,OBC,No,No,No,Skill Development & Entrepreneurship
27,Female,Karnataka,77800.0,Daily Wage Worker,General,Yes,No,No,Women & Child Development
36,Female,Kerala,189900.0,Artisan,OBC,Yes,No,No,Women & Child Development
34,Male,Karnataka,491900.0,Farmer,OBC,Yes,No,No,Agriculture & Farmer Welfare
38,Female,Maharashtra,278200.0,Farmer,ST,Yes,No,No,Agriculture & Farmer Welfare
31,Female,Tamil Nadu,227600.0,Artisan,SC,No,No,No,Women & Child Development
26,Female,Gujarat,187300.0,Student,OBC,Yes,Yes,No,Education & Scholarships
63,Male,Karnataka,150500.0,Daily Wage Worker,SC,No,No,No,Senior Citizen Pension & Healthcare
18,Female,Kerala,67200.0,Unemployed,General,No,No,Yes,Social Welfare & Disability Support
68,Transgender,Bihar,435200.0,Farmer,General,Yes,No,No,Senior Citizen Pension & Healthcare
62,Male,Gujarat,81400.0,Student,General,Yes,Yes,No,Education & Scholarships
30,Transgender,Gujarat,47200.0,Salaried,ST,Yes,No,No,Education & Scholarships
21,Male,Rajasthan,279500.0,Farmer,OBC,No,Yes,No,Education & Scholarships
18,Female,Karnataka,64800.0,Student,General,No,Yes,No,Education & Scholarships
66,Female,Bihar,113700.0,Farmer,OBC,Yes,No,No,Senior Citizen Pension & Healthcare
57,Female,Karnataka,35200.0,Daily Wage Worker,SC,Yes,No,Yes,Social Welfare & Disability Support
49,Female,Rajasthan,56500.0,Farmer,ST,Yes,No,No,Agriculture & Farmer Welfare
51,Male,Tamil Nadu,64200.0,Self-Employed,ST,No,No,No,Skill Development & Entrepreneurship
45,Female,Kerala,40100.0,Artisan,SC,No,No,No,Women & Child Development
48,Female,West Bengal,222400.0,Student,EWS,Yes,Yes,No,Education & Scholarships
25,Female,West Bengal,356500.0,Farmer,SC,Yes,No,No,Agriculture & Farmer Welfare
56,Male,Karnataka,114100.0,Daily Wage Worker,SC,Yes,No,No,Rural & Urban Livelihood Support
43,Female,Rajasthan,403700.0,Self-Employed,EWS,Yes,No,No,Women & Child Development
75,Female,Madhya Pradesh,73200.0,Student,OBC,No,Yes,No,Education & Scholarships
51,Female,Kerala,100900.0,Student,General,Yes,Yes,No,Education & Scholarships
71,Male,Karnataka,59400.0,Self-Employed,SC,No,No,No,Senior Citizen Pension & Healthcare
71,Male,Madhya Pradesh,204400.0,Unemployed,ST,Yes,No,No,Senior Citizen Pension & Healthcare
20,Female,Kerala,128000.0,Farmer,ST,Yes,No,No,Agriculture & Farmer Welfare
67,Female,Madhya Pradesh,201000.0,Self-Employed,ST,Yes,No,Yes,Social Welfare & Disability Support
29,Female,Gujarat,288100.0,Student,EWS,No,Yes,No,Education & Scholarships
18,Female,Karnataka,172000.0,Farmer,General,No,No,No,Agriculture & Farmer Welfare
71,Male,Rajasthan,207800.0,Student,OBC,Yes,Yes,No,Education & Scholarships
61,Male,Kerala,522700.0,Daily Wage Worker,OBC,Yes,No,No,Senior Citizen Pension & Healthcare
22,Female,West Bengal,94000.0,Artisan,General,Yes,Yes,No,Education & Scholarships
47,Male,Karnataka,110100.0,Unemployed,General,Yes,No,Yes,Social Welfare & Disability Support
47,Female,Kerala,257700.0,Daily Wage Worker,General,No,No,No,Women & Child Development
74,Male,Kerala,200100.0,Unemployed,General,Yes,No,No,Senior Citizen Pension & Healthcare
34,Male,Madhya Pradesh,65400.0,Farmer,ST,Yes,No,No,Agriculture & Farmer Welfare
65,Female,Madhya Pradesh,114900.0,Farmer,OBC,No,No,No,Senior Citizen Pension & Healthcare
64,Male,Bihar,143500.0,Salaried,ST,Yes,No,No,Senior Citizen Pension & Healthcare
40,Female,Karnataka,127900.0,Daily Wage Worker,ST,Yes,No,No,Women & Child Development
32,Female,Maharashtra,65300.0,Unemployed,General,Yes,No,No,Women & Child Development
54,Female,Uttar Pradesh,494900.0,Student,General,No,Yes,No,Education & Scholarships
38,Female,Maharashtra,288600.0,Farmer,SC,Yes,No,No,Agriculture & Farmer Welfare
31,Male,Kerala,148200.0,Daily Wage Worker,SC,Yes,No,No,Rural & Urban Livelihood Support
19,Male,Bihar,235100.0,Student,OBC,No,Yes,No,Education & Scholarships
28,Male,Kerala,439600.0,Self-Employed,OBC,Yes,No,No,Skill Development & Entrepreneurship
68,Male,Maharashtra,56300.0,Artisan,OBC,No,No,No,Senior Citizen Pension & Healthcare
56,Male,Kerala,81900.0,Student,OBC,No,Yes,No,Education & Scholarships
55,Female,Madhya Pradesh,170800.0,Farmer,OBC,Yes,No,No,Agriculture & Farmer Welfare
51,Female,Karnataka,318800.0,Farmer,OBC,No,No,No,Agriculture & Farmer Welfare
55,Female,West Bengal,36600.0,Student,General,Yes,Yes,No,Education & Scholarships
67,Male,Maharashtra,774500.0,Self-Employed,EWS,Yes,No,No,Senior Citizen Pension & Healthcare
51,Male,Uttar Pradesh,139200.0,Farmer,SC,No,No,No,Agriculture & Farmer Welfare
35,Female,Uttar Pradesh,110100.0,Farmer,ST,Yes,No,No,Agriculture & Farmer Welfare
47,Male,Madhya Pradesh,92300.0,Salaried,SC,Yes,No,No,Rural & Urban Livelihood Support
32,Male,Karnataka,64500.0,Artisan,SC,No,No,No,Skill Development & Entrepreneurship
44,Male,Tamil Nadu,312300.0,Farmer,General,Yes,No,No,Agriculture & Farmer Welfare
68,Female,Tamil Nadu,589900.0,Daily Wage Worker,OBC,Yes,No,No,Senior Citizen Pension & Healthcare
51,Female,Rajasthan,126100.0,Salaried,ST,No,No,No,Women & Child Development
69,Female,Rajasthan,578200.0,Student,ST,No,Yes,No,Education & Scholarships
74,Female,Maharashtra,342500.0,Artisan,General,No,No,No,Senior Citizen Pension & Healthcare
55,Female,Madhya Pradesh,148100.0,Self-Employed,OBC,No,No,No,Women & Child Development
50,Male,Madhya Pradesh,231800.0,Farmer,SC,No,No,No,Agriculture & Farmer Welfare
41,Female,Kerala,132800.0,Daily Wage Worker,OBC,No,No,No,Women & Child Development
32,Male,Uttar Pradesh,177300.0,Salaried,OBC,Yes,No,No,Rural & Urban Livelihood Support
47,Male,Uttar Pradesh,40800.0,Salaried,SC,No,No,No,Rural & Urban Livelihood Support
72,Male,Uttar Pradesh,244500.0,Farmer,General,Yes,No,No,Senior Citizen Pension & Healthcare
59,Female,Bihar,39800.0,Farmer,SC,Yes,No,No,Agriculture & Farmer Welfare
68,Male,Karnataka,335800.0,Salaried,ST,Yes,No,No,Senior Citizen Pension & Healthcare
34,Male,Gujarat,343700.0,Artisan,General,Yes,No,No,Skill Development & Entrepreneurship
22,Female,Kerala,78700.0,Farmer,General,Yes,No,No,Agriculture & Farmer Welfare
46,Female,Tamil Nadu,100400.0,Daily Wage Worker,OBC,Yes,No,No,Women & Child Development
21,Male,Madhya Pradesh,148200.0,Farmer,OBC,Yes,Yes,No,Education & Scholarships
27,Female,Tamil Nadu,193400.0,Farmer,SC,Yes,No,No,Agriculture & Farmer Welfare
73,Female,Bihar,91000.0,Unemployed,General,Yes,No,No,Senior Citizen Pension & Healthcare
34,Female,Tamil Nadu,191600.0,Student,OBC,No,Yes,No,Education & Scholarships
27,Female,Uttar Pradesh,93600.0,Student,OBC,No,Yes,No,Education & Scholarships
34,Male,West Bengal,40300.0,Farmer,General,No,No,No,Agriculture & Farmer Welfare
37,Female,Kerala,30500.0,Self-Employed,General,Yes,No,No,Women & Child Development
41,Male,West Bengal,49200.0,Student,General,No,Yes,Yes,Social Welfare & Disability Support
22,Male,Rajasthan,312900.0,Artisan,General,Yes,Yes,No,Education & Scholarships
51,Male,West Bengal,616000.0,Self-Employed,OBC,Yes,No,Yes,Skill Development & Entrepreneurship
23,Male,Gujarat,130200.0,Unemployed,General,No,No,No,Rural & Urban Livelihood Support
70,Male,Madhya Pradesh,159400.0,Farmer,ST,No,No,No,Senior Citizen Pension & Healthcare
19,Female,Bihar,58600.0,Unemployed,OBC,No,Yes,No,Education & Scholarships
30,Male,Madhya Pradesh,174100.0,Farmer,SC,Yes,No,No,Agriculture & Farmer Welfare
60,Male,Gujarat,58100.0,Daily Wage Worker,General,Yes,No,No,Senior Citizen Pension & Healthcare
60,Male,Madhya Pradesh,200100.0,Artisan,SC,No,No,No,Senior Citizen Pension & Healthcare
65,Male,West Bengal,517200.0,Student,OBC,No,Yes,No,Education & Scholarships
28,Female,Karnataka,69200.0,Daily Wage Worker,EWS,No,No,No,Women & Child Development
68,Female,Madhya Pradesh,290300.0,Farmer,General,No,No,No,Senior Citizen Pension & Healthcare
64,Male,Rajasthan,34300.0,Student,ST,Yes,Yes,No,Education & Scholarships
74,Female,Kerala,114700.0,Farmer,OBC,Yes,No,No,Senior Citizen Pension & Healthcare
40,Male,Kerala,51100.0,Self-Employed,SC,Yes,No,No,Skill Development & Entrepreneurship
72,Female,Tamil Nadu,108200.0,Farmer,SC,Yes,No,Yes,Social Welfare & Disability Support
33,Female,Maharashtra,64300.0,Farmer,General,Yes,No,No,Agriculture & Farmer Welfare
48,Female,West Bengal,114100.0,Student,General,Yes,Yes,No,Education & Scholarships
28,Female,Uttar Pradesh,127300.0,Artisan,General,No,No,No,Women & Child Development
71,Male,Gujarat,94400.0,Artisan,OBC,No,No,Yes,Social Welfare & Disability Support
33,Female,Bihar,222400.0,Farmer,SC,No,No,No,Agriculture & Farmer Welfare
25,Transgender,West Bengal,482100.0,Student,OBC,Yes,Yes,No,Education & Scholarships
21,Male,Kerala,122100.0,Artisan,OBC,Yes,No,No,Skill Development & Entrepreneurship
57,Female,Tamil Nadu,68500.0,Unemployed,SC,No,No,No,Women & Child Development
21,Male,Madhya Pradesh,86800.0,Daily Wage Worker,OBC,Yes,No,No,Rural & Urban Livelihood Support
73,Male,Uttar Pradesh,376300.0,Unemployed,EWS,No,No,No,Senior Citizen Pension & Healthcare
42,Male,Uttar Pradesh,182600.0,Student,ST,No,Yes,No,Education & Scholarships
20,Female,Maharashtra,139300.0,Salaried,General,Yes,No,No,Women & Child Development
49,Male,Karnataka,59200.0,Farmer,SC,No,No,No,Agriculture & Farmer Welfare
20,Male,Maharashtra,137500.0,Salaried,ST,Yes,Yes,No,Education & Scholarships
44,Female,Madhya Pradesh,88800.0,Farmer,OBC,No,No,No,Agriculture & Farmer Welfare
46,Female,West Bengal,546200.0,Artisan,ST,Yes,No,No,Women & Child Development
49,Male,Rajasthan,417900.0,Farmer,OBC,Yes,No,Yes,Social Welfare & Disability Support
67,Female,Gujarat,45800.0,Farmer,General,No,No,No,Senior Citizen Pension & Healthcare
75,Male,Uttar Pradesh,160900.0,Unemployed,General,No,No,No,Senior Citizen Pension & Healthcare
68,Female,Bihar,75900.0,Daily Wage Worker,SC,No,No,No,Senior Citizen Pension & Healthcare
36,Male,West Bengal,125200.0,Salaried,OBC,Yes,No,No,Rural & Urban Livelihood Support
38,Male,Bihar,407000.0,Self-Employed,OBC,No,No,No,Skill Development & Entrepreneurship
22,Female,Tamil Nadu,165000.0,Artisan,General,No,No,No,Women & Child Development
35,Female,Bihar,103200.0,Student,OBC,No,Yes,No,Education & Scholarships
45,Male,Uttar Pradesh,71900.0,Salaried,SC,No,No,No,Rural & Urban Livelihood Support
59,Male,Uttar Pradesh,320000.0,Self-Employed,General,No,No,No,Skill Development & Entrepreneurship
39,Male,Uttar Pradesh,206300.0,Daily Wage Worker,OBC,No,No,No,Rural & Urban Livelihood Support
38,Female,West Bengal,143600.0,Artisan,OBC,Yes,No,No,Women & Child Development
23,Female,West Bengal,74100.0,Self-Employed,General,Yes,No,No,Women & Child Development
18,Female,Gujarat,103200.0,Salaried,General,Yes,No,No,Women & Child Development
22,Male,Kerala,608700.0,Student,OBC,No,Yes,No,Education & Scholarships
58,Female,Karnataka,162100.0,Farmer,OBC,No,No,No,Agriculture & Farmer Welfare
29,Female,Madhya Pradesh,122200.0,Student,OBC,Yes,Yes,No,Education & Scholarships
43,Male,Madhya Pradesh,162600.0,Unemployed,OBC,Yes,No,No,Rural & Urban Livelihood Support
63,Male,Tamil Nadu,301700.0,Student,General,Yes,Yes,No,Education & Scholarships
51,Female,Maharashtra,104800.0,Student,SC,Yes,Yes,No,Education & Scholarships
66,Female,Gujarat,65400.0,Farmer,General,Yes,No,No,Senior Citizen Pension & Healthcare
31,Male,Kerala,188300.0,Self-Employed,SC,Yes,No,Yes,Social Welfare & Disability Support
43,Male,Rajasthan,227000.0,Artisan,OBC,No,No,No,Skill Development & Entrepreneurship
62,Female,Tamil Nadu,254500.0,Student,General,Yes,Yes,No,Education & Scholarships
44,Male,West Bengal,414700.0,Salaried,General,Yes,No,No,Rural & Urban Livelihood Support
26,Male,Kerala,113500.0,Salaried,SC,Yes,No,No,Rural & Urban Livelihood Support
43,Female,Uttar Pradesh,44100.0,Farmer,SC,No,No,No,Agriculture & Farmer Welfare
74,Female,West Bengal,602100.0,Daily Wage Worker,SC,No,No,No,Senior Citizen Pension & Healthcare
64,Male,Maharashtra,132800.0,Self-Employed,General,Yes,No,No,Senior Citizen Pension & Healthcare
74,Male,Maharashtra,205700.0,Farmer,OBC,No,No,No,Senior Citizen Pension & Healthcare
39,Female,Madhya Pradesh,227600.0,Farmer,SC,Yes,No,No,Agriculture & Farmer Welfare
64,Male,Karnataka,172300.0,Artisan,SC,Yes,No,No,Senior Citizen Pension & Healthcare
73,Male,Karnataka,71400.0,Artisan,EWS,Yes,No,Yes,Social Welfare & Disability Support
47,Female,Rajasthan,283300.0,Farmer,SC,Yes,No,No,Agriculture & Farmer Welfare
60,Male,West Bengal,323100.0,Unemployed,SC,No,No,No,Senior Citizen Pension & Healthcare
65,Male,West Bengal,174900.0,Artisan,General,No,No,No,Senior Citizen Pension & Healthcare
34,Female,Maharashtra,150700.0,Self-Employed,ST,No,No,No,Women & Child Development
43,Female,Uttar Pradesh,51800.0,Farmer,EWS,Yes,No,No,Agriculture & Farmer Welfare
53,Female,Uttar Pradesh,45800.0,Self-Employed,SC,Yes,No,No,Women & Child Development
18,Male,Bihar,104700.0,Farmer,General,Yes,No,No,Agriculture & Farmer Welfare
25,Male,Uttar Pradesh,97000.0,Self-Employed,OBC,Yes,No,No,Skill Development & Entrepreneurship
66,Female,Kerala,582900.0,Unemployed,SC,Yes,No,No,Senior Citizen Pension & Healthcare
52,Male,Karnataka,305500.0,Daily Wage Worker,SC,Yes,No,No,Rural & Urban Livelihood Support
69,Male,Uttar Pradesh,224100.0,Farmer,SC,No,No,No,Senior Citizen Pension & Healthcare
32,Male,Gujarat,161200.0,Daily Wage Worker,OBC,No,No,No,Rural & Urban Livelihood Support
64,Female,West Bengal,63000.0,Salaried,General,Yes,No,No,Senior Citizen Pension & Healthcare
73,Female,Uttar Pradesh,720800.0,Self-Employed,OBC,Yes,No,No,Senior Citizen Pension & Healthcare
39,Female,Bihar,114600.0,Student,SC,Yes,Yes,No,Education & Scholarships
31,Male,Rajasthan,50400.0,Daily Wage Worker,OBC,Yes,No,No,Rural & Urban Livelihood Support
43,Female,Rajasthan,152500.0,Student,SC,Yes,Yes,No,Education & Scholarships
45,Male,Maharashtra,402900.0,Unemployed,OBC,Yes,No,No,Rural & Urban Livelihood Support
40,Female,Uttar Pradesh,422900.0,Self-Employed,OBC,No,No,No,Women & Child Development
31,Female,West Bengal,32000.0,Farmer,General,No,No,No,Agriculture & Farmer Welfare
41,Male,West Bengal,421300.0,Student,OBC,Yes,Yes,No,Education & Scholarships
19,Male,Karnataka,87000.0,Farmer,General,No,No,No,Agriculture & Farmer Welfare
62,Female,Rajasthan,37200.0,Salaried,ST,Yes,No,No,Senior Citizen Pension & Healthcare
43,Female,Maharashtra,368800.0,Student,EWS,No,Yes,No,Education & Scholarships
31,Male,Uttar Pradesh,388900.0,Artisan,OBC,Yes,No,No,Skill Development & Entrepreneurship
73,Female,Rajasthan,193200.0,Salaried,SC,Yes,No,Yes,Social Welfare & Disability Support
68,Female,Rajasthan,183800.0,Farmer,OBC,Yes,No,No,Senior Citizen Pension & Healthcare
24,Male,West Bengal,331900.0,Artisan,ST,Yes,No,No,Skill Development & Entrepreneurship
20,Female,Uttar Pradesh,307800.0,Self-Employed,SC,Yes,No,No,Women & Child Development
64,Female,Tamil Nadu,427500.0,Artisan,OBC,No,No,No,Senior Citizen Pension & Healthcare
40,Female,Uttar Pradesh,174800.0,Student,General,No,Yes,No,Education & Scholarships
63,Female,Kerala,647600.0,Student,OBC,Yes,Yes,Yes,Education & Scholarships
60,Female,Rajasthan,1030600.0,Self-Employed,SC,Yes,No,No,Senior Citizen Pension & Healthcare
64,Female,Karnataka,52300.0,Salaried,General,No,No,No,Senior Citizen Pension & Healthcare
62,Female,Tamil Nadu,370900.0,Student,SC,No,Yes,No,Education & Scholarships
35,Female,Bihar,154700.0,Farmer,General,No,No,No,Agriculture & Farmer Welfare
75,Male,Maharashtra,118300.0,Farmer,EWS,Yes,No,No,Senior Citizen Pension & Healthcare
55,Female,Uttar Pradesh,200900.0,Unemployed,ST,No,No,No,Women & Child Development
52,Female,Karnataka,40400.0,Farmer,General,No,No,No,Agriculture & Farmer Welfare
68,Male,Bihar,157100.0,Salaried,SC,Yes,No,No,Senior Citizen Pension & Healthcare
32,Male,Bihar,398500.0,Student,SC,Yes,Yes,No,Education & Scholarships
42,Female,Rajasthan,73200.0,Salaried,ST,No,No,No,Women & Child Development
72,Male,Kerala,130000.0,Self-Employed,OBC,No,No,No,Education & Scholarships
54,Female,Rajasthan,534900.0,Self-Employed,OBC,Yes,No,No,Women & Child Development
45,Female,Maharashtra,130700.0,Farmer,OBC,No,No,No,Agriculture & Farmer Welfare
27,Male,Tamil Nadu,109900.0,Unemployed,General,Yes,No,No,Rural & Urban Livelihood Support
56,Male,West Bengal,134500.0,Student,OBC,Yes,Yes,No,Education & Scholarships
74,Female,Gujarat,161900.0,Student,General,Yes,Yes,No,Education & Scholarships
34,Female,Tamil Nadu,209900.0,Farmer,SC,No,No,No,Agriculture & Farmer Welfare
56,Male,Maharashtra,320300.0,Unemployed,General,Yes,No,No,Rural & Urban Livelihood Support
39,Female,West Bengal,138300.0,Daily Wage Worker,SC,Yes,No,No,Women & Child Development
43,Male,Bihar,336200.0,Self-Employed,OBC,Yes,No,No,Skill Development & Entrepreneurship
61,Female,Tamil Nadu,167300.0,Self-Employed,ST,Yes,No,No,Senior Citizen Pension & Healthcare
42,Male,West Bengal,104400.0,Student,ST,No,Yes,No,Education & Scholarships
34,Male,Uttar Pradesh,223100.0,Unemployed,General,Yes,No,No,Rural & Urban Livelihood Support
30,Male,Rajasthan,257700.0,Unemployed,ST,No,No,No,Rural & Urban Livelihood Support
37,Male,Gujarat,177000.0,Self-Employed,OBC,No,No,No,Skill Development & Entrepreneurship
42,Male,Karnataka,40500.0,Artisan,SC,Yes,No,No,Skill Development & Entrepreneurship
21,Female,Uttar Pradesh,63500.0,Salaried,OBC,No,No,No,Women & Child Development
27,Female,Tamil Nadu,90500.0,Unemployed,General,Yes,No,No,Women & Child Development
20,Female,Madhya Pradesh,89800.0,Self-Employed,OBC,Yes,No,No,Women & Child Development
58,Male,West Bengal,231400.0,Farmer,General,Yes,No,No,Agriculture & Farmer Welfare
62,Male,Bihar,33300.0,Self-Employed,OBC,No,No,No,Senior Citizen Pension & Healthcare
35,Female,Bihar,283700.0,Self-Employed,General,Yes,No,No,Women & Child Development
64,Female,Madhya Pradesh,85500.0,Farmer,OBC,Yes,No,Yes,Social Welfare & Disability Support
53,Female,Tamil Nadu,96800.0,Farmer,ST,No,No,No,Agriculture & Farmer Welfare
64,Male,Bihar,165100.0,Artisan,General,No,No,No,Women & Child Development
39,Female,Kerala,73800.0,Self-Employed,OBC,Yes,No,No,Women & Child Development
51,Male,Bihar,418500.0,Artisan,OBC,Yes,No,No,Skill Development & Entrepreneurship
64,Transgender,Gujarat,46100.0,Farmer,ST,Yes,No,No,Senior Citizen Pension & Healthcare
25,Female,Kerala,135800.0,Daily Wage Worker,General,Yes,No,No,Women & Child Development
57,Female,Maharashtra,370800.0,Self-Employed,General,Yes,No,No,Women & Child Development
66,Female,Maharashtra,202200.0,Student,General,Yes,Yes,No,Education & Scholarships
61,Female,West Bengal,92200.0,Farmer,OBC,Yes,No,No,Senior Citizen Pension & Healthcare
36,Female,Kerala,128300.0,Salaried,OBC,No,No,No,Women & Child Development
59,Female,Uttar Pradesh,250800.0,Daily Wage Worker,General,Yes,No,No,Women & Child Development
58,Male,West Bengal,681900.0,Farmer,OBC,Yes,No,No,Agriculture & Farmer Welfare
54,Female,Uttar Pradesh,432500.0,Salaried,OBC,Yes,No,No,Women & Child Development
23,Male,Gujarat,105500.0,Student,OBC,Yes,Yes,No,Education & Scholarships
69,Male,Rajasthan,1167400.0,Salaried,OBC,Yes,No,Yes,Senior Citizen Pension & Healthcare
43,Male,Tamil Nadu,30600.0,Farmer,OBC,No,No,No,Agriculture & Farmer Welfare
51,Female,Kerala,35000.0,Student,EWS,Yes,Yes,No,Education & Scholarships
73,Male,Madhya Pradesh,342500.0,Artisan,General,Yes,No,No,Senior Citizen Pension & Healthcare
62,Female,Karnataka,70000.0,Farmer,SC,Yes,No,No,Senior Citizen Pension & Healthcare
23,Male,Tamil Nadu,41300.0,Self-Employed,OBC,Yes,No,No,Skill Development & Entrepreneurship
54,Male,Gujarat,78700.0,Unemployed,OBC,Yes,No,No,Rural & Urban Livelihood Support
74,Male,Kerala,130000.0,Unemployed,SC,Yes,No,No,Senior Citizen Pension & Healthcare
50,Female,Maharashtra,266100.0,Artisan,General,Yes,No,No,Women & Child Development
70,Male,Tamil Nadu,206200.0,Artisan,OBC,No,No,No,Senior Citizen Pension & Healthcare
39,Female,Uttar Pradesh,78800.0,Student,General,No,Yes,No,Education & Scholarships
38,Female,Madhya Pradesh,155900.0,Student,General,Yes,Yes,No,Education & Scholarships
23,Female,Tamil Nadu,499200.0,Self-Employed,ST,No,Yes,No,Education & Scholarships
23,Female,Karnataka,333700.0,Student,OBC,No,Yes,No,Education & Scholarships
72,Female,Gujarat,100300.0,Daily Wage Worker,General,No,No,No,Senior Citizen Pension & Healthcare
65,Male,Gujarat,755800.0,Self-Employed,SC,Yes,No,No,Senior Citizen Pension & Healthcare
21,Male,West Bengal,252000.0,Farmer,EWS,No,No,No,Agriculture & Farmer Welfare
47,Female,Gujarat,41600.0,Self-Employed,SC,No,No,No,Women & Child Development
28,Female,West Bengal,36400.0,Farmer,OBC,Yes,No,No,Agriculture & Farmer Welfare
47,Female,Gujarat,63200.0,Artisan,SC,Yes,No,No,Women & Child Development
48,Female,Karnataka,264300.0,Unemployed,SC,No,No,No,Women & Child Development
41,Female,Gujarat,66500.0,Artisan,SC,No,No,No,Women & Child Development
72,Male,Madhya Pradesh,158900.0,Student,SC,Yes,Yes,No,Education & Scholarships
26,Female,Rajasthan,47600.0,Daily Wage Worker,ST,No,No,No,Women & Child Development
72,Female,Maharashtra,486600.0,Farmer,OBC,Yes,No,No,Senior Citizen Pension & Healthcare
20,Female,Madhya Pradesh,105900.0,Daily Wage Worker,OBC,Yes,No,No,Women & Child Development
68,Male,Gujarat,459700.0,Artisan,SC,Yes,No,No,Senior Citizen Pension & Healthcare
48,Male,Kerala,551700.0,Artisan,OBC,Yes,No,No,Skill Development & Entrepreneurship
57,Male,Uttar Pradesh,31100.0,Unemployed,OBC,No,No,No,Rural & Urban Livelihood Support
54,Male,Rajasthan,142300.0,Daily Wage Worker,General,Yes,No,No,Rural & Urban Livelihood Support
53,Female,Maharashtra,34500.0,Student,SC,No,Yes,No,Education & Scholarships
41,Female,Uttar Pradesh,460800.0,Farmer,OBC,Yes,No,No,Agriculture & Farmer Welfare
48,Male,Madhya Pradesh,161500.0,Unemployed,SC,Yes,No,No,Rural & Urban Livelihood Support
23,Female,Karnataka,44000.0,Student,OBC,Yes,Yes,No,Education & Scholarships
19,Male,Karnataka,51000.0,Self-Employed,OBC,Yes,No,No,Skill Development & Entrepreneurship
37,Female,Uttar Pradesh,117100.0,Daily Wage Worker,OBC,No,No,No,Women & Child Development
45,Female,Kerala,537100.0,Self-Employed,OBC,Yes,No,No,Women & Child Development
28,Male,Uttar Pradesh,242500.0,Daily Wage Worker,ST,No,No,No,Rural & Urban Livelihood Support
21,Male,Madhya Pradesh,394000.0,Daily Wage Worker,ST,Yes,No,No,Rural & Urban Livelihood Support
32,Male,Uttar Pradesh,112200.0,Daily Wage Worker,SC,Yes,No,No,Rural & Urban Livelihood Support
23,Female,Maharashtra,38000.0,Unemployed,OBC,Yes,No,No,Women & Child Development
71,Male,Kerala,689200.0,Self-Employed,General,No,No,No,Senior Citizen Pension & Healthcare
66,Female,Bihar,33100.0,Artisan,OBC,Yes,No,No,Senior Citizen Pension & Healthcare
47,Female,Tamil Nadu,561000.0,Artisan,OBC,No,No,No,Women & Child Development
73,Female,Bihar,112800.0,Daily Wage Worker,General,No,No,No,Senior Citizen Pension & Healthcare
55,Female,West Bengal,31800.0,Unemployed,SC,Yes,No,No,Women & Child Development
68,Female,Uttar Pradesh,240300.0,Farmer,OBC,Yes,No,No,Senior Citizen Pension & Healthcare
74,Female,Karnataka,739100.0,Farmer,OBC,Yes,No,No,Senior Citizen Pension & Healthcare
19,Female,Bihar,636700.0,Salaried,ST,No,No,No,Women & Child Development
32,Female,Gujarat,61600.0,Self-Employed,General,Yes,No,No,Women & Child Development
28,Female,Madhya Pradesh,66000.0,Student,ST,Yes,Yes,No,Education & Scholarships
25,Female,Bihar,180100.0,Daily Wage Worker,EWS,Yes,No,No,Women & Child Development
43,Female,Rajasthan,212600.0,Salaried,General,No,No,No,Women & Child Development
68,Male,Kerala,272100.0,Unemployed,OBC,No,No,No,Senior Citizen Pension & Healthcare
62,Female,Madhya Pradesh,66000.0,Daily Wage Worker,SC,No,No,No,Senior Citizen Pension & Healthcare
61,Female,Karnataka,605000.0,Farmer,OBC,No,No,No,Senior Citizen Pension & Healthcare
22,Female,West Bengal,213300.0,Unemployed,OBC,Yes,No,No,Women & Child Development
23,Male,Bihar,368000.0,Self-Employed,SC,Yes,No,No,Skill Development & Entrepreneurship
43,Male,Kerala,169800.0,Salaried,General,No,No,No,Rural & Urban Livelihood Support
71,Male,Tamil Nadu,126300.0,Farmer,OBC,No,No,No,Senior Citizen Pension & Healthcare
21,Male,Kerala,710400.0,Student,General,Yes,Yes,No,Education & Scholarships
36,Female,Kerala,187100.0,Artisan,SC,Yes,No,Yes,Social Welfare & Disability Support
37,Male,Madhya Pradesh,393000.0,Farmer,OBC,No,No,No,Social Welfare & Disability Support
50,Male,Tamil Nadu,581500.0,Daily Wage Worker,OBC,Yes,No,No,Rural & Urban Livelihood Support
37,Female,Kerala,232500.0,Salaried,OBC,Yes,No,No,Women & Child Development
66,Female,Rajasthan,173300.0,Daily Wage Worker,OBC,No,No,No,Senior Citizen Pension & Healthcare
29,Female,Bihar,30600.0,Salaried,SC,No,No,No,Women & Child Development
64,Male,Bihar,37400.0,Artisan,SC,Yes,No,No,Senior Citizen Pension & Healthcare
18,Male,Rajasthan,70400.0,Daily Wage Worker,SC,Yes,No,Yes,Social Welfare & Disability Support
43,Male,Bihar,67000.0,Unemployed,OBC,Yes,No,Yes,Social Welfare & Disability Support
31,Female,Kerala,82900.0,Daily Wage Worker,OBC,No,No,No,Women & Child Development
55,Female,West Bengal,95500.0,Self-Employed,OBC,No,No,No,Women & Child Development
54,Female,Kerala,110400.0,Self-Employed,OBC,No,No,No,Women & Child Development
28,Female,Madhya Pradesh,128200.0,Daily Wage Worker,OBC,Yes,No,No,Women & Child Development
53,Male,Gujarat,48700.0,Farmer,General,Yes,No,No,Agriculture & Farmer Welfare
30,Male,West Bengal,37800.0,Unemployed,OBC,No,No,No,Rural & Urban Livelihood Support
60,Female,Karnataka,231700.0,Salaried,SC,Yes,No,No,Senior Citizen Pension & Healthcare
20,Male,Karnataka,168700.0,Artisan,SC,No,No,Yes,Social Welfare & Disability Support
50,Female,West Bengal,135700.0,Daily Wage Worker,General,Yes,No,No,Women & Child Development
23,Male,Kerala,211100.0,Daily Wage Worker,OBC,Yes,No,No,Rural & Urban Livelihood Support
67,Female,Uttar Pradesh,346500.0,Daily Wage Worker,ST,No,No,No,Senior Citizen Pension & Healthcare
73,Female,Gujarat,130500.0,Self-Employed,EWS,Yes,No,No,Senior Citizen Pension & Healthcare
27,Female,Rajasthan,214500.0,Salaried,OBC,No,No,No,Women & Child Development
22,Female,Kerala,582600.0,Artisan,SC,Yes,No,No,Women & Child Development
40,Female,West Bengal,359400.0,Student,ST,No,Yes,No,Education & Scholarships
27,Male,Uttar Pradesh,129900.0,Unemployed,General,No,No,No,Rural & Urban Livelihood Support
61,Male,Kerala,216300.0,Daily Wage Worker,OBC,Yes,No,Yes,Social Welfare & Disability Support
19,Male,Uttar Pradesh,65100.0,Unemployed,General,Yes,No,No,Rural & Urban Livelihood Support
30,Female,West Bengal,178000.0,Student,General,Yes,Yes,No,Education & Scholarships
57,Male,Kerala,746500.0,Student,General,Yes,Yes,No,Education & Scholarships
19,Female,Tamil Nadu,161500.0,Salaried,ST,No,No,No,Women & Child Development
37,Female,Bihar,502700.0,Student,SC,Yes,Yes,No,Education & Scholarships
18,Male,West Bengal,124200.0,Unemployed,OBC,Yes,No,No,Rural & Urban Livelihood Support
54,Male,Karnataka,1247400.0,Unemployed,General,Yes,No,No,Rural & Urban Livelihood Support
26,Female,Karnataka,185800.0,Daily Wage Worker,SC,Yes,No,No,Women & Child Development
34,Female,Gujarat,37800.0,Student,OBC,No,Yes,No,Education & Scholarships
26,Transgender,Maharashtra,189100.0,Daily Wage Worker,OBC,Yes,No,No,Rural & Urban Livelihood Support
28,Female,Karnataka,87800.0,Salaried,ST,Yes,No,No,Women & Child Development
32,Female,Maharashtra,35900.0,Artisan,General,No,No,No,Women & Child Development
41,Male,Tamil Nadu,339500.0,Artisan,OBC,Yes,No,No,Skill Development & Entrepreneurship
55,Female,West Bengal,88100.0,Artisan,OBC,No,No,No,Women & Child Development
72,Female,Uttar Pradesh,316600.0,Student,General,Yes,Yes,No,Education & Scholarships
52,Female,Gujarat,91200.0,Salaried,General,Yes,No,No,Women & Child Development
47,Male,Bihar,68900.0,Unemployed,OBC,Yes,No,No,Rural & Urban Livelihood Support
48,Male,Rajasthan,686500.0,Salaried,General,Yes,No,No,Rural & Urban Livelihood Support
66,Male,Maharashtra,110800.0,Self-Employed,OBC,No,No,No,Senior Citizen Pension & Healthcare
22,Transgender,Bihar,195600.0,Daily Wage Worker,OBC,Yes,Yes,No,Education & Scholarships
61,Male,Gujarat,199500.0,Farmer,General,Yes,No,No,Senior Citizen Pension & Healthcare
67,Female,Gujarat,178000.0,Daily Wage Worker,OBC,Yes,No,No,Senior Citizen Pension & Healthcare
31,Female,Karnataka,473100.0,Self-Employed,ST,Yes,No,No,Women & Child Development
70,Male,Bihar,232000.0,Salaried,OBC,No,No,No,Senior Citizen Pension & Healthcare
73,Male,Kerala,123100.0,Unemployed,SC,Yes,No,No,Senior Citizen Pension & Healthcare
28,Male,Madhya Pradesh,387000.0,Salaried,General,No,No,No,Rural & Urban Livelihood Support
26,Male,Gujarat,66000.0,Unemployed,General,No,No,No,Rural & Urban Livelihood Support
51,Female,Maharashtra,171400.0,Unemployed,SC,Yes,No,No,Women & Child Development
29,Female,Rajasthan,571200.0,Student,General,No,Yes,No,Education & Scholarships
52,Female,Rajasthan,206700.0,Unemployed,SC,Yes,No,No,Women & Child Development
52,Female,Tamil Nadu,335700.0,Self-Employed,General,Yes,No,No,Women & Child Development
18,Female,Tamil Nadu,220800.0,Farmer,General,Yes,No,No,Agriculture & Farmer Welfare
57,Male,Karnataka,359200.0,Student,SC,Yes,Yes,No,Education & Scholarships
39,Male,Kerala,550400.0,Daily Wage Worker,General,No,No,No,Rural & Urban Livelihood Support
46,Female,Karnataka,87400.0,Farmer,General,Yes,No,No,Agriculture & Farmer Welfare
25,Female,Rajasthan,63500.0,Artisan,SC,No,No,No,Women & Child Development
28,Male,Uttar Pradesh,149100.0,Daily Wage Worker,EWS,Yes,No,Yes,Social Welfare & Disability Support
58,Female,Rajasthan,247800.0,Salaried,OBC,No,No,No,Women & Child Development
54,Male,Gujarat,76400.0,Unemployed,General,Yes,No,No,Rural & Urban Livelihood Support
31,Male,Bihar,30700.0,Artisan,OBC,No,No,No,Skill Development & Entrepreneurship
47,Male,Bihar,105600.0,Farmer,OBC,Yes,No,No,Agriculture & Farmer Welfare
52,Male,Gujarat,654500.0,Farmer,General,No,No,No,Agriculture & Farmer Welfare
38,Male,Gujarat,243700.0,Farmer,SC,No,No,No,Agriculture & Farmer Welfare
54,Female,Rajasthan,122300.0,Student,General,No,Yes,No,Senior Citizen Pension & Healthcare
22,Female,Bihar,68500.0,Salaried,SC,Yes,No,No,Women & Child Development
36,Female,Bihar,109200.0,Self-Employed,OBC,Yes,No,No,Women & Child Development
31,Male,West Bengal,63500.0,Student,General,No,Yes,No,Education & Scholarships
43,Female,Bihar,50200.0,Farmer,ST,Yes,No,No,Agriculture & Farmer Welfare
21,Female,Gujarat,457000.0,Self-Employed,OBC,Yes,Yes,No,Education & Scholarships
42,Male,Tamil Nadu,1119600.0,Self-Employed,OBC,Yes,No,No,Skill Development & Entrepreneurship
62,Male,Kerala,62300.0,Student,General,Yes,Yes,No,Education & Scholarships
59,Male,Uttar Pradesh,40100.0,Salaried,SC,Yes,No,No,Rural & Urban Livelihood Support
42,Female,Gujarat,102000.0,Farmer,General,Yes,No,No,Agriculture & Farmer Welfare
35,Female,Bihar,141500.0,Student,General,Yes,Yes,No,Education & Scholarships
57,Female,Maharashtra,71300.0,Student,SC,Yes,Yes,No,Education & Scholarships
25,Female,Rajasthan,94600.0,Self-Employed,OBC,Yes,No,No,Women & Child Development
56,Female,Rajasthan,70400.0,Student,SC,Yes,Yes,No,Education & Scholarships
57,Female,Kerala,297900.0,Student,OBC,No,Yes,No,Education & Scholarships
31,Male,Gujarat,254400.0,Farmer,General,Yes,No,No,Agriculture & Farmer Welfare
49,Female,Kerala,211400.0,Self-Employed,General,No,No,No,Women & Child Development
68,Male,Tamil Nadu,118200.0,Student,SC,Yes,Yes,No,Education & Scholarships
55,Male,Madhya Pradesh,461500.0,Farmer,SC,Yes,No,No,Agriculture & Farmer Welfare
50,Female,Karnataka,658400.0,Artisan,SC,Yes,No,No,Women & Child Development
40,Male,Maharashtra,64300.0,Student,OBC,Yes,Yes,No,Education & Scholarships
32,Female,Karnataka,75400.0,Self-Employed,OBC,No,No,No,Women & Child Development
50,Female,Madhya Pradesh,164200.0,Student,OBC,Yes,Yes,No,Education & Scholarships
42,Male,Maharashtra,47200.0,Student,ST,No,Yes,No,Education & Scholarships
34,Female,Karnataka,133200.0,Self-Employed,ST,No,No,Yes,Social Welfare & Disability Support
50,Transgender,Maharashtra,186900.0,Farmer,EWS,Yes,No,No,Agriculture & Farmer Welfare
64,Female,Kerala,162900.0,Student,OBC,Yes,Yes,No,Education & Scholarships
72,Male,Uttar Pradesh,102300.0,Artisan,General,Yes,No,No,Senior Citizen Pension & Healthcare
19,Female,West Bengal,170700.0,Salaried,General,No,No,Yes,Social Welfare & Disability Support
31,Female,Maharashtra,604100.0,Daily Wage Worker,SC,No,No,No,Women & Child Development
70,Female,Madhya Pradesh,71500.0,Unemployed,General,No,No,No,Senior Citizen Pension & Healthcare
57,Male,Kerala,221500.0,Unemployed,SC,Yes,No,No,Rural & Urban Livelihood Support
57,Male,West Bengal,38000.0,Salaried,OBC,No,No,No,Rural & Urban Livelihood Support
68,Male,Kerala,42400.0,Daily Wage Worker,OBC,No,No,No,Senior Citizen Pension & Healthcare
56,Female,Tamil Nadu,174500.0,Self-Employed,OBC,Yes,No,No,Women & Child Development
68,Male,Bihar,50000.0,Farmer,OBC,Yes,No,No,Senior Citizen Pension & Healthcare
23,Male,Rajasthan,34100.0,Farmer,OBC,Yes,Yes,No,Education & Scholarships
23,Male,Tamil Nadu,63900.0,Daily Wage Worker,OBC,Yes,No,No,Rural & Urban Livelihood Support
20,Male,Madhya Pradesh,179800.0,Salaried,OBC,No,Yes,No,Education & Scholarships
24,Male,Gujarat,248700.0,Artisan,General,Yes,No,No,Skill Development & Entrepreneurship
68,Male,Gujarat,70700.0,Daily Wage Worker,ST,Yes,No,No,Senior Citizen Pension & Healthcare
25,Female,Rajasthan,228600.0,Artisan,SC,Yes,No,No,Women & Child Development
59,Male,Kerala,66300.0,Artisan,OBC,Yes,No,No,Skill Development & Entrepreneurship
69,Male,Uttar Pradesh,201100.0,Artisan,OBC,Yes,No,No,Senior Citizen Pension & Healthcare
32,Female,Madhya Pradesh,125600.0,Self-Employed,OBC,No,No,No,Women & Child Development
64,Female,Rajasthan,220900.0,Farmer,EWS,Yes,No,No,Senior Citizen Pension & Healthcare
46,Female,West Bengal,985600.0,Daily Wage Worker,General,Yes,No,No,Women & Child Development
50,Male,West Bengal,530000.0,Unemployed,OBC,Yes,No,No,Rural & Urban Livelihood Support
69,Male,Gujarat,30800.0,Salaried,ST,Yes,No,No,Senior Citizen Pension & Healthcare
47,Female,Bihar,420000.0,Farmer,General,Yes,No,No,Agriculture & Farmer Welfare
56,Male,Kerala,42400.0,Salaried,ST,Yes,No,No,Rural & Urban Livelihood Support
44,Male,Gujarat,580500.0,Farmer,OBC,Yes,No,Yes,Agriculture & Farmer Welfare
53,Female,Uttar Pradesh,89600.0,Farmer,General,Yes,No,No,Agriculture & Farmer Welfare
46,Male,Rajasthan,116600.0,Daily Wage Worker,General,Yes,No,No,Rural & Urban Livelihood Support
55,Transgender,Maharashtra,47300.0,Farmer,ST,Yes,No,No,Agriculture & Farmer Welfare
74,Male,Uttar Pradesh,51400.0,Student,ST,No,Yes,No,Education & Scholarships
50,Male,Maharashtra,263500.0,Farmer,General,Yes,No,No,Agriculture & Farmer Welfare
54,Transgender,Kerala,549900.0,Daily Wage Worker,OBC,No,No,No,Rural & Urban Livelihood Support
44,Male,Rajasthan,199800.0,Farmer,General,Yes,No,No,Agriculture & Farmer Welfare
72,Female,West Bengal,256500.0,Self-Employed,EWS,Yes,No,No,Senior Citizen Pension & Healthcare
50,Male,West Bengal,288400.0,Daily Wage Worker,General,No,No,No,Rural & Urban Livelihood Support
21,Male,Tamil Nadu,84900.0,Daily Wage Worker,SC,Yes,No,No,Rural & Urban Livelihood Support
39,Male,West Bengal,38300.0,Salaried,General,Yes,No,No,Rural & Urban Livelihood Support
19,Female,Madhya Pradesh,30300.0,Artisan,General,Yes,No,No,Women & Child Development
27,Male,Tamil Nadu,107700.0,Student,General,No,Yes,No,Education & Scholarships
22,Female,Tamil Nadu,79700.0,Farmer,SC,Yes,Yes,No,Education & Scholarships
27,Male,West Bengal,41600.0,Artisan,ST,Yes,No,No,Skill Development & Entrepreneurship
50,Female,Gujarat,65600.0,Daily Wage Worker,General,Yes,No,No,Women & Child Development
71,Female,Bihar,53900.0,Student,General,No,Yes,No,Education & Scholarships
55,Female,Bihar,473500.0,Farmer,OBC,Yes,No,No,Agriculture & Farmer Welfare
30,Female,Madhya Pradesh,57200.0,Daily Wage Worker,OBC,Yes,No,No,Women & Child Development
48,Male,Karnataka,168900.0,Daily Wage Worker,ST,Yes,No,No,Rural & Urban Livelihood Support
64,Male,Gujarat,191900.0,Daily Wage Worker,OBC,No,No,No,Senior Citizen Pension & Healthcare
53,Male,Karnataka,171100.0,Unemployed,SC,Yes,No,No,Rural & Urban Livelihood Support
62,Female,Maharashtra,48800.0,Unemployed,SC,Yes,No,No,Senior Citizen Pension & Healthcare
41,Female,Gujarat,99100.0,Daily Wage Worker,SC,No,No,No,Women & Child Development
69,Male,Rajasthan,39500.0,Artisan,ST,Yes,No,No,Senior Citizen Pension & Healthcare
73,Male,Karnataka,120700.0,Salaried,General,Yes,No,No,Senior Citizen Pension & Healthcare
32,Female,Madhya Pradesh,67600.0,Self-Employed,ST,No,No,No,Women & Child Development
46,Male,Madhya Pradesh,178400.0,Farmer,OBC,No,No,Yes,Social Welfare & Disability Support
25,Female,Gujarat,242500.0,Farmer,General,Yes,No,No,Agriculture & Farmer Welfare
22,Male,Tamil Nadu,166700.0,Daily Wage Worker,SC,Yes,No,No,Rural & Urban Livelihood Support
46,Male,Rajasthan,132500.0,Salaried,OBC,Yes,No,No,Rural & Urban Livelihood Support
64,Female,Kerala,118200.0,Student,SC,No,Yes,Yes,Social Welfare & Disability Support
21,Female,Rajasthan,361800.0,Student,SC,No,Yes,Yes,Social Welfare & Disability Support
29,Male,Madhya Pradesh,74600.0,Salaried,SC,Yes,No,No,Rural & Urban Livelihood Support
62,Female,Maharashtra,268500.0,Salaried,OBC,No,No,No,Senior Citizen Pension & Healthcare
19,Female,Karnataka,285000.0,Farmer,SC,No,No,Yes,Social Welfare & Disability Support
44,Male,Karnataka,127800.0,Farmer,OBC,Yes,No,No,Agriculture & Farmer Welfare
48,Female,Maharashtra,93500.0,Daily Wage Worker,SC,Yes,No,No,Women & Child Development
68,Female,Uttar Pradesh,144500.0,Farmer,General,Yes,No,No,Senior Citizen Pension & Healthcare
68,Male,Gujarat,47600.0,Unemployed,General,Yes,No,No,Senior Citizen Pension & Healthcare
53,Male,Madhya Pradesh,38500.0,Student,General,No,Yes,No,Education & Scholarships
53,Male,Bihar,51300.0,Student,OBC,No,Yes,No,Education & Scholarships
43,Male,West Bengal,67300.0,Farmer,OBC,Yes,No,No,Agriculture & Farmer Welfare
60,Male,Maharashtra,156300.0,Farmer,OBC,Yes,No,Yes,Social Welfare & Disability Support
44,Male,Maharashtra,370400.0,Student,General,Yes,Yes,No,Education & Scholarships
22,Female,Rajasthan,78400.0,Student,ST,No,Yes,No,Education & Scholarships
37,Male,Gujarat,522500.0,Daily Wage Worker,OBC,Yes,No,No,Rural & Urban Livelihood Support
28,Transgender,Gujarat,587800.0,Student,OBC,Yes,Yes,No,Education & Scholarships
27,Female,Bihar,604500.0,Salaried,General,Yes,No,No,Women & Child Development
57,Female,West Bengal,357100.0,Farmer,SC,Yes,No,No,Agriculture & Farmer Welfare
55,Female,Gujarat,111400.0,Daily Wage Worker,OBC,Yes,No,No,Women & Child Development
23,Female,Tamil Nadu,43600.0,Farmer,OBC,No,No,No,Agriculture & Farmer Welfare
25,Female,Madhya Pradesh,181400.0,Farmer,OBC,Yes,No,No,Agriculture & Farmer Welfare
40,Male,Tamil Nadu,177200.0,Self-Employed,General,Yes,No,No,Skill Development & Entrepreneurship
64,Male,Uttar Pradesh,371500.0,Self-Employed,OBC,Yes,No,No,Senior Citizen Pension & Healthcare
43,Female,Madhya Pradesh,1023500.0,Daily Wage Worker,OBC,Yes,No,No,Women & Child Development
63,Female,Kerala,157700.0,Daily Wage Worker,SC,Yes,No,No,Senior Citizen Pension & Healthcare
60,Female,Madhya Pradesh,106200.0,Daily Wage Worker,General,Yes,No,No,Senior Citizen Pension & Healthcare
29,Male,Madhya Pradesh,67000.0,Artisan,OBC,No,No,No,Skill Development & Entrepreneurship
43,Female,Bihar,30900.0,Salaried,General,Yes,No,No,Women & Child Development
30,Female,Tamil Nadu,158100.0,Self-Employed,General,Yes,No,No,Women & Child Development
57,Female,West Bengal,176000.0,Salaried,ST,Yes,No,No,Women & Child Development
35,Female,Rajasthan,343700.0,Unemployed,OBC,No,No,No,Women & Child Development
42,Female,Bihar,156400.0,Student,SC,Yes,Yes,No,Education & Scholarships
50,Male,Madhya Pradesh,476900.0,Farmer,SC,No,No,No,Agriculture & Farmer Welfare
64,Male,Rajasthan,208000.0,Self-Employed,OBC,Yes,No,No,Senior Citizen Pension & Healthcare
57,Male,Karnataka,360200.0,Daily Wage Worker,ST,Yes,No,No,Rural & Urban Livelihood Support
60,Female,Rajasthan,58900.0,Self-Employed,General,Yes,No,No,Senior Citizen Pension & Healthcare
29,Male,Maharashtra,378000.0,Unemployed,SC,No,No,No,Rural & Urban Livelihood Support
61,Male,Bihar,232400.0,Farmer,OBC,Yes,No,No,Senior Citizen Pension & Healthcare
53,Female,Bihar,63600.0,Farmer,OBC,Yes,No,No,Agriculture & Farmer Welfare
65,Male,Maharashtra,67900.0,Student,General,Yes,Yes,No,Education & Scholarships
21,Female,Karnataka,499900.0,Self-Employed,OBC,Yes,No,No,Women & Child Development
22,Male,Gujarat,35900.0,Daily Wage Worker,General,Yes,Yes,No,Education & Scholarships
73,Female,Gujarat,141800.0,Farmer,OBC,Yes,No,No,Senior Citizen Pension & Healthcare
54,Transgender,Gujarat,97700.0,Self-Employed,General,Yes,No,No,Skill Development & Entrepreneurship
25,Female,Gujarat,226900.0,Student,General,Yes,Yes,No,Education & Scholarships
59,Male,Tamil Nadu,359400.0,Student,OBC,Yes,Yes,No,Education & Scholarships
66,Male,Maharashtra,110400.0,Daily Wage Worker,General,Yes,No,No,Senior Citizen Pension & Healthcare
45,Male,Karnataka,130200.0,Farmer,General,Yes,No,No,Agriculture & Farmer Welfare
48,Female,Madhya Pradesh,752300.0,Daily Wage Worker,OBC,Yes,No,No,Women & Child Development
75,Male,Uttar Pradesh,305800.0,Unemployed,OBC,Yes,No,No,Senior Citizen Pension & Healthcare
26,Male,Bihar,439500.0,Unemployed,OBC,Yes,No,No,Rural & Urban Livelihood Support
71,Female,Rajasthan,134000.0,Student,OBC,Yes,Yes,Yes,Social Welfare & Disability Support
68,Female,Gujarat,78000.0,Artisan,ST,Yes,No,No,Senior Citizen Pension & Healthcare
46,Male,Rajasthan,125500.0,Daily Wage Worker,General,Yes,No,No,Rural & Urban Livelihood Support
31,Male,Uttar Pradesh,256600.0,Daily Wage Worker,OBC,No,No,No,Rural & Urban Livelihood Support
57,Female,Bihar,50900.0,Unemployed,OBC,Yes,No,No,Women & Child Development
58,Female,Kerala,86800.0,Farmer,OBC,Yes,No,No,Agriculture & Farmer Welfare
39,Female,West Bengal,38600.0,Farmer,General,Yes,No,No,Agriculture & Farmer Welfare
28,Male,Karnataka,131900.0,Self-Employed,OBC,Yes,No,No,Skill Development & Entrepreneurship
40,Male,Tamil Nadu,346300.0,Daily Wage Worker,General,Yes,No,No,Rural & Urban Livelihood Support
18,Male,Rajasthan,34500.0,Farmer,OBC,Yes,Yes,No,Education & Scholarships
63,Male,Gujarat,232500.0,Student,SC,No,Yes,No,Education & Scholarships
54,Female,Maharashtra,515200.0,Daily Wage Worker,OBC,Yes,No,No,Women & Child Development
38,Female,Rajasthan,78700.0,Farmer,General,No,No,No,Agriculture & Farmer Welfare
43,Female,Bihar,242900.0,Student,SC,Yes,Yes,No,Education & Scholarships
63,Female,Kerala,694700.0,Student,General,No,Yes,No,Education & Scholarships
53,Male,Karnataka,620000.0,Farmer,SC,Yes,No,No,Agriculture & Farmer Welfare
71,Male,Maharashtra,78200.0,Self-Employed,SC,No,No,No,Senior Citizen Pension & Healthcare
40,Female,West Bengal,49000.0,Farmer,General,Yes,No,No,Agriculture & Farmer Welfare
74,Female,Bihar,58900.0,Student,General,Yes,Yes,No,Education & Scholarships
18,Male,Kerala,247900.0,Student,EWS,Yes,Yes,No,Education & Scholarships
71,Male,Maharashtra,262900.0,Farmer,SC,No,No,No,Senior Citizen Pension & Healthcare
72,Female,West Bengal,231900.0,Self-Employed,ST,No,No,No,Senior Citizen Pension & Healthcare
68,Male,Rajasthan,103700.0,Student,OBC,Yes,Yes,No,Education & Scholarships
57,Male,Bihar,63500.0,Self-Employed,General,No,No,Yes,Social Welfare & Disability Support
32,Female,Madhya Pradesh,186500.0,Student,ST,Yes,Yes,No,Education & Scholarships
38,Male,West Bengal,149000.0,Farmer,OBC,Yes,No,No,Agriculture & Farmer Welfare
64,Female,Kerala,264900.0,Student,EWS,Yes,Yes,No,Education & Scholarships
26,Male,Madhya Pradesh,134800.0,Student,OBC,No,Yes,No,Education & Scholarships
70,Transgender,Madhya Pradesh,104400.0,Daily Wage Worker,ST,Yes,No,No,Senior Citizen Pension & Healthcare
26,Male,Tamil Nadu,92500.0,Artisan,General,Yes,No,No,Skill Development & Entrepreneurship
27,Male,Kerala,72800.0,Unemployed,OBC,Yes,No,No,Rural & Urban Livelihood Support
69,Female,Madhya Pradesh,85600.0,Student,ST,Yes,Yes,No,Education & Scholarships
74,Male,Rajasthan,47900.0,Student,OBC,Yes,Yes,No,Education & Scholarships
70,Male,Bihar,106700.0,Farmer,OBC,Yes,No,No,Senior Citizen Pension & Healthcare
43,Male,Bihar,36700.0,Daily Wage Worker,OBC,Yes,No,No,Rural & Urban Livelihood Support
58,Male,Rajasthan,67100.0,Farmer,General,Yes,No,No,Agriculture & Farmer Welfare
52,Male,Tamil Nadu,277200.0,Artisan,EWS,Yes,No,No,Skill Development & Entrepreneurship
69,Male,Karnataka,100900.0,Farmer,OBC,Yes,No,No,Senior Citizen Pension & Healthcare
42,Female,Tamil Nadu,228600.0,Student,General,No,Yes,No,Education & Scholarships
43,Male,Bihar,257100.0,Salaried,OBC,Yes,No,No,Rural & Urban Livelihood Support
28,Male,Karnataka,186700.0,Self-Employed,SC,No,No,No,Skill Development & Entrepreneurship
55,Male,Tamil Nadu,603600.0,Unemployed,OBC,Yes,No,No,Rural & Urban Livelihood Support
19,Male,Madhya Pradesh,33900.0,Self-Employed,OBC,Yes,No,No,Skill Development & Entrepreneurship
24,Female,Karnataka,271500.0,Self-Employed,OBC,Yes,No,No,Women & Child Development
35,Female,Bihar,604000.0,Student,General,No,Yes,No,Education & Scholarships
44,Male,Rajasthan,386800.0,Self-Employed,ST,No,No,No,Skill Development & Entrepreneurship
51,Male,Gujarat,63100.0,Student,General,Yes,Yes,No,Education & Scholarships
44,Female,Madhya Pradesh,101200.0,Artisan,OBC,Yes,No,No,Women & Child Development
34,Male,Madhya Pradesh,64100.0,Self-Employed,General,No,No,Yes,Social Welfare & Disability Support
60,Female,Gujarat,195500.0,Unemployed,SC,Yes,No,No,Senior Citizen Pension & Healthcare
61,Male,West Bengal,254200.0,Daily Wage Worker,OBC,No,No,No,Senior Citizen Pension & Healthcare
68,Female,Uttar Pradesh,98600.0,Daily Wage Worker,OBC,Yes,No,Yes,Social Welfare & Disability Support
71,Female,Maharashtra,169600.0,Student,OBC,No,Yes,No,Education & Scholarships
41,Female,Kerala,241300.0,Farmer,SC,Yes,No,No,Agriculture & Farmer Welfare
42,Female,Tamil Nadu,128500.0,Student,General,Yes,Yes,No,Education & Scholarships
24,Male,Uttar Pradesh,376400.0,Daily Wage Worker,General,No,No,No,Rural & Urban Livelihood Support
69,Female,Tamil Nadu,295800.0,Salaried,OBC,Yes,No,No,Senior Citizen Pension & Healthcare
23,Female,Uttar Pradesh,42000.0,Farmer,OBC,Yes,No,No,Agriculture & Farmer Welfare
70,Male,Karnataka,204700.0,Student,EWS,Yes,Yes,No,Education & Scholarships
41,Male,Rajasthan,78300.0,Artisan,OBC,Yes,No,Yes,Social Welfare & Disability Support
50,Female,Kerala,176800.0,Unemployed,ST,Yes,No,Yes,Social Welfare & Disability Support
66,Transgender,Kerala,595900.0,Self-Employed,General,No,No,No,Senior Citizen Pension & Healthcare
46,Female,Tamil Nadu,410200.0,Student,OBC,No,Yes,No,Education & Scholarships
60,Male,Gujarat,123300.0,Salaried,General,Yes,No,No,Senior Citizen Pension & Healthcare
39,Male,Karnataka,92000.0,Unemployed,EWS,No,No,No,Rural & Urban Livelihood Support
43,Female,West Bengal,78100.0,Student,General,Yes,Yes,No,Education & Scholarships
45,Female,Kerala,166900.0,Salaried,ST,Yes,No,No,Women & Child Development
67,Female,Maharashtra,51800.0,Artisan,OBC,Yes,No,No,Senior Citizen Pension & Healthcare
38,Female,Tamil Nadu,173400.0,Farmer,General,No,No,No,Agriculture & Farmer Welfare
66,Male,Madhya Pradesh,30200.0,Artisan,ST,No,No,No,Senior Citizen Pension & Healthcare
24,Female,Maharashtra,100400.0,Unemployed,ST,Yes,No,No,Women & Child Development
34,Female,Bihar,74700.0,Self-Employed,General,Yes,No,No,Women & Child Development
37,Female,Tamil Nadu,668600.0,Student,General,Yes,Yes,No,Education & Scholarships
58,Female,Tamil Nadu,263900.0,Salaried,OBC,Yes,No,No,Women & Child Development
66,Male,Madhya Pradesh,107400.0,Student,OBC,Yes,Yes,No,Education & Scholarships
37,Female,Karnataka,47500.0,Daily Wage Worker,OBC,Yes,No,No,Women & Child Development
71,Male,Madhya Pradesh,160900.0,Self-Employed,OBC,No,No,No,Senior Citizen Pension & Healthcare
39,Female,Kerala,73200.0,Farmer,OBC,No,No,No,Agriculture & Farmer Welfare
45,Female,Rajasthan,168400.0,Student,OBC,Yes,Yes,No,Education & Scholarships
57,Male,Tamil Nadu,354700.0,Unemployed,EWS,Yes,No,No,Rural & Urban Livelihood Support
66,Female,Bihar,202200.0,Artisan,SC,No,No,No,Senior Citizen Pension & Healthcare
24,Male,Gujarat,210800.0,Self-Employed,General,No,No,No,Skill Development & Entrepreneurship
18,Male,Tamil Nadu,170200.0,Self-Employed,EWS,Yes,No,No,Skill Development & Entrepreneurship
49,Female,Madhya Pradesh,501800.0,Daily Wage Worker,OBC,Yes,No,No,Women & Child Development
30,Female,Uttar Pradesh,513600.0,Artisan,General,No,No,No,Skill Development & Entrepreneurship
47,Female,Tamil Nadu,159400.0,Farmer,General,No,No,No,Agriculture & Farmer Welfare
40,Female,Tamil Nadu,95700.0,Farmer,OBC,Yes,No,Yes,Social Welfare & Disability Support
68,Female,Bihar,140800.0,Unemployed,SC,Yes,No,No,Senior Citizen Pension & Healthcare
73,Female,Bihar,67200.0,Artisan,OBC,Yes,No,No,Skill Development & Entrepreneurship
36,Female,Tamil Nadu,212100.0,Farmer,OBC,Yes,No,No,Agriculture & Farmer Welfare
49,Male,Uttar Pradesh,154800.0,Salaried,OBC,No,No,No,Rural & Urban Livelihood Support
47,Male,Rajasthan,49600.0,Unemployed,ST,Yes,No,No,Rural & Urban Livelihood Support
46,Male,West Bengal,69600.0,Student,SC,No,Yes,No,Education & Scholarships
66,Female,Uttar Pradesh,147600.0,Salaried,General,Yes,No,No,Senior Citizen Pension & Healthcare
62,Female,Uttar Pradesh,423400.0,Daily Wage Worker,General,Yes,No,No,Senior Citizen Pension & Healthcare
46,Male,Uttar Pradesh,180400.0,Student,OBC,Yes,Yes,No,Education & Scholarships
47,Male,Rajasthan,236000.0,Farmer,General,No,No,No,Agriculture & Farmer Welfare
33,Male,Karnataka,104500.0,Daily Wage Worker,General,No,No,Yes,Social Welfare & Disability Support
57,Female,Karnataka,182500.0,Daily Wage Worker,OBC,Yes,No,No,Women & Child Development
36,Male,Uttar Pradesh,136800.0,Farmer,SC,Yes,No,No,Agriculture & Farmer Welfare
35,Male,West Bengal,223700.0,Farmer,OBC,No,No,No,Agriculture & Farmer Welfare
18,Female,Madhya Pradesh,39300.0,Farmer,OBC,No,No,No,Agriculture & Farmer Welfare
31,Female,Maharashtra,152400.0,Self-Employed,SC,No,No,No,Women & Child Development
68,Male,Karnataka,93200.0,Student,SC,Yes,Yes,No,Education & Scholarships
64,Female,Gujarat,101100.0,Student,General,Yes,Yes,No,Education & Scholarships
67,Female,Bihar,613600.0,Daily Wage Worker,General,Yes,No,No,Senior Citizen Pension & Healthcare
19,Male,Rajasthan,66300.0,Daily Wage Worker,General,No,No,Yes,Social Welfare & Disability Support
71,Male,Rajasthan,97100.0,Self-Employed,SC,No,No,No,Senior Citizen Pension & Healthcare
45,Female,Maharashtra,158400.0,Farmer,SC,Yes,No,No,Agriculture & Farmer Welfare
66,Female,Karnataka,387800.0,Artisan,General,Yes,No,No,Senior Citizen Pension & Healthcare
67,Female,West Bengal,127000.0,Farmer,EWS,Yes,No,No,Senior Citizen Pension & Healthcare
47,Male,West Bengal,275200.0,Salaried,EWS,Yes,No,No,Rural & Urban Livelihood Support
55,Female,Bihar,379300.0,Daily Wage Worker,General,Yes,No,No,Women & Child Development
68,Transgender,Uttar Pradesh,96800.0,Farmer,SC,No,No,No,Senior Citizen Pension & Healthcare
21,Female,Madhya Pradesh,119800.0,Farmer,General,Yes,No,No,Agriculture & Farmer Welfare
18,Female,Karnataka,109400.0,Self-Employed,General,Yes,No,No,Women & Child Development
25,Male,West Bengal,352000.0,Self-Employed,OBC,Yes,No,Yes,Social Welfare & Disability Support
46,Male,Maharashtra,38200.0,Artisan,General,Yes,No,No,Skill Development & Entrepreneurship
72,Female,Bihar,96400.0,Unemployed,ST,Yes,No,No,Senior Citizen Pension & Healthcare
56,Female,Tamil Nadu,234800.0,Daily Wage Worker,SC,No,No,No,Women & Child Development
20,Transgender,Bihar,180000.0,Self-Employed,SC,No,No,No,Skill Development & Entrepreneurship
49,Female,West Bengal,133200.0,Unemployed,OBC,Yes,No,No,Women & Child Development
27,Male,Tamil Nadu,169800.0,Daily Wage Worker,OBC,Yes,No,No,Rural & Urban Livelihood Support
27,Female,Gujarat,69600.0,Daily Wage Worker,OBC,No,No,No,Women & Child Development
36,Male,Kerala,131400.0,Salaried,OBC,Yes,No,No,Rural & Urban Livelihood Support
63,Male,Bihar,155400.0,Farmer,General,Yes,No,No,Senior Citizen Pension & Healthcare
51,Female,Maharashtra,446600.0,Farmer,OBC,No,No,No,Agriculture & Farmer Welfare
50,Male,Maharashtra,84400.0,Salaried,General,No,No,No,Rural & Urban Livelihood Support
40,Female,Madhya Pradesh,394300.0,Daily Wage Worker,General,Yes,No,No,Women & Child Development
72,Female,Uttar Pradesh,216000.0,Salaried,OBC,Yes,No,No,Senior Citizen Pension & Healthcare
45,Male,Bihar,33700.0,Student,OBC,No,Yes,No,Education & Scholarships
49,Female,West Bengal,262100.0,Self-Employed,ST,Yes,No,No,Women & Child Development
67,Male,Kerala,36500.0,Student,OBC,Yes,Yes,No,Senior Citizen Pension & Healthcare
24,Female,Karnataka,1100100.0,Self-Employed,OBC,Yes,No,No,Women & Child Development
46,Female,West Bengal,400900.0,Student,SC,Yes,Yes,No,Education & Scholarships
25,Female,Maharashtra,93500.0,Student,EWS,No,Yes,No,Education & Scholarships
18,Female,Gujarat,83600.0,Student,SC,Yes,Yes,No,Education & Scholarships
74,Female,West Bengal,116500.0,Self-Employed,OBC,No,No,No,Senior Citizen Pension & Healthcare
72,Male,Rajasthan,109300.0,Farmer,OBC,No,No,No,Senior Citizen Pension & Healthcare
20,Male,Maharashtra,113800.0,Student,EWS,Yes,Yes,No,Education & Scholarships
41,Male,Bihar,99000.0,Farmer,SC,Yes,No,No,Agriculture & Farmer Welfare
40,Female,Gujarat,204700.0,Student,General,Yes,Yes,No,Social Welfare & Disability Support
25,Female,Rajasthan,62300.0,Salaried,OBC,Yes,No,No,Women & Child Development
71,Female,Tamil Nadu,366700.0,Farmer,OBC,Yes,No,No,Senior Citizen Pension & Healthcare
74,Female,Kerala,331200.0,Farmer,OBC,Yes,No,No,Senior Citizen Pension & Healthcare
64,Male,Maharashtra,146500.0,Unemployed,General,Yes,No,No,Senior Citizen Pension & Healthcare
54,Female,Bihar,374800.0,Self-Employed,OBC,Yes,No,No,Women & Child Development
20,Female,Rajasthan,81100.0,Daily Wage Worker,EWS,Yes,No,No,Women & Child Development
68,Male,Rajasthan,33200.0,Self-Employed,OBC,Yes,No,No,Senior Citizen Pension & Healthcare
50,Female,Uttar Pradesh,203800.0,Salaried,SC,Yes,No,No,Women & Child Development
45,Female,Rajasthan,140200.0,Farmer,OBC,Yes,No,No,Agriculture & Farmer Welfare
64,Female,Kerala,180700.0,Salaried,General,Yes,No,No,Senior Citizen Pension & Healthcare
25,Female,Gujarat,443300.0,Unemployed,OBC,No,No,No,Women & Child Development
51,Male,Gujarat,660700.0,Self-Employed,SC,No,No,No,Skill Development & Entrepreneurship
52,Female,Rajasthan,211100.0,Daily Wage Worker,General,Yes,No,No,Women & Child Development
49,Female,Bihar,289900.0,Self-Employed,OBC,No,No,No,Women & Child Development
41,Female,Maharashtra,45800.0,Student,ST,No,Yes,No,Education & Scholarships
31,Female,Bihar,61500.0,Farmer,General,Yes,No,Yes,Social Welfare & Disability Support
49,Female,Madhya Pradesh,267800.0,Salaried,ST,Yes,No,Yes,Social Welfare & Disability Support
73,Male,Maharashtra,131600.0,Self-Employed,ST,No,No,No,Senior Citizen Pension & Healthcare
63,Male,Tamil Nadu,136300.0,Farmer,ST,Yes,No,No,Senior Citizen Pension & Healthcare
60,Male,Kerala,96400.0,Daily Wage Worker,OBC,Yes,No,No,Senior Citizen Pension & Healthcare
33,Female,Bihar,198300.0,Self-Employed,OBC,No,No,No,Women & Child Development
21,Male,Uttar Pradesh,66900.0,Student,EWS,Yes,Yes,Yes,Social Welfare & Disability Support
69,Male,Gujarat,207500.0,Daily Wage Worker,General,Yes,No,No,Senior Citizen Pension & Healthcare
54,Female,Rajasthan,64400.0,Daily Wage Worker,OBC,Yes,No,No,Women & Child Development
71,Male,Maharashtra,41900.0,Student,SC,Yes,Yes,No,Education & Scholarships
38,Female,Rajasthan,102200.0,Salaried,OBC,Yes,No,No,Women & Child Development
31,Female,Tamil Nadu,77300.0,Farmer,SC,No,No,No,Agriculture & Farmer Welfare
48,Male,Madhya Pradesh,425700.0,Artisan,SC,Yes,No,No,Skill Development & Entrepreneurship
72,Female,Rajasthan,40200.0,Student,SC,Yes,Yes,No,Education & Scholarships
65,Male,Bihar,65000.0,Self-Employed,OBC,Yes,No,No,Senior Citizen Pension & Healthcare
35,Female,Maharashtra,173200.0,Farmer,General,Yes,No,No,Agriculture & Farmer Welfare
24,Male,Uttar Pradesh,148100.0,Farmer,General,No,Yes,No,Education & Scholarships
27,Male,Tamil Nadu,38400.0,Unemployed,General,Yes,No,No,Rural & Urban Livelihood Support
24,Male,West Bengal,31300.0,Student,OBC,Yes,Yes,No,Education & Scholarships
50,Female,Kerala,827100.0,Unemployed,General,Yes,No,No,Women & Child Development
40,Female,Madhya Pradesh,223600.0,Self-Employed,General,Yes,No,No,Women & Child Development
38,Female,Bihar,111900.0,Salaried,General,Yes,No,No,Women & Child Development
36,Female,Kerala,144400.0,Self-Employed,SC,Yes,No,No,Women & Child Development
65,Female,Uttar Pradesh,85800.0,Student,General,Yes,Yes,No,Education & Scholarships
36,Male,Kerala,106100.0,Student,OBC,Yes,Yes,No,Education & Scholarships
53,Male,Gujarat,218500.0,Salaried,SC,No,No,No,Rural & Urban Livelihood Support
46,Transgender,Maharashtra,415900.0,Unemployed,SC,Yes,No,No,Rural & Urban Livelihood Support
35,Female,Kerala,66600.0,Farmer,OBC,Yes,No,No,Agriculture & Farmer Welfare
19,Female,Bihar,360300.0,Self-Employed,General,No,No,No,Skill Development & Entrepreneurship
18,Female,West Bengal,53300.0,Artisan,OBC,No,No,No,Women & Child Development
64,Male,Gujarat,73600.0,Salaried,OBC,Yes,No,No,Senior Citizen Pension & Healthcare
22,Male,Gujarat,36800.0,Salaried,ST,No,No,Yes,Social Welfare & Disability Support
37,Male,Kerala,57300.0,Salaried,ST,No,No,No,Rural & Urban Livelihood Support
28,Male,Madhya Pradesh,478700.0,Unemployed,General,Yes,No,No,Rural & Urban Livelihood Support
59,Male,Karnataka,140700.0,Salaried,SC,Yes,No,No,Rural & Urban Livelihood Support
19,Female,Madhya Pradesh,44600.0,Farmer,ST,Yes,No,No,Agriculture & Farmer Welfare
20,Female,Rajasthan,608200.0,Unemployed,EWS,Yes,No,No,Women & Child Development
40,Male,Bihar,410100.0,Daily Wage Worker,General,Yes,No,No,Rural & Urban Livelihood Support
72,Female,Karnataka,282900.0,Salaried,General,Yes,No,No,Senior Citizen Pension & Healthcare
29,Female,Maharashtra,517800.0,Self-Employed,General,No,No,No,Skill Development & Entrepreneurship
37,Male,Gujarat,74800.0,Student,OBC,Yes,Yes,No,Education & Scholarships
22,Transgender,Bihar,355800.0,Self-Employed,General,Yes,Yes,No,Education & Scholarships
54,Male,Uttar Pradesh,240800.0,Daily Wage Worker,SC,Yes,No,Yes,Social Welfare & Disability Support
55,Male,Rajasthan,396900.0,Farmer,SC,No,No,No,Agriculture & Farmer Welfare
47,Male,West Bengal,316900.0,Farmer,ST,No,No,No,Agriculture & Farmer Welfare
26,Female,Rajasthan,106600.0,Self-Employed,OBC,Yes,No,No,Women & Child Development
51,Female,Bihar,298000.0,Farmer,General,Yes,No,Yes,Social Welfare & Disability Support
70,Male,Maharashtra,84800.0,Farmer,OBC,Yes,No,No,Senior Citizen Pension & Healthcare
61,Male,Gujarat,101700.0,Student,OBC,No,Yes,No,Education & Scholarships
52,Female,Tamil Nadu,50600.0,Salaried,ST,Yes,No,No,Women & Child Development
69,Male,Tamil Nadu,522200.0,Daily Wage Worker,General,Yes,No,No,Senior Citizen Pension & Healthcare
75,Female,Bihar,91900.0,Student,SC,Yes,Yes,No,Education & Scholarships
39,Female,Kerala,162300.0,Daily Wage Worker,OBC,No,No,No,Women & Child Development
61,Male,Madhya Pradesh,119400.0,Daily Wage Worker,General,Yes,No,No,Senior Citizen Pension & Healthcare
41,Female,Rajasthan,609100.0,Student,SC,No,Yes,No,Education & Scholarships
34,Female,Maharashtra,103400.0,Farmer,OBC,Yes,No,No,Agriculture & Farmer Welfare
27,Female,Rajasthan,301400.0,Self-Employed,OBC,Yes,No,No,Women & Child Development
47,Male,Uttar Pradesh,378100.0,Artisan,OBC,Yes,No,No,Skill Development & Entrepreneurship
73,Female,Tamil Nadu,133000.0,Daily Wage Worker,General,Yes,No,No,Senior Citizen Pension & Healthcare
63,Male,Gujarat,115500.0,Artisan,EWS,No,No,No,Senior Citizen Pension & Healthcare
40,Male,Uttar Pradesh,277900.0,Student,SC,No,Yes,No,Education & Scholarships
49,Female,Gujarat,469300.0,Salaried,EWS,No,No,No,Rural & Urban Livelihood Support
34,Transgender,Rajasthan,283100.0,Farmer,ST,No,No,No,Agriculture & Farmer Welfare
67,Female,Maharashtra,76400.0,Daily Wage Worker,ST,No,No,No,Senior Citizen Pension & Healthcare
68,Male,Tamil Nadu,424600.0,Student,General,Yes,Yes,No,Education & Scholarships
34,Male,Rajasthan,118300.0,Farmer,General,No,No,Yes,Skill Development & Entrepreneurship
31,Male,Tamil Nadu,184500.0,Artisan,General,No,No,No,Skill Development & Entrepreneurship
26,Female,Bihar,350500.0,Farmer,SC,Yes,No,No,Agriculture & Farmer Welfare
57,Male,West Bengal,67600.0,Artisan,OBC,No,No,No,Skill Development & Entrepreneurship
19,Female,West Bengal,306300.0,Student,OBC,Yes,Yes,No,Education & Scholarships
62,Female,Gujarat,193200.0,Self-Employed,EWS,Yes,No,No,Senior Citizen Pension & Healthcare
42,Male,Rajasthan,432900.0,Daily Wage Worker,OBC,Yes,No,No,Rural & Urban Livelihood Support
56,Female,Karnataka,64000.0,Student,EWS,Yes,Yes,No,Education & Scholarships
26,Male,Tamil Nadu,128300.0,Unemployed,SC,Yes,No,No,Rural & Urban Livelihood Support
71,Female,Tamil Nadu,352000.0,Farmer,OBC,No,No,No,Senior Citizen Pension & Healthcare
39,Female,Karnataka,33500.0,Farmer,SC,Yes,No,No,Agriculture & Farmer Welfare
60,Male,Kerala,51400.0,Daily Wage Worker,SC,Yes,No,No,Senior Citizen Pension & Healthcare
63,Female,Rajasthan,869400.0,Artisan,OBC,Yes,No,Yes,Senior Citizen Pension & Healthcare
21,Male,Karnataka,89200.0,Artisan,SC,Yes,No,No,Skill Development & Entrepreneurship
43,Male,West Bengal,698000.0,Student,SC,Yes,Yes,No,Education & Scholarships
75,Male,Tamil Nadu,66300.0,Unemployed,OBC,Yes,No,No,Senior Citizen Pension & Healthcare
46,Female,West Bengal,110600.0,Self-Employed,OBC,Yes,No,No,Women & Child Development
62,Male,Rajasthan,281600.0,Student,OBC,Yes,Yes,No,Education & Scholarships
51,Male,Maharashtra,223000.0,Farmer,OBC,No,No,No,Agriculture & Farmer Welfare
40,Male,Maharashtra,186600.0,Unemployed,OBC,Yes,No,No,Rural & Urban Livelihood Support
54,Female,Gujarat,165900.0,Self-Employed,SC,Yes,No,No,Women & Child Development
28,Male,West Bengal,363800.0,Student,OBC,No,Yes,No,Education & Scholarships
23,Male,West Bengal,78200.0,Farmer,ST,No,No,No,Agriculture & Farmer Welfare
35,Male,West Bengal,135200.0,Farmer,OBC,Yes,No,No,Agriculture & Farmer Welfare
38,Female,Kerala,60400.0,Self-Employed,General,Yes,No,No,Women & Child Development
59,Female,West Bengal,193100.0,Unemployed,General,No,No,No,Women & Child Development
53,Male,Maharashtra,81900.0,Artisan,ST,No,No,No,Skill Development & Entrepreneurship
58,Female,Kerala,103100.0,Artisan,General,No,No,No,Women & Child Development
55,Male,Gujarat,144700.0,Salaried,OBC,Yes,No,No,Rural & Urban Livelihood Support
51,Female,Bihar,34900.0,Self-Employed,ST,Yes,No,No,Women & Child Development
34,Male,Uttar Pradesh,47400.0,Self-Employed,OBC,Yes,No,No,Skill Development & Entrepreneurship
54,Female,Gujarat,238500.0,Farmer,OBC,No,No,No,Agriculture & Farmer Welfare
42,Female,Madhya Pradesh,130900.0,Self-Employed,General,Yes,No,No,Women & Child Development
55,Male,Kerala,390200.0,Self-Employed,SC,Yes,No,Yes,Social Welfare & Disability Support
75,Male,Maharashtra,243500.0,Farmer,OBC,Yes,No,No,Senior Citizen Pension & Healthcare
29,Male,Maharashtra,31500.0,Salaried,General,No,No,No,Rural & Urban Livelihood Support
40,Female,Rajasthan,202600.0,Salaried,General,Yes,No,No,Rural & Urban Livelihood Support
70,Male,Tamil Nadu,47700.0,Daily Wage Worker,ST,Yes,No,No,Senior Citizen Pension & Healthcare
59,Male,West Bengal,303300.0,Self-Employed,OBC,No,No,No,Skill Development & Entrepreneurship
39,Male,Maharashtra,888300.0,Artisan,OBC,Yes,No,No,Skill Development & Entrepreneurship
38,Female,West Bengal,166400.0,Farmer,General,Yes,No,No,Agriculture & Farmer Welfare
44,Male,Karnataka,236700.0,Farmer,OBC,Yes,No,No,Agriculture & Farmer Welfare
74,Male,Tamil Nadu,78800.0,Daily Wage Worker,SC,Yes,No,No,Senior Citizen Pension & Healthcare
48,Transgender,Karnataka,133600.0,Artisan,General,Yes,No,No,Skill Development & Entrepreneurship
23,Female,West Bengal,378900.0,Salaried,SC,No,No,No,Women & Child Development
44,Male,Kerala,63000.0,Student,SC,Yes,Yes,No,Education & Scholarships
57,Male,Madhya Pradesh,85600.0,Self-Employed,ST,No,No,No,Skill Development & Entrepreneurship
51,Female,Tamil Nadu,136100.0,Self-Employed,General,Yes,No,No,Women & Child Development
29,Female,Kerala,254200.0,Self-Employed,EWS,Yes,No,No,Women & Child Development
62,Female,Maharashtra,114900.0,Salaried,OBC,No,No,No,Senior Citizen Pension & Healthcare
74,Female,Madhya Pradesh,502900.0,Salaried,SC,Yes,No,No,Senior Citizen Pension & Healthcare
70,Female,Bihar,47900.0,Student,General,Yes,Yes,No,Education & Scholarships
24,Male,Maharashtra,113400.0,Student,SC,Yes,Yes,No,Education & Scholarships
27,Male,Uttar Pradesh,252200.0,Student,General,Yes,Yes,No,Skill Development & Entrepreneurship
62,Male,Gujarat,76100.0,Daily Wage Worker,SC,Yes,No,No,Senior Citizen Pension & Healthcare
34,Male,Tamil Nadu,222300.0,Farmer,ST,No,No,No,Agriculture & Farmer Welfare
43,Female,Uttar Pradesh,62300.0,Daily Wage Worker,SC,Yes,No,No,Women & Child Development
38,Female,West Bengal,40400.0,Artisan,SC,No,No,No,Women & Child Development
45,Male,Tamil Nadu,53200.0,Self-Employed,OBC,Yes,No,No,Skill Development & Entrepreneurship
75,Female,Gujarat,508600.0,Daily Wage Worker,OBC,Yes,No,No,Senior Citizen Pension & Healthcare
63,Female,Tamil Nadu,174400.0,Self-Employed,EWS,Yes,No,No,Senior Citizen Pension & Healthcare
19,Female,Kerala,316400.0,Self-Employed,SC,Yes,No,No,Women & Child Development
71,Female,Karnataka,102800.0,Student,General,Yes,Yes,No,Education & Scholarships
60,Male,Rajasthan,191700.0,Artisan,OBC,No,No,No,Senior Citizen Pension & Healthcare
18,Female,Kerala,153000.0,Self-Employed,OBC,Yes,No,No,Women & Child Development
68,Female,Gujarat,554500.0,Artisan,OBC,Yes,No,No,Senior Citizen Pension & Healthcare
70,Female,Tamil Nadu,277800.0,Salaried,General,No,No,No,Senior Citizen Pension & Healthcare
53,Male,Kerala,266000.0,Salaried,OBC,Yes,No,Yes,Social Welfare & Disability Support
68,Female,Karnataka,38500.0,Unemployed,OBC,Yes,No,No,Senior Citizen Pension & Healthcare
43,Male,Uttar Pradesh,173600.0,Farmer,General,Yes,No,No,Agriculture & Farmer Welfare
46,Female,Kerala,143300.0,Daily Wage Worker,General,Yes,No,No,Skill Development & Entrepreneurship
38,Female,West Bengal,503200.0,Farmer,OBC,Yes,No,No,Agriculture & Farmer Welfare
28,Male,Uttar Pradesh,83600.0,Farmer,General,Yes,No,No,Agriculture & Farmer Welfare
57,Female,Gujarat,86600.0,Farmer,ST,Yes,No,Yes,Social Welfare & Disability Support
28,Female,Uttar Pradesh,125400.0,Student,General,No,Yes,No,Education & Scholarships
53,Female,Tamil Nadu,80200.0,Farmer,ST,No,No,No,Agriculture & Farmer Welfare
66,Male,Madhya Pradesh,54900.0,Artisan,ST,No,No,No,Senior Citizen Pension & Healthcare
56,Female,Madhya Pradesh,380600.0,Salaried,OBC,Yes,No,No,Women & Child Development
57,Male,Bihar,177100.0,Farmer,OBC,Yes,No,No,Agriculture & Farmer Welfare
52,Female,West Bengal,385700.0,Salaried,General,Yes,No,No,Women & Child Development
71,Female,Tamil Nadu,350200.0,Farmer,General,Yes,No,No,Senior Citizen Pension & Healthcare
51,Female,Gujarat,89600.0,Farmer,General,Yes,No,No,Agriculture & Farmer Welfare
72,Male,Maharashtra,172800.0,Self-Employed,OBC,Yes,No,No,Senior Citizen Pension & Healthcare
64,Female,Madhya Pradesh,45600.0,Daily Wage Worker,General,Yes,No,No,Senior Citizen Pension & Healthcare
41,Female,Gujarat,474300.0,Student,OBC,No,Yes,No,Education & Scholarships
71,Female,Uttar Pradesh,123200.0,Farmer,EWS,Yes,No,No,Senior Citizen Pension & Healthcare
39,Female,Kerala,120100.0,Artisan,OBC,No,No,No,Women & Child Development
22,Female,Madhya Pradesh,94900.0,Farmer,ST,No,No,No,Agriculture & Farmer Welfare
73,Male,Tamil Nadu,141100.0,Daily Wage Worker,OBC,Yes,No,No,Senior Citizen Pension & Healthcare
50,Female,Madhya Pradesh,82200.0,Self-Employed,OBC,Yes,No,No,Women & Child Development
75,Female,Karnataka,114600.0,Student,OBC,Yes,Yes,No,Education & Scholarships
53,Male,Karnataka,319700.0,Salaried,EWS,No,No,No,Rural & Urban Livelihood Support
64,Female,Karnataka,353500.0,Farmer,OBC,Yes,No,No,Women & Child Development
37,Female,West Bengal,95300.0,Daily Wage Worker,General,Yes,No,No,Women & Child Development
36,Female,Madhya Pradesh,143900.0,Daily Wage Worker,ST,Yes,No,No,Women & Child Development
52,Male,Bihar,402600.0,Salaried,SC,Yes,No,No,Rural & Urban Livelihood Support
69,Female,Gujarat,39700.0,Artisan,OBC,No,No,No,Senior Citizen Pension & Healthcare
60,Male,Karnataka,425900.0,Self-Employed,EWS,Yes,No,No,Senior Citizen Pension & Healthcare
34,Female,Uttar Pradesh,74500.0,Farmer,ST,Yes,No,No,Agriculture & Farmer Welfare
62,Male,Tamil Nadu,234300.0,Daily Wage Worker,General,Yes,No,No,Senior Citizen Pension & Healthcare
60,Female,West Bengal,187200.0,Artisan,General,No,No,No,Senior Citizen Pension & Healthcare
51,Male,Rajasthan,174900.0,Artisan,EWS,Yes,No,No,Skill Development & Entrepreneurship
26,Male,Karnataka,383100.0,Unemployed,EWS,No,No,No,Rural & Urban Livelihood Support
43,Male,Gujarat,49300.0,Student,General,No,Yes,No,Education & Scholarships
19,Female,Uttar Pradesh,106700.0,Salaried,ST,No,No,No,Women & Child Development
70,Female,Tamil Nadu,169100.0,Unemployed,OBC,Yes,No,No,Senior Citizen Pension & Healthcare
26,Female,Kerala,330200.0,Self-Employed,OBC,Yes,No,No,Women & Child Development
26,Female,Maharashtra,73900.0,Artisan,OBC,Yes,No,No,Women & Child Development
57,Female,Uttar Pradesh,322400.0,Farmer,OBC,Yes,No,No,Agriculture & Farmer Welfare
34,Male,Bihar,121800.0,Salaried,General,Yes,No,No,Rural & Urban Livelihood Support
18,Female,Uttar Pradesh,67700.0,Student,General,Yes,Yes,No,Education & Scholarships
42,Female,Uttar Pradesh,286100.0,Self-Employed,OBC,Yes,No,No,Women & Child Development
60,Male,Bihar,47200.0,Daily Wage Worker,General,Yes,No,No,Senior Citizen Pension & Healthcare
57,Male,Kerala,160200.0,Salaried,OBC,Yes,No,Yes,Social Welfare & Disability Support
59,Female,West Bengal,41900.0,Unemployed,EWS,Yes,No,No,Women & Child Development
42,Male,Madhya Pradesh,109300.0,Self-Employed,ST,No,No,No,Skill Development & Entrepreneurship
56,Female,Tamil Nadu,195400.0,Student,General,Yes,Yes,No,Education & Scholarships
52,Male,Uttar Pradesh,176200.0,Farmer,ST,No,No,No,Agriculture & Farmer Welfare
20,Male,Uttar Pradesh,123400.0,Student,OBC,Yes,Yes,No,Education & Scholarships
67,Male,Bihar,130900.0,Salaried,SC,No,No,No,Senior Citizen Pension & Healthcare
54,Male,Gujarat,76300.0,Daily Wage Worker,EWS,No,No,No,Rural & Urban Livelihood Support
61,Female,Uttar Pradesh,139500.0,Daily Wage Worker,General,Yes,No,No,Senior Citizen Pension & Healthcare
61,Female,Uttar Pradesh,581300.0,Self-Employed,SC,Yes,No,No,Senior Citizen Pension & Healthcare
68,Male,Bihar,372000.0,Self-Employed,OBC,Yes,No,No,Senior Citizen Pension & Healthcare
47,Female,Gujarat,58200.0,Student,OBC,Yes,Yes,No,Education & Scholarships
55,Male,Bihar,35400.0,Farmer,General,No,No,No,Agriculture & Farmer Welfare
51,Female,West Bengal,518000.0,Student,EWS,No,Yes,No,Education & Scholarships
29,Female,Uttar Pradesh,164700.0,Daily Wage Worker,General,Yes,No,No,Women & Child Development
36,Female,Karnataka,168900.0,Student,ST,Yes,Yes,No,Education & Scholarships
54,Female,Tamil Nadu,303100.0,Daily Wage Worker,ST,No,No,No,Women & Child Development
61,Male,Gujarat,98000.0,Daily Wage Worker,OBC,Yes,No,No,Senior Citizen Pension & Healthcare
66,Male,Karnataka,148400.0,Artisan,General,No,No,No,Senior Citizen Pension & Healthcare
34,Male,Bihar,653300.0,Student,General,Yes,Yes,No,Education & Scholarships
27,Male,Uttar Pradesh,230700.0,Farmer,General,Yes,No,Yes,Social Welfare & Disability Support
74,Male,Bihar,60000.0,Farmer,OBC,Yes,No,No,Senior Citizen Pension & Healthcare
72,Male,Madhya Pradesh,55700.0,Daily Wage Worker,EWS,Yes,No,No,Senior Citizen Pension & Healthcare
66,Female,Madhya Pradesh,71100.0,Student,SC,No,Yes,No,Education & Scholarships
64,Male,West Bengal,292000.0,Unemployed,General,No,No,No,Women & Child Development
29,Female,Uttar Pradesh,93000.0,Daily Wage Worker,General,Yes,No,No,Women & Child Development
33,Female,Uttar Pradesh,33900.0,Farmer,OBC,Yes,No,Yes,Social Welfare & Disability Support
41,Male,Karnataka,549400.0,Daily Wage Worker,General,No,No,No,Rural & Urban Livelihood Support
36,Female,Rajasthan,63500.0,Daily Wage Worker,ST,Yes,No,No,Women & Child Development
25,Female,Uttar Pradesh,31700.0,Daily Wage Worker,ST,No,No,No,Women & Child Development
48,Female,West Bengal,78700.0,Farmer,OBC,Yes,No,No,Agriculture & Farmer Welfare
38,Female,Gujarat,78200.0,Student,General,No,Yes,No,Education & Scholarships
34,Male,Gujarat,128700.0,Farmer,SC,No,No,No,Agriculture & Farmer Welfare
40,Female,Bihar,485500.0,Farmer,OBC,Yes,No,No,Agriculture & Farmer Welfare
54,Female,Karnataka,410400.0,Unemployed,OBC,No,No,No,Women & Child Development
71,Female,Kerala,139900.0,Daily Wage Worker,General,Yes,No,Yes,Social Welfare & Disability Support
33,Female,Maharashtra,125200.0,Salaried,General,Yes,No,No,Women & Child Development
23,Male,Bihar,175700.0,Student,OBC,Yes,Yes,No,Education & Scholarships
25,Female,Uttar Pradesh,80200.0,Student,OBC,No,Yes,No,Education & Scholarships
42,Male,Bihar,39600.0,Daily Wage Worker,OBC,No,No,No,Rural & Urban Livelihood Support
35,Male,Kerala,534100.0,Farmer,OBC,No,No,No,Agriculture & Farmer Welfare
42,Male,Maharashtra,67200.0,Farmer,General,No,No,No,Agriculture & Farmer Welfare
29,Male,Kerala,69800.0,Self-Employed,OBC,Yes,No,No,Skill Development & Entrepreneurship
32,Male,Kerala,145100.0,Student,OBC,Yes,Yes,No,Education & Scholarships
43,Female,Madhya Pradesh,151800.0,Self-Employed,ST,Yes,No,No,Women & Child Development
58,Female,Gujarat,33300.0,Farmer,OBC,No,No,No,Agriculture & Farmer Welfare
62,Female,Rajasthan,58800.0,Self-Employed,General,No,No,No,Senior Citizen Pension & Healthcare
43,Male,Uttar Pradesh,115500.0,Unemployed,EWS,Yes,No,No,Rural & Urban Livelihood Support
64,Female,West Bengal,237200.0,Student,General,No,Yes,No,Education & Scholarships
49,Female,Karnataka,76700.0,Salaried,SC,Yes,No,No,Women & Child Development
27,Female,Bihar,129000.0,Self-Employed,General,Yes,No,No,Women & Child Development
33,Female,Uttar Pradesh,176700.0,Salaried,OBC,Yes,No,No,Women & Child Development
24,Female,Madhya Pradesh,425000.0,Farmer,General,No,Yes,No,Education & Scholarships
34,Male,Gujarat,101000.0,Self-Employed,General,Yes,No,No,Skill Development & Entrepreneurship
40,Female,Bihar,55800.0,Artisan,OBC,No,No,No,Women & Child Development
43,Male,Karnataka,150900.0,Daily Wage Worker,General,Yes,No,Yes,Social Welfare & Disability Support
38,Male,Rajasthan,277200.0,Self-Employed,ST,Yes,No,No,Skill Development & Entrepreneurship
39,Female,Uttar Pradesh,50900.0,Artisan,OBC,Yes,No,No,Women & Child Development
75,Female,West Bengal,129500.0,Salaried,General,No,No,No,Senior Citizen Pension & Healthcare
24,Female,Gujarat,33200.0,Farmer,General,Yes,No,No,Agriculture & Farmer Welfare
31,Female,Tamil Nadu,36100.0,Farmer,SC,No,No,No,Agriculture & Farmer Welfare
32,Male,Uttar Pradesh,148700.0,Self-Employed,SC,Yes,No,No,Skill Development & Entrepreneurship
70,Female,Kerala,93700.0,Self-Employed,SC,Yes,No,No,Senior Citizen Pension & Healthcare
24,Female,Kerala,365700.0,Artisan,OBC,No,No,No,Women & Child Development
26,Male,West Bengal,195900.0,Artisan,OBC,Yes,No,No,Skill Development & Entrepreneurship
68,Male,Maharashtra,138900.0,Salaried,OBC,No,No,No,Senior Citizen Pension & Healthcare
65,Male,West Bengal,124300.0,Daily Wage Worker,SC,Yes,No,No,Senior Citizen Pension & Healthcare
25,Male,Gujarat,153800.0,Student,SC,No,Yes,No,Education & Scholarships
67,Male,Kerala,37400.0,Farmer,EWS,No,No,No,Senior Citizen Pension & Healthcare
40,Female,Rajasthan,431900.0,Salaried,General,No,No,No,Rural & Urban Livelihood Support
46,Male,Rajasthan,1178200.0,Daily Wage Worker,General,Yes,No,No,Rural & Urban Livelihood Support
35,Female,Kerala,66000.0,Salaried,General,Yes,No,No,Women & Child Development
48,Male,Gujarat,53100.0,Farmer,OBC,Yes,No,No,Agriculture & Farmer Welfare
47,Male,Madhya Pradesh,57900.0,Daily Wage Worker,General,Yes,No,No,Rural & Urban Livelihood Support
69,Female,Karnataka,224700.0,Daily Wage Worker,General,Yes,No,No,Senior Citizen Pension & Healthcare
56,Male,Karnataka,225000.0,Farmer,EWS,Yes,No,No,Agriculture & Farmer Welfare
52,Male,Gujarat,369000.0,Self-Employed,OBC,No,No,No,Skill Development & Entrepreneurship
35,Female,Tamil Nadu,280900.0,Self-Employed,EWS,No,No,No,Women & Child Development
59,Male,Karnataka,137500.0,Artisan,General,Yes,No,No,Skill Development & Entrepreneurship
56,Female,Bihar,200800.0,Unemployed,OBC,No,No,No,Women & Child Development
34,Male,Karnataka,239800.0,Unemployed,OBC,Yes,No,No,Rural & Urban Livelihood Support
31,Female,Bihar,159400.0,Unemployed,OBC,No,No,No,Women & Child Development
48,Male,Kerala,146200.0,Unemployed,General,No,No,No,Rural & Urban Livelihood Support
41,Male,Madhya Pradesh,216500.0,Artisan,OBC,No,No,No,Skill Development & Entrepreneurship
52,Male,West Bengal,176700.0,Farmer,General,Yes,No,No,Agriculture & Farmer Welfare
61,Male,Madhya Pradesh,215900.0,Unemployed,EWS,No,No,No,Senior Citizen Pension & Healthcare
62,Female,Karnataka,200800.0,Artisan,SC,Yes,No,No,Senior Citizen Pension & Healthcare
51,Male,Karnataka,258600.0,Farmer,SC,No,No,No,Agriculture & Farmer Welfare
20,Female,Gujarat,215300.0,Self-Employed,OBC,Yes,No,No,Women & Child Development
54,Male,West Bengal,162000.0,Student,General,No,Yes,No,Education & Scholarships
60,Female,Karnataka,236100.0,Daily Wage Worker,OBC,Yes,No,No,Senior Citizen Pension & Healthcare
57,Female,Maharashtra,137400.0,Farmer,ST,Yes,No,No,Agriculture & Farmer Welfare
43,Male,Maharashtra,79800.0,Farmer,OBC,Yes,No,No,Agriculture & Farmer Welfare
72,Female,Tamil Nadu,30300.0,Salaried,General,Yes,No,No,Senior Citizen Pension & Healthcare
40,Female,Kerala,177800.0,Daily Wage Worker,General,No,No,No,Women & Child Development
61,Female,Bihar,190800.0,Unemployed,General,No,No,No,Senior Citizen Pension & Healthcare
56,Female,Madhya Pradesh,673900.0,Self-Employed,SC,No,No,No,Women & Child Development
32,Female,Kerala,110700.0,Unemployed,OBC,Yes,No,No,Women & Child Development
73,Female,Bihar,120200.0,Daily Wage Worker,OBC,No,No,No,Senior Citizen Pension & Healthcare
66,Female,Bihar,70600.0,Self-Employed,SC,Yes,No,No,Senior Citizen Pension & Healthcare
21,Female,Uttar Pradesh,43200.0,Salaried,General,No,No,No,Women & Child Development
46,Male,Karnataka,296700.0,Farmer,General,No,No,No,Agriculture & Farmer Welfare
39,Female,Tamil Nadu,81700.0,Salaried,OBC,Yes,No,No,Women & Child Development
42,Male,Karnataka,199000.0,Artisan,SC,No,No,No,Skill Development & Entrepreneurship
30,Male,Tamil Nadu,239500.0,Self-Employed,EWS,No,No,No,Skill Development & Entrepreneurship
35,Female,Kerala,144700.0,Student,General,Yes,Yes,No,Education & Scholarships
50,Male,Gujarat,406300.0,Self-Employed,ST,Yes,No,No,Skill Development & Entrepreneurship
33,Male,Gujarat,135600.0,Self-Employed,General,Yes,No,No,Skill Development & Entrepreneurship
62,Transgender,Kerala,90400.0,Salaried,OBC,No,No,No,Senior Citizen Pension & Healthcare
59,Male,West Bengal,437400.0,Salaried,OBC,Yes,No,No,Rural & Urban Livelihood Support
61,Female,Maharashtra,385900.0,Salaried,General,Yes,No,No,Senior Citizen Pension & Healthcare
19,Male,Bihar,62300.0,Farmer,General,Yes,No,No,Education & Scholarships
72,Male,Tamil Nadu,34700.0,Salaried,SC,Yes,No,No,Senior Citizen Pension & Healthcare
52,Male,Rajasthan,47000.0,Artisan,SC,No,No,No,Skill Development & Entrepreneurship
59,Female,Karnataka,90800.0,Unemployed,EWS,Yes,No,No,Women & Child Development
51,Male,Kerala,675300.0,Farmer,General,No,No,No,Agriculture & Farmer Welfare
47,Male,Bihar,177200.0,Self-Employed,General,Yes,No,No,Skill Development & Entrepreneurship
72,Female,Tamil Nadu,114100.0,Salaried,OBC,Yes,No,No,Senior Citizen Pension & Healthcare
30,Female,Madhya Pradesh,425200.0,Salaried,General,Yes,No,No,Women & Child Development
30,Female,West Bengal,138600.0,Daily Wage Worker,ST,No,No,No,Women & Child Development
35,Male,Karnataka,98200.0,Unemployed,OBC,Yes,No,No,Rural & Urban Livelihood Support
49,Male,Gujarat,540100.0,Student,EWS,Yes,Yes,No,Education & Scholarships
49,Male,Kerala,370900.0,Daily Wage Worker,EWS,Yes,No,No,Rural & Urban Livelihood Support
52,Female,Gujarat,364000.0,Self-Employed,General,Yes,No,No,Women & Child Development
56,Male,Tamil Nadu,159200.0,Student,OBC,No,Yes,No,Education & Scholarships
63,Female,Gujarat,310400.0,Student,OBC,No,Yes,No,Education & Scholarships
69,Female,Karnataka,65600.0,Student,OBC,Yes,Yes,No,Education & Scholarships
46,Male,Maharashtra,183300.0,Daily Wage Worker,OBC,Yes,No,No,Rural & Urban Livelihood Support
66,Transgender,Bihar,772600.0,Student,General,No,Yes,No,Education & Scholarships
46,Male,Maharashtra,91900.0,Artisan,OBC,Yes,No,No,Skill Development & Entrepreneurship
70,Male,Kerala,314700.0,Farmer,SC,Yes,No,No,Senior Citizen Pension & Healthcare
61,Female,Maharashtra,151400.0,Self-Employed,OBC,Yes,No,No,Senior Citizen Pension & Healthcare
74,Female,Uttar Pradesh,37300.0,Daily Wage Worker,OBC,Yes,No,Yes,Social Welfare & Disability Support
33,Male,Bihar,289200.0,Daily Wage Worker,General,Yes,No,No,Rural & Urban Livelihood Support
73,Male,Tamil Nadu,63200.0,Self-Employed,EWS,Yes,No,No,Senior Citizen Pension & Healthcare
61,Female,Bihar,209700.0,Artisan,SC,Yes,No,No,Senior Citizen Pension & Healthcare
64,Female,Uttar Pradesh,46100.0,Farmer,General,Yes,No,No,Senior Citizen Pension & Healthcare
74,Female,Rajasthan,558300.0,Unemployed,SC,Yes,No,No,Senior Citizen Pension & Healthcare
27,Male,Maharashtra,92100.0,Farmer,SC,No,No,No,Agriculture & Farmer Welfare
47,Female,Bihar,76200.0,Farmer,ST,No,No,No,Agriculture & Farmer Welfare
42,Female,Gujarat,54900.0,Daily Wage Worker,OBC,No,No,No,Women & Child Development
56,Female,Tamil Nadu,555400.0,Farmer,ST,Yes,No,No,Agriculture & Farmer Welfare
37,Female,Madhya Pradesh,254000.0,Unemployed,OBC,Yes,No,No,Women & Child Development
22,Male,Kerala,273600.0,Farmer,EWS,No,No,No,Agriculture & Farmer Welfare
18,Female,Kerala,154600.0,Daily Wage Worker,OBC,Yes,No,No,Women & Child Development
47,Male,Kerala,145900.0,Student,ST,Yes,Yes,No,Education & Scholarships
66,Male,Bihar,51000.0,Farmer,EWS,Yes,No,No,Senior Citizen Pension & Healthcare
20,Male,Maharashtra,177700.0,Farmer,OBC,Yes,No,No,Agriculture & Farmer Welfare
62,Female,Bihar,81000.0,Unemployed,EWS,No,No,No,Senior Citizen Pension & Healthcare
31,Male,Karnataka,710100.0,Salaried,OBC,No,No,No,Rural & Urban Livelihood Support
73,Male,Gujarat,316600.0,Artisan,OBC,No,No,No,Women & Child Development
47,Transgender,Madhya Pradesh,125900.0,Unemployed,General,No,No,No,Rural & Urban Livelihood Support
67,Male,Madhya Pradesh,59500.0,Daily Wage Worker,EWS,Yes,No,No,Senior Citizen Pension & Healthcare
21,Female,Gujarat,307000.0,Salaried,General,No,No,No,Women & Child Development
35,Female,Uttar Pradesh,53400.0,Unemployed,General,Yes,No,No,Women & Child Development
54,Female,West Bengal,67800.0,Student,SC,No,Yes,No,Education & Scholarships
42,Male,Karnataka,72800.0,Daily Wage Worker,EWS,Yes,No,No,Rural & Urban Livelihood Support
65,Female,Tamil Nadu,176500.0,Self-Employed,SC,No,No,No,Senior Citizen Pension & Healthcare
18,Female,Madhya Pradesh,308400.0,Student,OBC,No,Yes,No,Education & Scholarships
70,Female,Kerala,97900.0,Farmer,OBC,Yes,No,No,Senior Citizen Pension & Healthcare
63,Female,Bihar,45900.0,Salaried,OBC,Yes,No,No,Senior Citizen Pension & Healthcare
32,Female,Uttar Pradesh,142400.0,Salaried,General,Yes,No,No,Women & Child Development
26,Female,West Bengal,278200.0,Unemployed,OBC,Yes,No,No,Women & Child Development
32,Female,Gujarat,75100.0,Salaried,OBC,Yes,No,No,Women & Child Development
66,Female,Rajasthan,74700.0,Unemployed,ST,No,No,No,Senior Citizen Pension & Healthcare
74,Female,Tamil Nadu,559500.0,Student,OBC,Yes,Yes,No,Education & Scholarships
41,Female,West Bengal,584800.0,Farmer,General,Yes,No,No,Agriculture & Farmer Welfare
21,Male,Kerala,867500.0,Student,General,No,Yes,Yes,Education & Scholarships
29,Male,West Bengal,326700.0,Student,OBC,Yes,Yes,No,Education & Scholarships
75,Female,Madhya Pradesh,67500.0,Farmer,OBC,Yes,No,No,Senior Citizen Pension & Healthcare
54,Female,Bihar,72900.0,Self-Employed,General,No,No,No,Women & Child Development
54,Male,Gujarat,104900.0,Unemployed,ST,No,No,No,Rural & Urban Livelihood Support
60,Male,West Bengal,98900.0,Unemployed,OBC,Yes,No,No,Senior Citizen Pension & Healthcare
23,Male,Tamil Nadu,594400.0,Self-Employed,OBC,Yes,No,No,Skill Development & Entrepreneurship
56,Male,West Bengal,310100.0,Salaried,SC,Yes,No,No,Rural & Urban Livelihood Support
73,Female,Rajasthan,261700.0,Self-Employed,SC,Yes,No,No,Senior Citizen Pension & Healthcare
63,Female,Uttar Pradesh,67000.0,Salaried,SC,Yes,No,No,Senior Citizen Pension & Healthcare
41,Female,Madhya Pradesh,462500.0,Artisan,EWS,No,No,No,Skill Development & Entrepreneurship
28,Male,Bihar,346700.0,Farmer,SC,No,No,No,Agriculture & Farmer Welfare
30,Male,Kerala,62200.0,Salaried,General,Yes,No,No,Rural & Urban Livelihood Support
51,Male,Gujarat,398900.0,Farmer,SC,Yes,No,No,Agriculture & Farmer Welfare
42,Female,Gujarat,87200.0,Self-Employed,General,Yes,No,No,Women & Child Development
24,Male,Uttar Pradesh,45200.0,Farmer,OBC,Yes,No,No,Agriculture & Farmer Welfare
69,Female,Maharashtra,222500.0,Daily Wage Worker,OBC,No,No,No,Senior Citizen Pension & Healthcare
21,Female,Maharashtra,220900.0,Salaried,OBC,No,Yes,No,Education & Scholarships
25,Female,Kerala,48000.0,Student,OBC,Yes,Yes,No,Education & Scholarships
37,Male,West Bengal,99100.0,Salaried,OBC,Yes,No,No,Rural & Urban Livelihood Support
46,Female,Rajasthan,918400.0,Student,OBC,No,Yes,No,Education & Scholarships
71,Male,Gujarat,234200.0,Farmer,ST,Yes,No,No,Senior Citizen Pension & Healthcare
70,Female,West Bengal,265700.0,Student,ST,Yes,Yes,No,Education & Scholarships
68,Male,Gujarat,73100.0,Daily Wage Worker,General,Yes,No,No,Senior Citizen Pension & Healthcare
62,Male,Gujarat,44800.0,Student,ST,Yes,Yes,No,Education & Scholarships
63,Female,West Bengal,88400.0,Self-Employed,OBC,Yes,No,No,Senior Citizen Pension & Healthcare
27,Male,Uttar Pradesh,81500.0,Farmer,ST,No,No,No,Agriculture & Farmer Welfare
60,Male,Maharashtra,78100.0,Student,General,Yes,Yes,No,Education & Scholarships
51,Male,Karnataka,68500.0,Daily Wage Worker,OBC,Yes,No,No,Rural & Urban Livelihood Support
74,Male,Tamil Nadu,183900.0,Farmer,OBC,No,No,Yes,Social Welfare & Disability Support
43,Male,Uttar Pradesh,101600.0,Farmer,OBC,Yes,No,No,Agriculture & Farmer Welfare
58,Female,Madhya Pradesh,339000.0,Farmer,OBC,Yes,No,Yes,Social Welfare & Disability Support
66,Male,Rajasthan,66600.0,Self-Employed,OBC,Yes,No,No,Senior Citizen Pension & Healthcare
75,Female,Rajasthan,142500.0,Self-Employed,OBC,Yes,No,No,Senior Citizen Pension & Healthcare
20,Female,Tamil Nadu,32500.0,Student,OBC,No,Yes,No,Education & Scholarships
73,Female,Rajasthan,148300.0,Farmer,OBC,Yes,No,No,Senior Citizen Pension & Healthcare
23,Male,West Bengal,40300.0,Artisan,EWS,No,Yes,No,Education & Scholarships
22,Male,Rajasthan,714800.0,Farmer,OBC,No,No,No,Agriculture & Farmer Welfare
22,Female,Karnataka,311400.0,Salaried,OBC,Yes,No,No,Women & Child Development
71,Male,Rajasthan,151200.0,Unemployed,SC,Yes,No,No,Senior Citizen Pension & Healthcare
64,Male,Gujarat,46300.0,Self-Employed,ST,Yes,No,No,Senior Citizen Pension & Healthcare
40,Female,Uttar Pradesh,191600.0,Farmer,General,Yes,No,No,Agriculture & Farmer Welfare
66,Female,West Bengal,286000.0,Daily Wage Worker,ST,Yes,No,No,Senior Citizen Pension & Healthcare
26,Male,Maharashtra,68100.0,Unemployed,OBC,Yes,No,No,Rural & Urban Livelihood Support
52,Female,Rajasthan,181200.0,Self-Employed,OBC,No,No,No,Women & Child Development
37,Male,Kerala,333000.0,Unemployed,OBC,Yes,No,No,Rural & Urban Livelihood Support
75,Female,Kerala,293200.0,Daily Wage Worker,General,Yes,No,No,Senior Citizen Pension & Healthcare
66,Female,Kerala,322400.0,Self-Employed,OBC,Yes,No,No,Senior Citizen Pension & Healthcare
59,Male,Rajasthan,410600.0,Farmer,SC,Yes,No,No,Agriculture & Farmer Welfare
52,Male,Madhya Pradesh,529600.0,Daily Wage Worker,OBC,No,No,No,Rural & Urban Livelihood Support
67,Male,Gujarat,123600.0,Farmer,SC,Yes,No,No,Senior Citizen Pension & Healthcare
35,Male,Bihar,181400.0,Daily Wage Worker,OBC,Yes,No,No,Rural & Urban Livelihood Support
34,Male,Rajasthan,311500.0,Unemployed,General,No,No,No,Rural & Urban Livelihood Support
41,Male,Madhya Pradesh,245000.0,Unemployed,General,No,No,No,Rural & Urban Livelihood Support
20,Female,Bihar,1003500.0,Artisan,SC,No,No,No,Women & Child Development
49,Male,Tamil Nadu,32500.0,Farmer,OBC,No,No,No,Agriculture & Farmer Welfare
52,Female,Karnataka,109000.0,Student,SC,Yes,Yes,No,Education & Scholarships
55,Male,Gujarat,89400.0,Daily Wage Worker,SC,Yes,No,No,Rural & Urban Livelihood Support
30,Female,Rajasthan,84800.0,Salaried,OBC,Yes,No,No,Women & Child Development
73,Male,Uttar Pradesh,75300.0,Self-Employed,EWS,Yes,No,No,Senior Citizen Pension & Healthcare
64,Female,West Bengal,252300.0,Student,SC,Yes,Yes,No,Education & Scholarships
42,Male,Uttar Pradesh,45900.0,Salaried,General,No,No,No,Rural & Urban Livelihood Support
26,Male,Uttar Pradesh,273600.0,Salaried,OBC,Yes,No,No,Rural & Urban Livelihood Support
21,Female,Tamil Nadu,242800.0,Artisan,General,No,No,No,Women & Child Development
31,Male,West Bengal,82000.0,Self-Employed,OBC,Yes,No,No,Skill Development & Entrepreneurship
54,Female,Tamil Nadu,82500.0,Daily Wage Worker,General,No,No,No,Women & Child Development
51,Male,Bihar,208400.0,Daily Wage Worker,General,No,No,No,Rural & Urban Livelihood Support
28,Male,Tamil Nadu,288500.0,Salaried,SC,No,No,No,Rural & Urban Livelihood Support
58,Female,Kerala,406500.0,Student,OBC,No,Yes,No,Education & Scholarships
73,Male,Karnataka,374100.0,Self-Employed,SC,Yes,No,No,Senior Citizen Pension & Healthcare
20,Female,Kerala,632800.0,Daily Wage Worker,OBC,Yes,Yes,No,Education & Scholarships
45,Female,Rajasthan,186700.0,Salaried,General,No,No,No,Women & Child Development
46,Male,Bihar,460800.0,Unemployed,SC,Yes,No,No,Rural & Urban Livelihood Support
26,Female,Madhya Pradesh,327500.0,Salaried,General,Yes,No,No,Women & Child Development
20,Transgender,Bihar,435100.0,Self-Employed,OBC,Yes,No,No,Skill Development & Entrepreneurship
42,Male,Madhya Pradesh,32100.0,Unemployed,General,Yes,No,No,Rural & Urban Livelihood Support
51,Female,Karnataka,638100.0,Artisan,OBC,No,No,No,Women & Child Development
29,Male,Tamil Nadu,145500.0,Artisan,General,No,No,No,Skill Development & Entrepreneurship
59,Female,Tamil Nadu,318100.0,Farmer,OBC,No,No,No,Agriculture & Farmer Welfare
26,Female,West Bengal,54500.0,Unemployed,SC,Yes,No,No,Women & Child Development
32,Female,Rajasthan,120700.0,Salaried,General,Yes,No,No,Women & Child Development
57,Female,Uttar Pradesh,87000.0,Farmer,OBC,No,No,Yes,Social Welfare & Disability Support
42,Female,Maharashtra,92100.0,Student,OBC,No,Yes,No,Education & Scholarships
22,Female,Bihar,53700.0,Unemployed,OBC,No,No,No,Women & Child Development
28,Male,Bihar,325000.0,Self-Employed,General,No,No,No,Skill Development & Entrepreneurship
51,Male,Rajasthan,31700.0,Salaried,General,Yes,No,No,Rural & Urban Livelihood Support
41,Male,Kerala,97400.0,Farmer,General,Yes,No,No,Agriculture & Farmer Welfare
32,Male,Gujarat,64500.0,Student,SC,No,Yes,No,Education & Scholarships
55,Male,Rajasthan,190100.0,Artisan,OBC,No,No,No,Skill Development & Entrepreneurship
25,Female,Maharashtra,82800.0,Student,EWS,No,Yes,No,Education & Scholarships
22,Male,Tamil Nadu,84000.0,Farmer,OBC,Yes,No,Yes,Social Welfare & Disability Support
65,Transgender,Madhya Pradesh,150600.0,Student,OBC,No,Yes,No,Education & Scholarships
43,Female,Kerala,220400.0,Farmer,SC,Yes,No,No,Agriculture & Farmer Welfare
35,Male,Kerala,53300.0,Student,SC,Yes,Yes,No,Education & Scholarships
23,Male,West Bengal,64700.0,Salaried,OBC,Yes,No,No,Rural & Urban Livelihood Support
54,Male,Karnataka,81100.0,Farmer,SC,No,No,Yes,Social Welfare & Disability Support
65,Male,Maharashtra,685200.0,Artisan,ST,Yes,No,No,Senior Citizen Pension & Healthcare
30,Female,Kerala,121100.0,Salaried,SC,Yes,No,No,Women & Child Development
45,Female,Maharashtra,194500.0,Daily Wage Worker,OBC,Yes,No,No,Women & Child Development
22,Female,Rajasthan,79800.0,Self-Employed,SC,No,No,No,Women & Child Development
30,Male,Madhya Pradesh,151400.0,Daily Wage Worker,SC,Yes,No,No,Rural & Urban Livelihood Support
34,Female,Madhya Pradesh,43900.0,Unemployed,SC,No,No,No,Women & Child Development
67,Male,Bihar,36400.0,Unemployed,SC,Yes,No,No,Senior Citizen Pension & Healthcare
57,Female,Tamil Nadu,143800.0,Self-Employed,EWS,Yes,No,No,Women & Child Development
62,Female,Bihar,121500.0,Salaried,General,No,No,No,Senior Citizen Pension & Healthcare
49,Female,Kerala,56500.0,Self-Employed,OBC,Yes,No,No,Women & Child Development
46,Male,Karnataka,239400.0,Farmer,General,Yes,No,No,Agriculture & Farmer Welfare
68,Female,Bihar,920700.0,Salaried,OBC,Yes,No,No,Senior Citizen Pension & Healthcare
75,Female,Bihar,120600.0,Self-Employed,OBC,No,No,No,Senior Citizen Pension & Healthcare
20,Female,Bihar,206300.0,Salaried,General,Yes,No,No,Women & Child Development
73,Female,Maharashtra,623300.0,Student,OBC,Yes,Yes,No,Education & Scholarships
57,Female,Rajasthan,350600.0,Farmer,SC,No,No,No,Agriculture & Farmer Welfare
51,Male,Karnataka,142100.0,Salaried,SC,Yes,No,No,Rural & Urban Livelihood Support
57,Male,Madhya Pradesh,270700.0,Farmer,General,Yes,No,No,Agriculture & Farmer Welfare
44,Female,West Bengal,54700.0,Salaried,ST,Yes,No,No,Women & Child Development
30,Male,Maharashtra,159200.0,Salaried,OBC,No,No,No,Rural & Urban Livelihood Support
62,Transgender,Kerala,88900.0,Salaried,ST,Yes,No,No,Senior Citizen Pension & Healthcare
50,Male,Karnataka,61600.0,Self-Employed,SC,No,No,No,Skill Development & Entrepreneurship
23,Male,Madhya Pradesh,130000.0,Self-Employed,OBC,No,No,No,Skill Development & Entrepreneurship
41,Male,Karnataka,55300.0,Unemployed,OBC,Yes,No,No,Rural & Urban Livelihood Support
36,Male,Gujarat,246100.0,Daily Wage Worker,OBC,No,No,No,Rural & Urban Livelihood Support
33,Male,Gujarat,139700.0,Self-Employed,SC,Yes,No,No,Skill Development & Entrepreneurship
57,Female,Bihar,166300.0,Salaried,SC,Yes,No,Yes,Social Welfare & Disability Support
45,Male,Bihar,58500.0,Daily Wage Worker,OBC,No,No,No,Rural & Urban Livelihood Support
50,Male,Gujarat,57100.0,Salaried,General,Yes,No,No,Rural & Urban Livelihood Support
65,Female,West Bengal,187600.0,Student,OBC,Yes,Yes,No,Education & Scholarships
58,Female,Madhya Pradesh,786100.0,Student,General,Yes,Yes,No,Education & Scholarships
30,Male,Kerala,48200.0,Artisan,EWS,Yes,No,No,Social Welfare & Disability Support
60,Male,Tamil Nadu,90600.0,Farmer,OBC,Yes,No,No,Senior Citizen Pension & Healthcare
62,Female,Tamil Nadu,396500.0,Unemployed,EWS,No,No,No,Senior Citizen Pension & Healthcare
42,Male,Maharashtra,43500.0,Student,SC,No,Yes,No,Education & Scholarships
70,Female,West Bengal,405600.0,Salaried,EWS,Yes,No,No,Senior Citizen Pension & Healthcare
59,Female,West Bengal,163700.0,Farmer,OBC,Yes,No,Yes,Social Welfare & Disability Support
53,Male,Kerala,124400.0,Artisan,OBC,Yes,No,No,Skill Development & Entrepreneurship
44,Female,Karnataka,96700.0,Farmer,OBC,Yes,No,No,Agriculture & Farmer Welfare
55,Female,Tamil Nadu,93500.0,Self-Employed,SC,Yes,No,No,Women & Child Development
24,Male,Karnataka,95700.0,Student,General,Yes,Yes,No,Education & Scholarships
22,Female,Karnataka,419000.0,Student,OBC,Yes,Yes,No,Education & Scholarships
60,Female,West Bengal,261600.0,Daily Wage Worker,SC,Yes,No,No,Senior Citizen Pension & Healthcare
62,Male,Karnataka,229400.0,Farmer,OBC,No,No,No,Senior Citizen Pension & Healthcare
75,Male,Tamil Nadu,318600.0,Farmer,OBC,Yes,No,No,Senior Citizen Pension & Healthcare
74,Male,Madhya Pradesh,83500.0,Unemployed,General,No,No,Yes,Social Welfare & Disability Support
68,Male,Uttar Pradesh,203200.0,Student,OBC,No,Yes,No,Education & Scholarships
48,Female,Karnataka,140900.0,Artisan,OBC,No,No,No,Women & Child Development
40,Male,Kerala,304600.0,Student,OBC,No,Yes,No,Education & Scholarships
59,Male,Rajasthan,96600.0,Farmer,ST,Yes,No,No,Agriculture & Farmer Welfare
27,Male,Bihar,215500.0,Daily Wage Worker,SC,Yes,No,No,Rural & Urban Livelihood Support
49,Male,Kerala,415000.0,Student,General,Yes,Yes,No,Education & Scholarships
60,Male,Gujarat,122600.0,Salaried,SC,No,No,No,Senior Citizen Pension & Healthcare
70,Female,Tamil Nadu,42400.0,Salaried,General,Yes,No,No,Senior Citizen Pension & Healthcare
47,Female,Rajasthan,160600.0,Student,OBC,Yes,Yes,No,Education & Scholarships
56,Male,Bihar,106400.0,Salaried,SC,No,No,No,Rural & Urban Livelihood Support
48,Male,Kerala,230800.0,Farmer,SC,Yes,No,No,Agriculture & Farmer Welfare
35,Male,Rajasthan,573000.0,Student,General,Yes,Yes,No,Education & Scholarships
53,Female,Uttar Pradesh,149700.0,Student,General,Yes,Yes,No,Education & Scholarships
19,Male,Tamil Nadu,143000.0,Artisan,SC,No,No,No,Skill Development & Entrepreneurship
31,Male,Madhya Pradesh,221300.0,Self-Employed,General,No,No,No,Skill Development & Entrepreneurship
30,Male,Maharashtra,49700.0,Farmer,ST,No,No,No,Agriculture & Farmer Welfare
46,Male,West Bengal,82600.0,Unemployed,OBC,No,No,No,Rural & Urban Livelihood Support
29,Male,Uttar Pradesh,482300.0,Daily Wage Worker,ST,Yes,No,No,Rural & Urban Livelihood Support
56,Male,Gujarat,229500.0,Farmer,OBC,No,No,Yes,Social Welfare & Disability Support
19,Male,West Bengal,32400.0,Daily Wage Worker,OBC,Yes,No,No,Rural & Urban Livelihood Support
49,Male,Madhya Pradesh,71200.0,Salaried,General,No,No,No,Rural & Urban Livelihood Support
30,Male,Uttar Pradesh,236700.0,Student,OBC,Yes,Yes,No,Education & Scholarships
63,Male,Bihar,290200.0,Farmer,SC,Yes,No,No,Senior Citizen Pension & Healthcare
44,Male,Rajasthan,359700.0,Artisan,General,No,No,No,Skill Development & Entrepreneurship
66,Male,Tamil Nadu,92200.0,Artisan,SC,No,No,No,Senior Citizen Pension & Healthcare
58,Male,Rajasthan,511300.0,Self-Employed,OBC,Yes,No,No,Skill Development & Entrepreneurship
34,Female,Karnataka,174900.0,Farmer,OBC,No,No,No,Agriculture & Farmer Welfare
57,Female,Kerala,244700.0,Daily Wage Worker,General,Yes,No,No,Women & Child Development
48,Male,Gujarat,193500.0,Self-Employed,General,Yes,No,No,Skill Development & Entrepreneurship
51,Male,Karnataka,53600.0,Self-Employed,General,No,No,No,Skill Development & Entrepreneurship
41,Male,Karnataka,624000.0,Student,General,Yes,Yes,No,Education & Scholarships
62,Male,Gujarat,53600.0,Artisan,EWS,No,No,Yes,Social Welfare & Disability Support
52,Male,Kerala,83000.0,Farmer,SC,Yes,No,No,Agriculture & Farmer Welfare
65,Male,Bihar,332400.0,Artisan,ST,Yes,No,No,Senior Citizen Pension & Healthcare
23,Male,Kerala,203500.0,Salaried,OBC,Yes,No,No,Rural & Urban Livelihood Support
36,Male,Tamil Nadu,357800.0,Artisan,OBC,Yes,No,No,Skill Development & Entrepreneurship
47,Female,Rajasthan,160500.0,Student,OBC,Yes,Yes,No,Education & Scholarships
24,Female,Bihar,115200.0,Artisan,OBC,No,No,No,Women & Child Development
27,Female,Maharashtra,488800.0,Unemployed,General,No,No,No,Rural & Urban Livelihood Support
58,Female,Rajasthan,36600.0,Unemployed,General,No,No,No,Women & Child Development
49,Male,Bihar,379000.0,Self-Employed,General,No,No,No,Skill Development & Entrepreneurship
51,Female,Kerala,77200.0,Farmer,SC,Yes,No,No,Agriculture & Farmer Welfare
45,Female,Gujarat,370000.0,Artisan,EWS,Yes,No,No,Women & Child Development
32,Female,Kerala,57000.0,Self-Employed,ST,Yes,No,No,Women & Child Development
47,Female,Maharashtra,186200.0,Salaried,OBC,Yes,No,No,Women & Child Development
54,Male,Bihar,424200.0,Self-Employed,OBC,No,No,No,Skill Development & Entrepreneurship
46,Male,Tamil Nadu,145500.0,Daily Wage Worker,OBC,Yes,No,No,Rural & Urban Livelihood Support
39,Male,Kerala,277100.0,Artisan,OBC,Yes,No,No,Skill Development & Entrepreneurship
21,Female,Bihar,324000.0,Farmer,General,Yes,No,No,Agriculture & Farmer Welfare
37,Female,Rajasthan,270100.0,Unemployed,General,Yes,No,No,Women & Child Development
49,Female,Maharashtra,497000.0,Artisan,OBC,Yes,No,No,Women & Child Development
53,Male,Tamil Nadu,136600.0,Salaried,SC,Yes,No,No,Rural & Urban Livelihood Support
67,Female,Bihar,64200.0,Artisan,SC,Yes,No,Yes,Social Welfare & Disability Support
21,Male,Uttar Pradesh,38800.0,Student,OBC,Yes,Yes,No,Education & Scholarships
44,Female,Kerala,80900.0,Daily Wage Worker,General,Yes,No,No,Women & Child Development
34,Male,Maharashtra,57800.0,Student,ST,No,Yes,Yes,Social Welfare & Disability Support
29,Female,Tamil Nadu,176900.0,Farmer,General,No,No,No,Agriculture & Farmer Welfare
39,Female,Tamil Nadu,66800.0,Farmer,OBC,No,No,No,Agriculture & Farmer Welfare
34,Male,Karnataka,37100.0,Daily Wage Worker,OBC,Yes,No,No,Rural & Urban Livelihood Support
27,Female,West Bengal,36600.0,Artisan,OBC,Yes,No,No,Women & Child Development
71,Female,Maharashtra,350600.0,Student,OBC,No,Yes,No,Education & Scholarships
18,Male,Tamil Nadu,191100.0,Self-Employed,SC,Yes,No,No,Skill Development & Entrepreneurship
39,Male,Bihar,109800.0,Artisan,OBC,Yes,No,No,Skill Development & Entrepreneurship
43,Male,Karnataka,434400.0,Salaried,OBC,Yes,No,No,Rural & Urban Livelihood Support
73,Female,West Bengal,43100.0,Artisan,OBC,Yes,No,No,Senior Citizen Pension & Healthcare
35,Female,Rajasthan,737100.0,Daily Wage Worker,SC,Yes,No,No,Women & Child Development
67,Female,Bihar,202400.0,Farmer,OBC,No,No,No,Senior Citizen Pension & Healthcare
31,Female,Kerala,66500.0,Daily Wage Worker,OBC,Yes,No,No,Women & Child Development
64,Male,West Bengal,234600.0,Daily Wage Worker,General,Yes,No,No,Senior Citizen Pension & Healthcare
46,Male,Maharashtra,289400.0,Salaried,General,Yes,No,No,Rural & Urban Livelihood Support
29,Female,Kerala,131000.0,Student,OBC,Yes,Yes,No,Education & Scholarships
53,Male,Madhya Pradesh,386000.0,Artisan,OBC,Yes,No,No,Skill Development & Entrepreneurship
52,Female,Madhya Pradesh,59400.0,Daily Wage Worker,SC,Yes,No,No,Women & Child Development
69,Male,Maharashtra,88800.0,Student,EWS,Yes,Yes,No,Education & Scholarships
29,Female,Rajasthan,47700.0,Artisan,OBC,No,No,No,Women & Child Development
24,Female,West Bengal,72600.0,Salaried,OBC,Yes,No,No,Women & Child Development
46,Male,Karnataka,79100.0,Artisan,OBC,Yes,No,Yes,Agriculture & Farmer Welfare
28,Male,Uttar Pradesh,479400.0,Salaried,SC,Yes,No,No,Rural & Urban Livelihood Support
50,Male,Tamil Nadu,44600.0,Student,General,Yes,Yes,Yes,Social Welfare & Disability Support
23,Female,Uttar Pradesh,130400.0,Daily Wage Worker,SC,Yes,No,Yes,Social Welfare & Disability Support
64,Female,Madhya Pradesh,166800.0,Self-Employed,SC,Yes,No,No,Senior Citizen Pension & Healthcare
32,Male,Madhya Pradesh,442100.0,Self-Employed,ST,No,No,No,Skill Development & Entrepreneurship
49,Female,Rajasthan,1123200.0,Salaried,ST,Yes,No,No,Women & Child Development
68,Male,Uttar Pradesh,282000.0,Student,SC,No,Yes,No,Education & Scholarships
28,Female,Uttar Pradesh,666000.0,Salaried,General,Yes,No,No,Women & Child Development
75,Female,Karnataka,308400.0,Daily Wage Worker,OBC,No,No,No,Senior Citizen Pension & Healthcare
40,Male,Rajasthan,624400.0,Farmer,General,Yes,No,No,Agriculture & Farmer Welfare
43,Female,Rajasthan,251100.0,Salaried,General,Yes,No,No,Women & Child Development
51,Male,Maharashtra,45000.0,Artisan,General,No,No,No,Skill Development & Entrepreneurship
63,Male,Kerala,122500.0,Unemployed,OBC,Yes,No,No,Senior Citizen Pension & Healthcare
51,Female,Rajasthan,217200.0,Farmer,General,Yes,No,No,Agriculture & Farmer Welfare
46,Male,Rajasthan,107700.0,Unemployed,General,Yes,No,No,Rural & Urban Livelihood Support
21,Male,Bihar,87500.0,Self-Employed,General,No,No,No,Skill Development & Entrepreneurship
34,Female,West Bengal,185000.0,Student,OBC,No,Yes,No,Education & Scholarships
52,Female,West Bengal,517900.0,Self-Employed,General,No,No,No,Skill Development & Entrepreneurship
30,Female,Gujarat,36400.0,Farmer,OBC,No,No,No,Agriculture & Farmer Welfare
58,Male,Uttar Pradesh,293900.0,Artisan,ST,Yes,No,No,Skill Development & Entrepreneurship
56,Male,Tamil Nadu,260900.0,Student,General,Yes,Yes,No,Education & Scholarships
32,Male,Uttar Pradesh,628100.0,Student,OBC,Yes,Yes,No,Education & Scholarships
72,Transgender,Maharashtra,510500.0,Farmer,OBC,No,No,No,Senior Citizen Pension & Healthcare
46,Male,Maharashtra,288600.0,Self-Employed,SC,Yes,No,No,Skill Development & Entrepreneurship
46,Male,Maharashtra,162300.0,Artisan,OBC,No,No,No,Skill Development & Entrepreneurship
28,Female,Kerala,71100.0,Self-Employed,EWS,Yes,No,No,Women & Child Development
69,Male,Tamil Nadu,171800.0,Farmer,General,No,No,No,Senior Citizen Pension & Healthcare
49,Female,West Bengal,290900.0,Daily Wage Worker,OBC,No,No,No,Women & Child Development
19,Male,Karnataka,436800.0,Daily Wage Worker,General,No,No,No,Rural & Urban Livelihood Support
64,Female,West Bengal,310700.0,Farmer,OBC,Yes,No,No,Senior Citizen Pension & Healthcare
31,Female,Kerala,69100.0,Salaried,SC,Yes,No,Yes,Social Welfare & Disability Support
37,Female,Maharashtra,194800.0,Self-Employed,OBC,Yes,No,No,Women & Child Development
39,Female,Kerala,102700.0,Daily Wage Worker,EWS,Yes,No,No,Women & Child Development
28,Male,West Bengal,31700.0,Farmer,General,Yes,No,No,Agriculture & Farmer Welfare
44,Female,Karnataka,70200.0,Student,ST,No,Yes,No,Education & Scholarships
20,Male,Gujarat,51600.0,Unemployed,OBC,Yes,No,No,Rural & Urban Livelihood Support
34,Female,Tamil Nadu,362900.0,Unemployed,OBC,Yes,No,No,Women & Child Development
61,Male,Kerala,83800.0,Student,SC,Yes,Yes,No,Education & Scholarships
73,Female,West Bengal,90300.0,Farmer,General,Yes,No,No,Senior Citizen Pension & Healthcare
45,Female,Tamil Nadu,609100.0,Daily Wage Worker,OBC,No,No,No,Women & Child Development
46,Male,West Bengal,115800.0,Self-Employed,OBC,No,No,No,Skill Development & Entrepreneurship
38,Female,West Bengal,31700.0,Unemployed,OBC,No,No,Yes,Social Welfare & Disability Support
64,Female,Karnataka,90100.0,Student,General,Yes,Yes,No,Education & Scholarships
33,Female,Gujarat,52900.0,Artisan,OBC,Yes,No,No,Women & Child Development
54,Female,Tamil Nadu,49500.0,Student,OBC,Yes,Yes,No,Education & Scholarships
37,Male,Maharashtra,44500.0,Farmer,OBC,Yes,No,No,Agriculture & Farmer Welfare
23,Female,Tamil Nadu,191900.0,Student,General,No,Yes,No,Education & Scholarships
36,Male,Rajasthan,67800.0,Salaried,OBC,Yes,No,No,Rural & Urban Livelihood Support
74,Male,Maharashtra,110700.0,Self-Employed,EWS,Yes,No,No,Senior Citizen Pension & Healthcare
22,Female,Tamil Nadu,386500.0,Unemployed,OBC,No,No,No,Skill Development & Entrepreneurship
20,Male,Bihar,129400.0,Student,ST,No,Yes,No,Education & Scholarships
18,Male,Bihar,475200.0,Farmer,General,Yes,No,No,Agriculture & Farmer Welfare
75,Male,West Bengal,154000.0,Farmer,OBC,No,No,No,Senior Citizen Pension & Healthcare
55,Male,Maharashtra,121600.0,Farmer,OBC,Yes,No,No,Agriculture & Farmer Welfare
32,Male,Tamil Nadu,279800.0,Unemployed,General,No,No,No,Rural & Urban Livelihood Support
51,Male,West Bengal,43700.0,Farmer,SC,Yes,No,Yes,Social Welfare & Disability Support
52,Female,Uttar Pradesh,46900.0,Farmer,General,Yes,No,No,Agriculture & Farmer Welfare
66,Female,West Bengal,220000.0,Student,OBC,Yes,Yes,No,Education & Scholarships
42,Female,Kerala,150100.0,Student,ST,Yes,Yes,No,Education & Scholarships
41,Female,Bihar,311300.0,Daily Wage Worker,EWS,Yes,No,No,Women & Child Development
29,Female,Uttar Pradesh,476400.0,Artisan,General,No,No,No,Skill Development & Entrepreneurship
35,Female,Madhya Pradesh,118500.0,Daily Wage Worker,General,Yes,No,No,Women & Child Development
32,Female,Kerala,193300.0,Daily Wage Worker,General,No,No,No,Women & Child Development
61,Male,Maharashtra,155000.0,Student,OBC,Yes,Yes,No,Education & Scholarships
33,Male,West Bengal,749300.0,Student,OBC,Yes,Yes,No,Education & Scholarships
44,Male,Bihar,350100.0,Daily Wage Worker,General,No,No,No,Rural & Urban Livelihood Support
25,Male,Gujarat,466900.0,Daily Wage Worker,SC,No,No,No,Rural & Urban Livelihood Support
63,Male,Bihar,82800.0,Farmer,OBC,Yes,No,No,Senior Citizen Pension & Healthcare
42,Male,Karnataka,296500.0,Student,General,Yes,Yes,No,Education & Scholarships
34,Female,Bihar,85500.0,Student,ST,No,Yes,No,Education & Scholarships
46,Female,Gujarat,72100.0,Farmer,OBC,Yes,No,No,Agriculture & Farmer Welfare
70,Male,Gujarat,549700.0,Student,OBC,Yes,Yes,No,Education & Scholarships
25,Male,West Bengal,33500.0,Farmer,SC,Yes,No,No,Agriculture & Farmer Welfare
32,Male,Maharashtra,635400.0,Artisan,OBC,Yes,No,No,Skill Development & Entrepreneurship
44,Female,Gujarat,59100.0,Student,OBC,Yes,Yes,No,Education & Scholarships
63,Female,Bihar,338100.0,Student,OBC,No,Yes,No,Education & Scholarships
67,Male,Maharashtra,88100.0,Salaried,General,Yes,No,No,Senior Citizen Pension & Healthcare
69,Male,Tamil Nadu,107700.0,Self-Employed,ST,Yes,No,No,Senior Citizen Pension & Healthcare
24,Female,Bihar,74000.0,Salaried,General,No,Yes,Yes,Social Welfare & Disability Support
20,Female,Rajasthan,188500.0,Farmer,General,No,No,No,Agriculture & Farmer Welfare
46,Male,West Bengal,107000.0,Daily Wage Worker,General,Yes,No,No,Rural & Urban Livelihood Support
61,Male,Kerala,222800.0,Farmer,EWS,No,No,No,Senior Citizen Pension & Healthcare
70,Female,West Bengal,32800.0,Self-Employed,OBC,No,No,No,Senior Citizen Pension & Healthcare
41,Male,Gujarat,42000.0,Student,OBC,Yes,Yes,No,Education & Scholarships
75,Female,Madhya Pradesh,48900.0,Student,EWS,Yes,Yes,No,Education & Scholarships
20,Female,Karnataka,127700.0,Salaried,EWS,No,Yes,No,Education & Scholarships
37,Male,Rajasthan,333500.0,Self-Employed,OBC,Yes,No,No,Skill Development & Entrepreneurship
63,Female,Gujarat,424400.0,Salaried,OBC,Yes,No,No,Senior Citizen Pension & Healthcare
32,Male,Bihar,80500.0,Farmer,General,No,No,No,Agriculture & Farmer Welfare
42,Male,Maharashtra,183800.0,Farmer,OBC,Yes,No,No,Agriculture & Farmer Welfare
47,Male,Rajasthan,293300.0,Artisan,General,Yes,No,No,Skill Development & Entrepreneurship
31,Female,Madhya Pradesh,91400.0,Daily Wage Worker,OBC,Yes,No,No,Women & Child Development
24,Female,Kerala,124700.0,Self-Employed,OBC,Yes,Yes,No,Education & Scholarships
34,Female,Maharashtra,163600.0,Salaried,General,Yes,No,No,Women & Child Development
61,Male,Karnataka,56100.0,Student,EWS,Yes,Yes,No,Education & Scholarships
37,Male,Uttar Pradesh,34700.0,Daily Wage Worker,General,No,No,No,Rural & Urban Livelihood Support
53,Male,Karnataka,59800.0,Farmer,OBC,No,No,No,Agriculture & Farmer Welfare
26,Male,West Bengal,207400.0,Farmer,EWS,Yes,No,No,Agriculture & Farmer Welfare
55,Male,Rajasthan,43800.0,Self-Employed,General,No,No,No,Skill Development & Entrepreneurship
65,Male,West Bengal,67900.0,Self-Employed,OBC,Yes,No,No,Senior Citizen Pension & Healthcare
74,Female,Gujarat,104200.0,Student,General,Yes,Yes,No,Women & Child Development
39,Female,Tamil Nadu,44600.0,Farmer,OBC,Yes,No,No,Agriculture & Farmer Welfare
71,Male,Gujarat,68300.0,Artisan,General,Yes,No,No,Senior Citizen Pension & Healthcare
70,Female,Kerala,466000.0,Artisan,General,No,No,No,Senior Citizen Pension & Healthcare
70,Female,Rajasthan,33500.0,Farmer,OBC,Yes,No,No,Senior Citizen Pension & Healthcare
19,Male,Tamil Nadu,220700.0,Student,OBC,Yes,Yes,No,Education & Scholarships
41,Male,Maharashtra,117300.0,Student,OBC,Yes,Yes,No,Education & Scholarships
25,Female,Tamil Nadu,231000.0,Salaried,General,No,No,No,Women & Child Development
28,Male,Kerala,189900.0,Salaried,OBC,No,No,No,Rural & Urban Livelihood Support
30,Male,Bihar,75500.0,Artisan,OBC,No,No,No,Skill Development & Entrepreneurship
34,Female,West Bengal,368200.0,Salaried,EWS,Yes,No,No,Women & Child Development
25,Female,Madhya Pradesh,151900.0,Daily Wage Worker,General,Yes,No,No,Women & Child Development
38,Female,Gujarat,341200.0,Student,OBC,Yes,Yes,No,Education & Scholarships
35,Male,Rajasthan,123800.0,Student,SC,Yes,Yes,No,Education & Scholarships
47,Male,Kerala,782200.0,Salaried,OBC,No,No,No,Rural & Urban Livelihood Support
35,Male,Uttar Pradesh,294900.0,Self-Employed,SC,Yes,No,No,Skill Development & Entrepreneurship
63,Male,Madhya Pradesh,638400.0,Unemployed,SC,Yes,No,No,Senior Citizen Pension & Healthcare
64,Female,Kerala,160000.0,Salaried,General,Yes,No,No,Senior Citizen Pension & Healthcare
48,Female,Uttar Pradesh,145500.0,Artisan,SC,Yes,No,No,Women & Child Development
55,Male,Uttar Pradesh,283500.0,Student,OBC,Yes,Yes,No,Education & Scholarships
49,Female,Uttar Pradesh,412100.0,Farmer,SC,Yes,No,Yes,Social Welfare & Disability Support
28,Female,Bihar,629100.0,Student,OBC,Yes,Yes,No,Education & Scholarships
62,Female,Tamil Nadu,100600.0,Farmer,OBC,No,No,No,Senior Citizen Pension & Healthcare
42,Female,Karnataka,318500.0,Artisan,EWS,Yes,No,No,Women & Child Development
50,Female,Gujarat,72600.0,Student,General,No,Yes,No,Education & Scholarships
55,Female,Uttar Pradesh,172000.0,Student,EWS,No,Yes,No,Education & Scholarships
58,Female,Kerala,65700.0,Artisan,OBC,No,No,No,Women & Child Development
25,Female,Maharashtra,106800.0,Farmer,General,Yes,No,No,Agriculture & Farmer Welfare
28,Male,Maharashtra,512200.0,Artisan,OBC,Yes,No,No,Skill Development & Entrepreneurship
39,Male,Rajasthan,58400.0,Artisan,General,Yes,No,No,Skill Development & Entrepreneurship
68,Female,West Bengal,210100.0,Self-Employed,OBC,Yes,No,No,Senior Citizen Pension & Healthcare
41,Male,Uttar Pradesh,191800.0,Salaried,OBC,Yes,No,No,Rural & Urban Livelihood Support
58,Female,Kerala,53200.0,Student,OBC,Yes,Yes,No,Education & Scholarships
34,Male,Uttar Pradesh,101000.0,Student,SC,No,Yes,No,Education & Scholarships
29,Male,Bihar,179000.0,Unemployed,OBC,No,No,No,Rural & Urban Livelihood Support
74,Male,West Bengal,67300.0,Self-Employed,ST,Yes,No,No,Senior Citizen Pension & Healthcare
63,Male,Uttar Pradesh,320300.0,Daily Wage Worker,OBC,Yes,No,No,Senior Citizen Pension & Healthcare
49,Female,Gujarat,674600.0,Farmer,OBC,No,No,No,Agriculture & Farmer Welfare
32,Female,Maharashtra,73500.0,Unemployed,General,Yes,No,No,Women & Child Development
33,Male,Uttar Pradesh,67200.0,Salaried,EWS,Yes,No,No,Rural & Urban Livelihood Support
71,Female,Gujarat,139200.0,Self-Employed,OBC,Yes,No,No,Senior Citizen Pension & Healthcare
39,Female,Gujarat,277900.0,Student,OBC,No,Yes,No,Education & Scholarships
45,Male,Tamil Nadu,89500.0,Salaried,SC,Yes,No,No,Rural & Urban Livelihood Support
37,Male,Gujarat,33600.0,Unemployed,OBC,Yes,No,No,Rural & Urban Livelihood Support
50,Male,West Bengal,170300.0,Daily Wage Worker,SC,Yes,No,No,Rural & Urban Livelihood Support
27,Female,Maharashtra,594700.0,Student,OBC,No,Yes,No,Education & Scholarships
57,Male,Rajasthan,119400.0,Unemployed,General,No,No,No,Rural & Urban Livelihood Support
49,Female,Bihar,128100.0,Student,OBC,Yes,Yes,No,Education & Scholarships
67,Female,Maharashtra,654700.0,Farmer,General,No,No,No,Senior Citizen Pension & Healthcare
50,Male,Kerala,243500.0,Self-Employed,SC,Yes,No,Yes,Social Welfare & Disability Support
19,Female,Rajasthan,258600.0,Farmer,SC,Yes,No,Yes,Social Welfare & Disability Support
50,Female,Gujarat,178900.0,Daily Wage Worker,General,No,No,Yes,Social Welfare & Disability Support
50,Male,Uttar Pradesh,691200.0,Self-Employed,ST,Yes,No,No,Skill Development & Entrepreneurship
58,Female,Tamil Nadu,240200.0,Student,OBC,Yes,Yes,No,Education & Scholarships
30,Female,Rajasthan,435700.0,Self-Employed,OBC,Yes,No,No,Women & Child Development
47,Female,Kerala,246300.0,Salaried,General,No,No,No,Women & Child Development
50,Female,Kerala,269100.0,Student,General,No,Yes,No,Education & Scholarships
30,Female,Rajasthan,91800.0,Self-Employed,OBC,No,No,No,Women & Child Development
69,Male,Tamil Nadu,95100.0,Farmer,General,Yes,No,No,Senior Citizen Pension & Healthcare
43,Male,Gujarat,305000.0,Artisan,OBC,No,No,No,Skill Development & Entrepreneurship
39,Female,West Bengal,93400.0,Farmer,SC,Yes,No,No,Agriculture & Farmer Welfare
56,Male,Kerala,178900.0,Farmer,SC,Yes,No,No,Agriculture & Farmer Welfare
19,Female,Gujarat,81600.0,Student,General,No,Yes,No,Education & Scholarships
55,Female,West Bengal,335700.0,Salaried,OBC,Yes,No,No,Women & Child Development
56,Male,West Bengal,51100.0,Self-Employed,General,Yes,No,No,Skill Development & Entrepreneurship
43,Female,Kerala,348400.0,Self-Employed,SC,Yes,No,No,Women & Child Development
63,Transgender,Rajasthan,196200.0,Farmer,OBC,No,No,No,Senior Citizen Pension & Healthcare
75,Female,West Bengal,67200.0,Self-Employed,General,Yes,No,No,Senior Citizen Pension & Healthcare
67,Male,Uttar Pradesh,170600.0,Farmer,EWS,Yes,No,No,Senior Citizen Pension & Healthcare
32,Female,Maharashtra,89800.0,Farmer,OBC,Yes,No,No,Agriculture & Farmer Welfare
51,Female,Bihar,100300.0,Artisan,OBC,Yes,No,No,Women & Child Development
59,Female,Kerala,108000.0,Farmer,OBC,No,No,No,Agriculture & Farmer Welfare
72,Male,Madhya Pradesh,41800.0,Farmer,General,Yes,No,Yes,Social Welfare & Disability Support
61,Male,West Bengal,797900.0,Self-Employed,EWS,Yes,No,No,Senior Citizen Pension & Healthcare
66,Male,Karnataka,35800.0,Unemployed,General,No,No,No,Senior Citizen Pension & Healthcare
57,Female,Uttar Pradesh,225500.0,Student,OBC,No,Yes,No,Education & Scholarships
28,Female,Madhya Pradesh,113500.0,Student,General,Yes,Yes,No,Education & Scholarships
20,Female,Gujarat,216900.0,Farmer,General,Yes,No,No,Agriculture & Farmer Welfare
23,Male,Bihar,109300.0,Salaried,General,No,No,No,Rural & Urban Livelihood Support
26,Male,Tamil Nadu,231600.0,Unemployed,OBC,Yes,No,No,Rural & Urban Livelihood Support
23,Female,West Bengal,265200.0,Self-Employed,General,No,No,No,Women & Child Development
26,Male,Tamil Nadu,241100.0,Salaried,General,Yes,No,No,Rural & Urban Livelihood Support
56,Female,Bihar,51800.0,Artisan,OBC,Yes,No,No,Women & Child Development
48,Male,Uttar Pradesh,222500.0,Salaried,General,Yes,No,No,Rural & Urban Livelihood Support
49,Male,Uttar Pradesh,89100.0,Farmer,EWS,Yes,No,No,Agriculture & Farmer Welfare
58,Female,Bihar,35300.0,Farmer,OBC,No,No,No,Agriculture & Farmer Welfare
67,Female,Uttar Pradesh,126500.0,Self-Employed,EWS,No,No,No,Senior Citizen Pension & Healthcare
29,Transgender,West Bengal,132300.0,Farmer,OBC,No,No,No,Agriculture & Farmer Welfare
25,Male,Bihar,143300.0,Self-Employed,SC,No,No,No,Skill Development & Entrepreneurship
25,Male,Kerala,249600.0,Farmer,OBC,No,No,No,Agriculture & Farmer Welfare
67,Male,Karnataka,96500.0,Self-Employed,OBC,No,No,No,Senior Citizen Pension & Healthcare
45,Female,Gujarat,98200.0,Farmer,General,No,No,No,Agriculture & Farmer Welfare
37,Male,Maharashtra,41200.0,Student,General,Yes,Yes,No,Education & Scholarships
64,Male,Rajasthan,239000.0,Salaried,SC,Yes,No,No,Senior Citizen Pension & Healthcare
24,Male,Karnataka,181000.0,Salaried,General,No,No,No,Rural & Urban Livelihood Support
28,Female,Maharashtra,107400.0,Salaried,General,No,No,No,Women & Child Development
37,Female,Rajasthan,249900.0,Daily Wage Worker,ST,No,No,No,Women & Child Development
33,Female,Tamil Nadu,168700.0,Daily Wage Worker,General,No,No,No,Women & Child Development
21,Female,Karnataka,144000.0,Self-Employed,OBC,Yes,No,No,Women & Child Development
23,Female,Madhya Pradesh,158900.0,Student,OBC,No,Yes,No,Education & Scholarships
75,Female,Karnataka,212100.0,Farmer,General,No,No,No,Senior Citizen Pension & Healthcare
39,Female,Uttar Pradesh,224200.0,Farmer,SC,Yes,No,No,Agriculture & Farmer Welfare
43,Female,West Bengal,91400.0,Salaried,OBC,No,No,No,Women & Child Development
20,Male,West Bengal,57300.0,Student,OBC,Yes,Yes,No,Education & Scholarships
58,Female,Maharashtra,60700.0,Salaried,OBC,No,No,No,Women & Child Development
59,Female,Uttar Pradesh,213600.0,Self-Employed,General,No,No,No,Women & Child Development
31,Female,Tamil Nadu,401300.0,Daily Wage Worker,OBC,Yes,No,No,Women & Child Development
28,Female,West Bengal,124800.0,Student,OBC,Yes,Yes,No,Education & Scholarships
35,Male,Gujarat,63400.0,Farmer,General,Yes,No,No,Agriculture & Farmer Welfare
71,Female,Tamil Nadu,284400.0,Salaried,SC,Yes,No,No,Senior Citizen Pension & Healthcare
29,Male,Uttar Pradesh,351600.0,Farmer,OBC,Yes,No,No,Agriculture & Farmer Welfare
40,Male,Uttar Pradesh,412500.0,Farmer,General,Yes,No,No,Agriculture & Farmer Welfare
29,Male,Maharashtra,198000.0,Farmer,OBC,No,No,No,Agriculture & Farmer Welfare
30,Male,Kerala,384800.0,Student,ST,Yes,Yes,No,Education & Scholarships
42,Male,West Bengal,32800.0,Farmer,OBC,Yes,No,No,Agriculture & Farmer Welfare
62,Male,Uttar Pradesh,50400.0,Self-Employed,EWS,No,No,No,Senior Citizen Pension & Healthcare
68,Female,Uttar Pradesh,47500.0,Artisan,EWS,No,No,No,Senior Citizen Pension & Healthcare
75,Female,Gujarat,254400.0,Self-Employed,SC,No,No,No,Senior Citizen Pension & Healthcare
36,Male,Karnataka,43000.0,Student,OBC,Yes,Yes,No,Education & Scholarships
72,Female,Karnataka,153500.0,Unemployed,General,Yes,No,No,Senior Citizen Pension & Healthcare
63,Female,Uttar Pradesh,145200.0,Unemployed,OBC,Yes,No,No,Senior Citizen Pension & Healthcare
53,Male,Tamil Nadu,97000.0,Student,ST,Yes,Yes,No,Education & Scholarships
62,Male,Gujarat,397800.0,Farmer,SC,No,No,No,Senior Citizen Pension & Healthcare
25,Female,Tamil Nadu,63600.0,Student,EWS,Yes,Yes,No,Education & Scholarships
46,Male,Rajasthan,108200.0,Unemployed,General,No,No,No,Rural & Urban Livelihood Support
72,Female,Kerala,297800.0,Daily Wage Worker,General,Yes,No,No,Senior Citizen Pension & Healthcare
70,Male,Karnataka,35600.0,Salaried,General,Yes,No,No,Senior Citizen Pension & Healthcare
72,Female,Karnataka,231200.0,Farmer,General,Yes,No,No,Senior Citizen Pension & Healthcare
49,Female,Gujarat,335100.0,Artisan,General,No,No,No,Women & Child Development
68,Male,Bihar,514600.0,Farmer,General,Yes,No,No,Senior Citizen Pension & Healthcare
61,Female,Tamil Nadu,406200.0,Farmer,ST,Yes,No,No,Senior Citizen Pension & Healthcare
35,Male,West Bengal,99300.0,Self-Employed,General,Yes,No,Yes,Social Welfare & Disability Support
23,Female,Gujarat,188900.0,Student,ST,Yes,Yes,No,Education & Scholarships
35,Female,Maharashtra,44500.0,Daily Wage Worker,ST,Yes,No,No,Women & Child Development
36,Male,Bihar,83700.0,Self-Employed,General,Yes,No,No,Skill Development & Entrepreneurship
39,Female,Madhya Pradesh,47800.0,Unemployed,OBC,Yes,No,No,Women & Child Development
54,Female,Tamil Nadu,98100.0,Farmer,General,No,No,No,Agriculture & Farmer Welfare
49,Female,Bihar,404600.0,Salaried,General,Yes,No,No,Women & Child Development
73,Male,Gujarat,106800.0,Salaried,OBC,Yes,No,No,Senior Citizen Pension & Healthcare
58,Male,West Bengal,178600.0,Salaried,OBC,Yes,No,No,Rural & Urban Livelihood Support
20,Transgender,Maharashtra,132300.0,Daily Wage Worker,EWS,Yes,No,No,Rural & Urban Livelihood Support
45,Female,Kerala,140600.0,Unemployed,OBC,Yes,No,No,Women & Child Development
27,Female,Bihar,658600.0,Self-Employed,SC,No,No,No,Women & Child Development
68,Female,Kerala,93200.0,Farmer,ST,No,No,No,Senior Citizen Pension & Healthcare
52,Male,Uttar Pradesh,207700.0,Daily Wage Worker,General,Yes,No,No,Rural & Urban Livelihood Support
46,Female,Karnataka,128100.0,Daily Wage Worker,General,No,No,No,Women & Child Development
71,Male,Rajasthan,41400.0,Salaried,SC,Yes,No,No,Senior Citizen Pension & Healthcare
32,Female,Karnataka,151000.0,Self-Employed,General,Yes,No,No,Women & Child Development
50,Transgender,Madhya Pradesh,332100.0,Farmer,OBC,No,No,No,Agriculture & Farmer Welfare
24,Male,West Bengal,48700.0,Daily Wage Worker,EWS,Yes,No,No,Rural & Urban Livelihood Support
29,Male,Maharashtra,43000.0,Salaried,General,Yes,No,No,Rural & Urban Livelihood Support
66,Female,Kerala,60000.0,Student,SC,No,Yes,No,Education & Scholarships
47,Female,Gujarat,290200.0,Farmer,General,Yes,No,No,Agriculture & Farmer Welfare
38,Female,Kerala,261700.0,Self-Employed,OBC,Yes,No,No,Women & Child Development
48,Female,West Bengal,179800.0,Student,EWS,No,Yes,No,Education & Scholarships
75,Female,Gujarat,143700.0,Student,SC,No,Yes,No,Education & Scholarships
41,Male,Gujarat,424600.0,Farmer,OBC,No,No,No,Agriculture & Farmer Welfare
37,Female,Madhya Pradesh,292000.0,Unemployed,EWS,Yes,No,No,Women & Child Development
54,Male,West Bengal,330800.0,Student,SC,Yes,Yes,No,Education & Scholarships
21,Male,Bihar,332000.0,Artisan,General,Yes,Yes,No,Education & Scholarships
45,Female,Karnataka,215300.0,Daily Wage Worker,General,Yes,No,No,Women & Child Development
61,Male,Uttar Pradesh,140300.0,Salaried,OBC,Yes,No,No,Senior Citizen Pension & Healthcare
37,Female,Kerala,390000.0,Salaried,General,No,No,Yes,Social Welfare & Disability Support
41,Female,Bihar,498700.0,Artisan,OBC,Yes,No,No,Women & Child Development
67,Female,Uttar Pradesh,34300.0,Salaried,General,Yes,No,No,Senior Citizen Pension & Healthcare
66,Male,Maharashtra,39500.0,Student,General,Yes,Yes,No,Education & Scholarships
68,Female,Rajasthan,603800.0,Daily Wage Worker,ST,No,No,No,Senior Citizen Pension & Healthcare
49,Female,Kerala,88400.0,Self-Employed,SC,No,No,No,Women & Child Development
58,Male,Madhya Pradesh,402000.0,Farmer,OBC,No,No,No,Agriculture & Farmer Welfare
53,Female,Uttar Pradesh,118600.0,Self-Employed,ST,Yes,No,No,Women & Child Development
75,Male,Gujarat,52800.0,Student,General,Yes,Yes,No,Education & Scholarships
70,Male,Bihar,45100.0,Unemployed,General,Yes,No,No,Senior Citizen Pension & Healthcare
51,Transgender,Karnataka,60600.0,Farmer,OBC,No,No,Yes,Social Welfare & Disability Support
53,Female,Madhya Pradesh,81800.0,Self-Employed,ST,Yes,No,No,Women & Child Development
19,Female,Kerala,150700.0,Student,ST,Yes,Yes,Yes,Social Welfare & Disability Support
32,Female,West Bengal,247600.0,Farmer,SC,Yes,No,No,Agriculture & Farmer Welfare
51,Female,Bihar,803600.0,Salaried,EWS,Yes,No,No,Women & Child Development
53,Female,Madhya Pradesh,134900.0,Daily Wage Worker,OBC,Yes,No,No,Women & Child Development
23,Female,Rajasthan,161400.0,Salaried,ST,Yes,No,No,Women & Child Development
56,Male,Kerala,162800.0,Farmer,General,Yes,No,No,Agriculture & Farmer Welfare
59,Male,Maharashtra,169600.0,Student,OBC,Yes,Yes,No,Education & Scholarships
68,Female,Karnataka,161300.0,Self-Employed,SC,Yes,No,Yes,Social Welfare & Disability Support
68,Female,Maharashtra,31600.0,Artisan,SC,No,No,No,Senior Citizen Pension & Healthcare
75,Female,Uttar Pradesh,30300.0,Student,OBC,Yes,Yes,No,Education & Scholarships
71,Female,West Bengal,48500.0,Daily Wage Worker,OBC,No,No,No,Senior Citizen Pension & Healthcare
29,Male,Uttar Pradesh,49300.0,Farmer,OBC,Yes,No,No,Agriculture & Farmer Welfare
20,Male,Karnataka,249700.0,Farmer,General,Yes,Yes,No,Education & Scholarships
62,Male,Bihar,71300.0,Farmer,OBC,Yes,No,No,Senior Citizen Pension & Healthcare
35,Male,Uttar Pradesh,435200.0,Self-Employed,OBC,No,No,No,Skill Development & Entrepreneurship
57,Male,West Bengal,505100.0,Daily Wage Worker,General,Yes,No,No,Rural & Urban Livelihood Support
38,Male,Tamil Nadu,700500.0,Artisan,EWS,Yes,No,Yes,Skill Development & Entrepreneurship
32,Female,Tamil Nadu,533700.0,Self-Employed,SC,Yes,No,No,Women & Child Development
50,Male,Madhya Pradesh,87100.0,Student,OBC,Yes,Yes,No,Education & Scholarships
52,Female,Madhya Pradesh,158300.0,Salaried,EWS,Yes,No,No,Women & Child Development
43,Female,Kerala,64700.0,Salaried,General,Yes,No,No,Women & Child Development
25,Female,Madhya Pradesh,325400.0,Daily Wage Worker,General,Yes,No,No,Women & Child Development
53,Female,Rajasthan,424800.0,Student,General,Yes,Yes,No,Education & Scholarships
65,Male,Madhya Pradesh,373000.0,Self-Employed,General,No,No,No,Senior Citizen Pension & Healthcare
47,Female,Rajasthan,132200.0,Self-Employed,OBC,Yes,No,No,Women & Child Development
40,Female,Madhya Pradesh,285900.0,Salaried,General,Yes,No,No,Women & Child Development
59,Female,Maharashtra,48500.0,Salaried,General,No,No,No,Women & Child Development
61,Male,Gujarat,37400.0,Unemployed,General,Yes,No,Yes,Social Welfare & Disability Support
31,Female,Rajasthan,281900.0,Student,SC,Yes,Yes,No,Education & Scholarships
31,Male,Bihar,129700.0,Salaried,OBC,Yes,No,No,Rural & Urban Livelihood Support
19,Male,Kerala,1004600.0,Self-Employed,SC,No,No,No,Skill Development & Entrepreneurship
72,Male,Karnataka,48400.0,Unemployed,General,Yes,No,No,Senior Citizen Pension & Healthcare
54,Male,Rajasthan,378400.0,Artisan,EWS,No,No,No,Skill Development & Entrepreneurship
22,Female,Uttar Pradesh,147700.0,Farmer,General,Yes,No,No,Agriculture & Farmer Welfare
55,Female,Gujarat,346000.0,Artisan,ST,Yes,No,No,Women & Child Development
62,Male,Maharashtra,335800.0,Student,SC,No,Yes,No,Education & Scholarships
58,Female,Tamil Nadu,475800.0,Farmer,General,No,No,No,Agriculture & Farmer Welfare
71,Female,Maharashtra,93600.0,Unemployed,General,Yes,No,No,Senior Citizen Pension & Healthcare
64,Male,Madhya Pradesh,568500.0,Student,OBC,No,Yes,No,Education & Scholarships
31,Female,Kerala,59600.0,Student,EWS,Yes,Yes,No,Education & Scholarships
73,Male,Gujarat,45400.0,Student,OBC,No,Yes,No,Education & Scholarships
56,Female,Uttar Pradesh,131700.0,Artisan,General,No,No,Yes,Social Welfare & Disability Support
42,Male,Rajasthan,347200.0,Salaried,OBC,Yes,No,No,Rural & Urban Livelihood Support
37,Male,Maharashtra,145400.0,Student,General,Yes,Yes,No,Education & Scholarships
19,Male,Gujarat,348200.0,Student,General,Yes,Yes,No,Education & Scholarships
56,Female,Rajasthan,265500.0,Salaried,ST,Yes,No,No,Women & Child Development
23,Male,Kerala,72300.0,Salaried,General,Yes,No,No,Rural & Urban Livelihood Support
34,Male,Karnataka,565300.0,Student,EWS,No,Yes,No,Education & Scholarships
42,Female,Tamil Nadu,41300.0,Daily Wage Worker,General,Yes,No,No,Women & Child Development
74,Female,Kerala,441400.0,Self-Employed,OBC,Yes,No,No,Senior Citizen Pension & Healthcare
45,Male,Madhya Pradesh,95300.0,Daily Wage Worker,OBC,No,No,No,Rural & Urban Livelihood Support
19,Male,West Bengal,154800.0,Artisan,SC,Yes,No,No,Skill Development & Entrepreneurship
52,Female,Karnataka,128800.0,Salaried,OBC,Yes,No,No,Women & Child Development
54,Male,Madhya Pradesh,63900.0,Student,General,Yes,Yes,No,Education & Scholarships
22,Female,Maharashtra,109800.0,Farmer,OBC,Yes,No,No,Agriculture & Farmer Welfare
18,Female,Karnataka,68600.0,Farmer,General,Yes,No,No,Agriculture & Farmer Welfare
57,Male,Madhya Pradesh,71000.0,Artisan,SC,No,No,No,Skill Development & Entrepreneurship
29,Male,Karnataka,67300.0,Salaried,General,Yes,No,No,Rural & Urban Livelihood Support
73,Male,Kerala,150900.0,Self-Employed,OBC,No,No,No,Senior Citizen Pension & Healthcare
53,Transgender,Gujarat,317800.0,Student,OBC,No,Yes,No,Education & Scholarships
62,Female,Tamil Nadu,181500.0,Artisan,OBC,Yes,No,No,Senior Citizen Pension & Healthcare
40,Female,Tamil Nadu,432600.0,Artisan,OBC,Yes,No,No,Women & Child Development
64,Female,Madhya Pradesh,212200.0,Salaried,General,Yes,No,No,Senior Citizen Pension & Healthcare
48,Male,Madhya Pradesh,240400.0,Self-Employed,General,No,No,Yes,Social Welfare & Disability Support
28,Male,Karnataka,228300.0,Self-Employed,OBC,Yes,No,No,Skill Development & Entrepreneurship
27,Female,Maharashtra,137400.0,Daily Wage Worker,General,Yes,No,No,Women & Child Development
20,Female,Madhya Pradesh,240400.0,Daily Wage Worker,General,Yes,Yes,No,Education & Scholarships
71,Female,Karnataka,43000.0,Self-Employed,OBC,No,No,No,Senior Citizen Pension & Healthcare
31,Male,Bihar,383700.0,Farmer,General,Yes,No,No,Agriculture & Farmer Welfare
33,Female,Tamil Nadu,300800.0,Unemployed,OBC,No,No,No,Women & Child Development
27,Female,Madhya Pradesh,80600.0,Daily Wage Worker,General,Yes,No,No,Women & Child Development
46,Male,Kerala,293000.0,Daily Wage Worker,SC,Yes,No,No,Rural & Urban Livelihood Support
27,Male,Uttar Pradesh,32300.0,Salaried,OBC,No,No,No,Rural & Urban Livelihood Support
29,Male,Karnataka,74100.0,Unemployed,General,No,No,No,Rural & Urban Livelihood Support
47,Male,Tamil Nadu,42100.0,Unemployed,General,No,No,No,Rural & Urban Livelihood Support
58,Female,Madhya Pradesh,302700.0,Salaried,OBC,Yes,No,No,Women & Child Development
18,Male,Gujarat,283800.0,Student,SC,No,Yes,No,Education & Scholarships
22,Male,Karnataka,332400.0,Artisan,General,Yes,Yes,No,Education & Scholarships
37,Male,Maharashtra,30800.0,Self-Employed,General,Yes,No,No,Skill Development & Entrepreneurship
25,Female,Madhya Pradesh,155200.0,Farmer,SC,Yes,No,No,Agriculture & Farmer Welfare
60,Female,Karnataka,249600.0,Unemployed,SC,Yes,No,No,Senior Citizen Pension & Healthcare
29,Female,Madhya Pradesh,60400.0,Daily Wage Worker,EWS,Yes,No,No,Women & Child Development
18,Female,West Bengal,218900.0,Daily Wage Worker,General,Yes,No,No,Women & Child Development
74,Male,Uttar Pradesh,45800.0,Salaried,ST,Yes,No,No,Senior Citizen Pension & Healthcare
71,Female,Rajasthan,66000.0,Farmer,OBC,Yes,No,No,Senior Citizen Pension & Healthcare
37,Female,Rajasthan,146300.0,Daily Wage Worker,General,Yes,No,No,Women & Child Development
45,Female,West Bengal,220800.0,Self-Employed,OBC,Yes,No,No,Women & Child Development
74,Female,Karnataka,58400.0,Farmer,OBC,Yes,No,No,Senior Citizen Pension & Healthcare
60,Female,Maharashtra,66900.0,Student,General,No,Yes,No,Education & Scholarships
54,Female,Madhya Pradesh,71200.0,Salaried,SC,No,No,No,Women & Child Development
64,Female,Karnataka,79100.0,Self-Employed,General,Yes,No,Yes,Social Welfare & Disability Support
54,Male,Gujarat,76200.0,Unemployed,SC,Yes,No,No,Rural & Urban Livelihood Support
29,Male,Maharashtra,120500.0,Self-Employed,General,No,No,No,Skill Development & Entrepreneurship
54,Female,Gujarat,220900.0,Farmer,General,Yes,No,Yes,Social Welfare & Disability Support
66,Male,West Bengal,133700.0,Farmer,OBC,Yes,No,No,Senior Citizen Pension & Healthcare
66,Male,Kerala,299300.0,Farmer,General,No,No,No,Senior Citizen Pension & Healthcare
73,Male,Rajasthan,258700.0,Salaried,OBC,Yes,No,No,Senior Citizen Pension & Healthcare
61,Female,Rajasthan,54400.0,Student,General,Yes,Yes,Yes,Social Welfare & Disability Support
73,Female,Madhya Pradesh,39000.0,Salaried,OBC,Yes,No,No,Senior Citizen Pension & Healthcare
45,Female,Uttar Pradesh,408600.0,Salaried,OBC,Yes,No,No,Women & Child Development
64,Female,West Bengal,45000.0,Salaried,SC,Yes,No,No,Senior Citizen Pension & Healthcare
32,Female,Karnataka,58900.0,Artisan,General,No,No,No,Women & Child Development
23,Male,West Bengal,34000.0,Salaried,General,No,Yes,No,Education & Scholarships
61,Female,Karnataka,208200.0,Farmer,OBC,Yes,No,No,Senior Citizen Pension & Healthcare
37,Female,West Bengal,187200.0,Student,General,No,Yes,No,Education & Scholarships
67,Male,Kerala,810400.0,Farmer,SC,Yes,No,No,Senior Citizen Pension & Healthcare
31,Female,Bihar,422400.0,Salaried,ST,Yes,No,No,Women & Child Development
19,Male,Uttar Pradesh,125200.0,Student,SC,Yes,Yes,No,Education & Scholarships
26,Male,Karnataka,113600.0,Self-Employed,OBC,Yes,No,No,Skill Development & Entrepreneurship
54,Male,Uttar Pradesh,93400.0,Student,SC,No,Yes,No,Education & Scholarships
37,Transgender,Maharashtra,59800.0,Farmer,OBC,Yes,No,Yes,Social Welfare & Disability Support
43,Female,West Bengal,56700.0,Student,OBC,No,Yes,No,Education & Scholarships
46,Male,Madhya Pradesh,55500.0,Unemployed,OBC,Yes,No,No,Rural & Urban Livelihood Support
18,Male,Tamil Nadu,51800.0,Self-Employed,SC,Yes,No,No,Skill Development & Entrepreneurship
72,Male,Maharashtra,79500.0,Salaried,General,Yes,No,No,Senior Citizen Pension & Healthcare
52,Female,Gujarat,95900.0,Daily Wage Worker,General,No,No,No,Women & Child Development
23,Male,Rajasthan,616600.0,Salaried,SC,Yes,Yes,Yes,Education & Scholarships
54,Female,Tamil Nadu,185500.0,Self-Employed,OBC,Yes,No,No,Women & Child Development
70,Male,Kerala,820100.0,Self-Employed,General,Yes,No,No,Senior Citizen Pension & Healthcare
22,Female,West Bengal,113900.0,Self-Employed,General,No,No,No,Women & Child Development
50,Male,Bihar,140100.0,Artisan,General,No,No,Yes,Social Welfare & Disability Support
66,Male,Kerala,100600.0,Unemployed,SC,Yes,No,No,Senior Citizen Pension & Healthcare
68,Female,Karnataka,66400.0,Self-Employed,OBC,No,No,Yes,Social Welfare & Disability Support
31,Female,Tamil Nadu,57800.0,Unemployed,SC,Yes,No,No,Women & Child Development
29,Female,Rajasthan,552300.0,Unemployed,General,Yes,No,No,Women & Child Development
59,Male,Madhya Pradesh,809100.0,Farmer,SC,Yes,No,No,Agriculture & Farmer Welfare
37,Male,Bihar,38300.0,Self-Employed,General,Yes,No,No,Skill Development & Entrepreneurship
70,Male,Uttar Pradesh,59300.0,Farmer,EWS,Yes,No,No,Senior Citizen Pension & Healthcare
67,Male,West Bengal,129100.0,Self-Employed,OBC,No,No,No,Senior Citizen Pension & Healthcare
41,Male,Karnataka,67100.0,Daily Wage Worker,SC,Yes,No,No,Rural & Urban Livelihood Support
60,Female,West Bengal,111400.0,Salaried,General,No,No,No,Senior Citizen Pension & Healthcare
51,Female,Kerala,54900.0,Student,OBC,No,Yes,No,Education & Scholarships
42,Male,Tamil Nadu,139800.0,Student,OBC,No,Yes,No,Education & Scholarships
67,Female,Kerala,87100.0,Student,SC,Yes,Yes,No,Education & Scholarships
46,Female,Tamil Nadu,108100.0,Farmer,OBC,No,No,No,Agriculture & Farmer Welfare
74,Female,Madhya Pradesh,47800.0,Unemployed,OBC,Yes,No,No,Senior Citizen Pension & Healthcare
56,Female,Rajasthan,130600.0,Unemployed,EWS,No,No,No,Women & Child Development
48,Male,Uttar Pradesh,766200.0,Daily Wage Worker,SC,Yes,No,No,Rural & Urban Livelihood Support
73,Female,Madhya Pradesh,101800.0,Salaried,OBC,Yes,No,No,Senior Citizen Pension & Healthcare
64,Male,Maharashtra,406400.0,Farmer,General,No,No,No,Senior Citizen Pension & Healthcare
60,Female,Rajasthan,363500.0,Student,General,No,Yes,No,Education & Scholarships
67,Female,Madhya Pradesh,576800.0,Student,ST,Yes,Yes,No,Education & Scholarships
40,Female,Bihar,311000.0,Unemployed,SC,Yes,No,No,Women & Child Development
61,Male,West Bengal,224000.0,Daily Wage Worker,SC,Yes,No,No,Senior Citizen Pension & Healthcare
55,Male,Kerala,379600.0,Daily Wage Worker,OBC,No,No,No,Rural & Urban Livelihood Support
37,Male,Rajasthan,44200.0,Farmer,General,Yes,No,No,Agriculture & Farmer Welfare
40,Male,Bihar,141900.0,Farmer,OBC,Yes,No,No,Agriculture & Farmer Welfare
62,Male,Kerala,846000.0,Salaried,OBC,Yes,No,No,Senior Citizen Pension & Healthcare
69,Male,Maharashtra,294200.0,Student,SC,Yes,Yes,No,Education & Scholarships
33,Male,Gujarat,619000.0,Daily Wage Worker,OBC,Yes,No,No,Rural & Urban Livelihood Support
67,Male,Rajasthan,302200.0,Farmer,General,No,No,No,Senior Citizen Pension & Healthcare
59,Female,Bihar,404100.0,Student,ST,No,Yes,No,Education & Scholarships
72,Male,Kerala,250700.0,Daily Wage Worker,OBC,Yes,No,No,Senior Citizen Pension & Healthcare
25,Male,Kerala,287300.0,Farmer,OBC,No,No,No,Agriculture & Farmer Welfare
67,Male,Madhya Pradesh,163300.0,Daily Wage Worker,SC,Yes,No,No,Senior Citizen Pension & Healthcare
38,Female,Tamil Nadu,494400.0,Daily Wage Worker,ST,Yes,No,No,Women & Child Development
18,Male,Madhya Pradesh,343800.0,Self-Employed,SC,Yes,Yes,No,Education & Scholarships
72,Male,Bihar,364300.0,Daily Wage Worker,General,Yes,No,No,Senior Citizen Pension & Healthcare
25,Female,Karnataka,231200.0,Self-Employed,OBC,No,No,No,Women & Child Development
46,Male,West Bengal,95400.0,Farmer,OBC,Yes,No,No,Agriculture & Farmer Welfare
49,Female,Rajasthan,36500.0,Daily Wage Worker,SC,No,No,No,Women & Child Development
55,Female,Madhya Pradesh,523800.0,Self-Employed,OBC,No,No,No,Women & Child Development
22,Female,Kerala,188800.0,Student,ST,No,Yes,No,Education & Scholarships
64,Female,Kerala,93700.0,Salaried,General,No,No,No,Senior Citizen Pension & Healthcare
39,Male,Gujarat,59100.0,Self-Employed,General,No,No,No,Skill Development & Entrepreneurship
64,Female,Rajasthan,348400.0,Unemployed,SC,Yes,No,No,Senior Citizen Pension & Healthcare
51,Female,Gujarat,356000.0,Salaried,SC,Yes,No,No,Women & Child Development
18,Female,West Bengal,333300.0,Artisan,General,Yes,No,No,Women & Child Development
72,Female,Maharashtra,216500.0,Self-Employed,ST,No,No,No,Senior Citizen Pension & Healthcare
72,Female,Madhya Pradesh,112000.0,Artisan,EWS,Yes,No,No,Senior Citizen Pension & Healthcare
43,Male,Uttar Pradesh,95300.0,Artisan,EWS,No,No,No,Skill Development & Entrepreneurship
60,Female,Bihar,31500.0,Salaried,SC,Yes,No,No,Senior Citizen Pension & Healthcare
27,Male,Bihar,352800.0,Unemployed,SC,Yes,No,No,Rural & Urban Livelihood Support
47,Male,Maharashtra,46500.0,Student,SC,Yes,Yes,No,Education & Scholarships
67,Female,Rajasthan,209300.0,Self-Employed,OBC,No,No,No,Senior Citizen Pension & Healthcare
35,Male,Madhya Pradesh,156200.0,Salaried,OBC,Yes,No,No,Rural & Urban Livelihood Support
34,Female,West Bengal,164600.0,Self-Employed,OBC,Yes,No,No,Women & Child Development
43,Female,Tamil Nadu,500400.0,Unemployed,OBC,Yes,No,No,Women & Child Development
25,Female,Gujarat,35800.0,Daily Wage Worker,General,Yes,No,No,Women & Child Development
64,Female,Maharashtra,297200.0,Farmer,OBC,Yes,No,No,Senior Citizen Pension & Healthcare
57,Male,Tamil Nadu,39600.0,Farmer,ST,Yes,No,No,Agriculture & Farmer Welfare
66,Male,Gujarat,37000.0,Daily Wage Worker,SC,Yes,No,No,Senior Citizen Pension & Healthcare
29,Female,Maharashtra,131100.0,Artisan,OBC,Yes,No,No,Women & Child Development
44,Male,Bihar,41700.0,Self-Employed,OBC,No,No,No,Skill Development & Entrepreneurship
25,Female,Bihar,310200.0,Daily Wage Worker,SC,No,No,No,Women & Child Development
42,Male,Kerala,165700.0,Daily Wage Worker,SC,Yes,No,No,Rural & Urban Livelihood Support
63,Female,Gujarat,35300.0,Farmer,EWS,Yes,No,No,Senior Citizen Pension & Healthcare
21,Female,Uttar Pradesh,37400.0,Student,EWS,Yes,Yes,No,Education & Scholarships
50,Female,West Bengal,200700.0,Farmer,EWS,No,No,No,Agriculture & Farmer Welfare
18,Female,Karnataka,325300.0,Self-Employed,General,Yes,No,No,Women & Child Development
36,Male,Rajasthan,133700.0,Farmer,OBC,Yes,No,No,Agriculture & Farmer Welfare
48,Male,Rajasthan,175600.0,Self-Employed,SC,Yes,No,No,Skill Development & Entrepreneurship
33,Female,Gujarat,319500.0,Student,OBC,Yes,Yes,No,Education & Scholarships
31,Male,Maharashtra,199700.0,Self-Employed,SC,Yes,No,No,Skill Development & Entrepreneurship
70,Male,Maharashtra,75800.0,Farmer,General,No,No,No,Senior Citizen Pension & Healthcare
65,Male,Karnataka,200900.0,Self-Employed,SC,Yes,No,No,Senior Citizen Pension & Healthcare
22,Female,West Bengal,208100.0,Artisan,OBC,Yes,No,No,Women & Child Development
58,Female,Madhya Pradesh,268400.0,Farmer,General,Yes,No,No,Agriculture & Farmer Welfare
43,Male,West Bengal,204600.0,Salaried,General,No,No,No,Rural & Urban Livelihood Support
45,Male,Madhya Pradesh,656700.0,Farmer,EWS,Yes,No,No,Agriculture & Farmer Welfare
19,Female,Karnataka,69600.0,Daily Wage Worker,OBC,Yes,No,No,Women & Child Development
67,Female,Madhya Pradesh,573200.0,Salaried,ST,No,No,No,Senior Citizen Pension & Healthcare
23,Female,Uttar Pradesh,169100.0,Self-Employed,SC,No,No,No,Women & Child Development
26,Male,Kerala,230600.0,Unemployed,SC,Yes,No,Yes,Social Welfare & Disability Support
50,Male,West Bengal,48900.0,Student,SC,Yes,Yes,No,Education & Scholarships
58,Female,Madhya Pradesh,116200.0,Artisan,General,Yes,No,No,Women & Child Development
42,Male,Bihar,294100.0,Artisan,OBC,No,No,No,Skill Development & Entrepreneurship
65,Male,Uttar Pradesh,250900.0,Student,OBC,Yes,Yes,No,Education & Scholarships
30,Male,West Bengal,37400.0,Artisan,ST,Yes,No,No,Skill Development & Entrepreneurship
26,Male,Madhya Pradesh,172400.0,Farmer,SC,Yes,No,No,Agriculture & Farmer Welfare
70,Male,Bihar,46600.0,Daily Wage Worker,OBC,Yes,No,No,Senior Citizen Pension & Healthcare
30,Female,Karnataka,1017500.0,Salaried,General,Yes,No,No,Women & Child Development
48,Male,Karnataka,439700.0,Student,General,No,Yes,No,Education & Scholarships
58,Female,Gujarat,33800.0,Farmer,OBC,Yes,No,No,Agriculture & Farmer Welfare
28,Female,Rajasthan,382200.0,Artisan,General,No,No,No,Skill Development & Entrepreneurship
21,Female,Tamil Nadu,483400.0,Artisan,OBC,Yes,No,No,Women & Child Development
51,Female,Bihar,108500.0,Daily Wage Worker,OBC,No,No,No,Women & Child Development
55,Female,Gujarat,258800.0,Artisan,General,No,No,No,Women & Child Development
63,Female,Uttar Pradesh,135000.0,Student,General,Yes,Yes,No,Education & Scholarships
21,Male,Madhya Pradesh,221700.0,Daily Wage Worker,OBC,Yes,No,No,Rural & Urban Livelihood Support
55,Female,West Bengal,104900.0,Salaried,General,Yes,No,No,Women & Child Development
36,Male,Maharashtra,100100.0,Self-Employed,OBC,Yes,No,No,Skill Development & Entrepreneurship
23,Female,Bihar,129400.0,Self-Employed,OBC,Yes,No,Yes,Social Welfare & Disability Support
51,Male,Tamil Nadu,58300.0,Student,OBC,Yes,Yes,No,Education & Scholarships
35,Male,Maharashtra,350200.0,Farmer,OBC,No,No,No,Agriculture & Farmer Welfare
30,Female,Kerala,107200.0,Farmer,OBC,No,No,No,Agriculture & Farmer Welfare
58,Male,Tamil Nadu,122000.0,Artisan,SC,Yes,No,No,Skill Development & Entrepreneurship
40,Male,Gujarat,434100.0,Salaried,General,No,No,No,Rural & Urban Livelihood Support
36,Male,Tamil Nadu,153600.0,Self-Employed,OBC,No,No,No,Skill Development & Entrepreneurship
62,Male,Madhya Pradesh,171400.0,Farmer,OBC,Yes,No,No,Senior Citizen Pension & Healthcare
28,Male,West Bengal,594300.0,Farmer,OBC,Yes,No,No,Agriculture & Farmer Welfare
18,Male,Uttar Pradesh,422000.0,Farmer,SC,Yes,No,No,Agriculture & Farmer Welfare
41,Female,Maharashtra,63400.0,Self-Employed,OBC,Yes,No,No,Women & Child Development
71,Female,Tamil Nadu,145400.0,Artisan,OBC,Yes,No,No,Senior Citizen Pension & Healthcare
24,Male,Madhya Pradesh,669100.0,Farmer,General,Yes,No,No,Agriculture & Farmer Welfare
42,Female,Karnataka,113800.0,Self-Employed,General,No,No,No,Women & Child Development
38,Male,Tamil Nadu,113600.0,Farmer,OBC,Yes,No,No,Agriculture & Farmer Welfare
32,Female,Tamil Nadu,69100.0,Student,General,Yes,Yes,No,Education & Scholarships
18,Male,Rajasthan,51900.0,Student,General,No,Yes,No,Education & Scholarships
29,Transgender,Maharashtra,272700.0,Farmer,OBC,No,No,No,Agriculture & Farmer Welfare
75,Female,Rajasthan,294600.0,Student,SC,Yes,Yes,No,Education & Scholarships
24,Female,Rajasthan,655400.0,Farmer,SC,No,No,No,Agriculture & Farmer Welfare
32,Male,West Bengal,297200.0,Daily Wage Worker,General,Yes,No,No,Rural & Urban Livelihood Support
38,Male,Madhya Pradesh,80200.0,Daily Wage Worker,OBC,Yes,No,No,Rural & Urban Livelihood Support
36,Female,Rajasthan,37400.0,Self-Employed,General,Yes,No,No,Women & Child Development
46,Female,Tamil Nadu,791300.0,Unemployed,General,Yes,No,No,Women & Child Development
42,Male,Gujarat,104900.0,Farmer,SC,Yes,No,No,Agriculture & Farmer Welfare
50,Male,Gujarat,97300.0,Salaried,General,Yes,No,No,Rural & Urban Livelihood Support
66,Female,Karnataka,455500.0,Farmer,OBC,No,No,No,Senior Citizen Pension & Healthcare
49,Female,Gujarat,188300.0,Artisan,General,No,No,No,Skill Development & Entrepreneurship
66,Female,Karnataka,73500.0,Artisan,SC,Yes,No,No,Senior Citizen Pension & Healthcare
52,Female,Gujarat,425800.0,Student,OBC,Yes,Yes,No,Education & Scholarships
61,Female,Kerala,932700.0,Salaried,ST,No,No,No,Senior Citizen Pension & Healthcare
55,Male,Karnataka,46300.0,Student,ST,Yes,Yes,No,Education & Scholarships
43,Female,Bihar,386800.0,Farmer,OBC,Yes,No,No,Agriculture & Farmer Welfare
28,Male,Maharashtra,119100.0,Farmer,ST,Yes,No,No,Agriculture & Farmer Welfare
52,Female,Maharashtra,163600.0,Student,General,No,Yes,No,Education & Scholarships
25,Male,Maharashtra,473300.0,Student,SC,No,Yes,No,Education & Scholarships
63,Male,Madhya Pradesh,682700.0,Student,SC,No,Yes,No,Education & Scholarships
31,Female,West Bengal,84700.0,Farmer,General,Yes,No,No,Agriculture & Farmer Welfare
27,Male,Uttar Pradesh,73100.0,Unemployed,General,No,No,No,Rural & Urban Livelihood Support
19,Female,West Bengal,45100.0,Farmer,ST,Yes,No,No,Agriculture & Farmer Welfare
63,Male,Karnataka,178500.0,Student,OBC,Yes,Yes,No,Education & Scholarships
26,Male,West Bengal,32500.0,Self-Employed,OBC,Yes,No,No,Skill Development & Entrepreneurship
20,Female,Gujarat,125600.0,Salaried,OBC,No,Yes,No,Education & Scholarships
38,Female,Karnataka,43700.0,Farmer,ST,Yes,No,No,Agriculture & Farmer Welfare
43,Female,West Bengal,123500.0,Farmer,ST,Yes,No,No,Agriculture & Farmer Welfare
25,Male,West Bengal,37300.0,Salaried,OBC,No,No,No,Rural & Urban Livelihood Support
65,Female,Rajasthan,354600.0,Student,ST,No,Yes,No,Education & Scholarships
19,Female,Kerala,72400.0,Self-Employed,OBC,Yes,Yes,No,Education & Scholarships
23,Female,Madhya Pradesh,101600.0,Farmer,EWS,Yes,No,No,Agriculture & Farmer Welfare
45,Female,Karnataka,397300.0,Salaried,General,No,No,No,Rural & Urban Livelihood Support
70,Male,Uttar Pradesh,276900.0,Salaried,OBC,No,No,No,Senior Citizen Pension & Healthcare
46,Female,Maharashtra,74500.0,Unemployed,OBC,Yes,No,No,Women & Child Development
43,Male,Tamil Nadu,43400.0,Farmer,OBC,Yes,No,No,Agriculture & Farmer Welfare
42,Female,Bihar,256400.0,Artisan,OBC,Yes,No,No,Women & Child Development
29,Female,West Bengal,119200.0,Farmer,SC,Yes,No,No,Agriculture & Farmer Welfare
22,Male,Maharashtra,291500.0,Salaried,OBC,Yes,No,No,Rural & Urban Livelihood Support
51,Transgender,Gujarat,136100.0,Salaried,EWS,Yes,No,No,Rural & Urban Livelihood Support
65,Male,Bihar,106400.0,Artisan,General,Yes,No,No,Senior Citizen Pension & Healthcare
54,Female,Kerala,138000.0,Self-Employed,SC,Yes,No,No,Women & Child Development
32,Female,Maharashtra,278500.0,Student,OBC,No,Yes,No,Education & Scholarships
61,Male,Rajasthan,448500.0,Artisan,ST,Yes,No,No,Senior Citizen Pension & Healthcare
53,Female,Maharashtra,39200.0,Self-Employed,SC,Yes,No,No,Women & Child Development
32,Female,Kerala,163700.0,Farmer,ST,No,No,No,Agriculture & Farmer Welfare
60,Male,Maharashtra,36000.0,Farmer,EWS,Yes,No,No,Senior Citizen Pension & Healthcare
65,Male,West Bengal,143700.0,Student,OBC,Yes,Yes,No,Education & Scholarships
40,Transgender,Maharashtra,419800.0,Unemployed,OBC,Yes,No,No,Rural & Urban Livelihood Support
23,Male,Rajasthan,110800.0,Salaried,SC,No,No,No,Education & Scholarships
63,Male,Madhya Pradesh,515100.0,Salaried,ST,No,No,No,Senior Citizen Pension & Healthcare
67,Female,Kerala,209300.0,Daily Wage Worker,General,No,No,No,Senior Citizen Pension & Healthcare
61,Female,Rajasthan,519700.0,Self-Employed,OBC,No,No,No,Senior Citizen Pension & Healthcare
60,Male,Karnataka,284800.0,Farmer,General,Yes,No,No,Senior Citizen Pension & Healthcare
62,Male,Maharashtra,49700.0,Salaried,OBC,No,No,No,Senior Citizen Pension & Healthcare
38,Female,Uttar Pradesh,77300.0,Self-Employed,OBC,No,No,No,Women & Child Development
40,Female,Maharashtra,120200.0,Daily Wage Worker,General,Yes,No,No,Women & Child Development
60,Female,Kerala,63600.0,Daily Wage Worker,OBC,No,No,No,Senior Citizen Pension & Healthcare
72,Male,Bihar,152900.0,Unemployed,General,Yes,No,No,Senior Citizen Pension & Healthcare
33,Female,Rajasthan,144700.0,Student,EWS,Yes,Yes,No,Education & Scholarships
64,Female,Uttar Pradesh,593300.0,Farmer,SC,No,No,No,Senior Citizen Pension & Healthcare
70,Male,Karnataka,132400.0,Daily Wage Worker,EWS,Yes,No,No,Senior Citizen Pension & Healthcare
32,Male,Gujarat,307200.0,Salaried,SC,Yes,No,No,Rural & Urban Livelihood Support
42,Female,Karnataka,542200.0,Daily Wage Worker,OBC,No,No,No,Women & Child Development
53,Male,Rajasthan,407200.0,Artisan,SC,No,No,No,Skill Development & Entrepreneurship
28,Male,Bihar,72100.0,Farmer,ST,No,No,No,Agriculture & Farmer Welfare
68,Female,Rajasthan,153300.0,Daily Wage Worker,EWS,Yes,No,No,Senior Citizen Pension & Healthcare
32,Female,Tamil Nadu,106900.0,Daily Wage Worker,SC,Yes,No,No,Women & Child Development
21,Female,Uttar Pradesh,121900.0,Self-Employed,OBC,No,No,No,Women & Child Development
38,Female,Bihar,110600.0,Farmer,OBC,Yes,No,No,Agriculture & Farmer Welfare
30,Male,Uttar Pradesh,345100.0,Salaried,OBC,No,No,No,Rural & Urban Livelihood Support
39,Female,Rajasthan,138300.0,Self-Employed,EWS,No,No,No,Women & Child Development
36,Male,Madhya Pradesh,163500.0,Unemployed,General,No,No,No,Rural & Urban Livelihood Support
51,Female,Uttar Pradesh,757700.0,Farmer,ST,Yes,No,No,Agriculture & Farmer Welfare
31,Female,Tamil Nadu,41100.0,Farmer,General,Yes,No,No,Agriculture & Farmer Welfare
21,Male,West Bengal,150500.0,Unemployed,SC,No,No,No,Rural & Urban Livelihood Support
65,Female,Bihar,297700.0,Student,OBC,Yes,Yes,No,Education & Scholarships
70,Female,Tamil Nadu,59500.0,Self-Employed,OBC,No,No,No,Senior Citizen Pension & Healthcare
69,Female,Tamil Nadu,200200.0,Artisan,General,No,No,No,Senior Citizen Pension & Healthcare
63,Female,Gujarat,79300.0,Daily Wage Worker,General,Yes,No,No,Senior Citizen Pension & Healthcare
44,Male,Madhya Pradesh,393700.0,Farmer,OBC,No,No,No,Agriculture & Farmer Welfare
46,Female,Maharashtra,101300.0,Farmer,SC,Yes,No,No,Agriculture & Farmer Welfare
64,Male,Madhya Pradesh,101800.0,Salaried,OBC,Yes,No,No,Senior Citizen Pension & Healthcare
45,Male,Kerala,194100.0,Self-Employed,SC,Yes,No,No,Skill Development & Entrepreneurship
52,Female,Gujarat,66500.0,Student,OBC,No,Yes,No,Education & Scholarships
25,Female,Rajasthan,90400.0,Farmer,SC,Yes,No,No,Agriculture & Farmer Welfare
33,Male,Rajasthan,127000.0,Salaried,OBC,Yes,No,No,Rural & Urban Livelihood Support
59,Male,Karnataka,108600.0,Farmer,SC,Yes,No,No,Agriculture & Farmer Welfare
53,Female,Maharashtra,164000.0,Self-Employed,General,Yes,No,No,Women & Child Development
47,Male,Kerala,194800.0,Artisan,SC,Yes,No,Yes,Social Welfare & Disability Support
35,Female,Uttar Pradesh,180500.0,Salaried,ST,Yes,No,No,Women & Child Development
19,Male,Madhya Pradesh,221100.0,Daily Wage Worker,OBC,No,No,No,Rural & Urban Livelihood Support
66,Female,Bihar,96200.0,Self-Employed,OBC,Yes,No,No,Senior Citizen Pension & Healthcare
30,Male,Tamil Nadu,54300.0,Student,SC,Yes,Yes,No,Education & Scholarships
21,Male,Uttar Pradesh,287500.0,Unemployed,General,Yes,No,No,Rural & Urban Livelihood Support
43,Female,Karnataka,372400.0,Artisan,OBC,No,No,No,Women & Child Development
42,Female,Madhya Pradesh,83500.0,Salaried,General,Yes,No,No,Women & Child Development
47,Female,Bihar,124100.0,Artisan,OBC,No,No,No,Women & Child Development
28,Transgender,Karnataka,154300.0,Daily Wage Worker,OBC,No,No,No,Rural & Urban Livelihood Support
24,Female,Tamil Nadu,167200.0,Student,General,No,Yes,No,Education & Scholarships
48,Female,Gujarat,223900.0,Daily Wage Worker,SC,No,No,No,Women & Child Development
61,Male,Maharashtra,37600.0,Farmer,General,Yes,No,No,Senior Citizen Pension & Healthcare
27,Female,Gujarat,260100.0,Farmer,General,No,No,No,Agriculture & Farmer Welfare
56,Male,Bihar,41500.0,Student,ST,Yes,Yes,No,Education & Scholarships
30,Male,Gujarat,143700.0,Student,OBC,No,Yes,No,Education & Scholarships
48,Female,Bihar,346500.0,Farmer,SC,No,No,No,Agriculture & Farmer Welfare
24,Male,Kerala,138000.0,Farmer,ST,No,No,No,Agriculture & Farmer Welfare
73,Female,Kerala,59100.0,Salaried,OBC,Yes,No,No,Senior Citizen Pension & Healthcare
66,Female,West Bengal,786400.0,Farmer,OBC,Yes,No,No,Senior Citizen Pension & Healthcare
59,Male,West Bengal,426100.0,Daily Wage Worker,EWS,Yes,No,No,Rural & Urban Livelihood Support
59,Male,Gujarat,295600.0,Student,EWS,Yes,Yes,No,Education & Scholarships
73,Female,Rajasthan,125400.0,Self-Employed,OBC,Yes,No,No,Senior Citizen Pension & Healthcare
53,Male,Gujarat,66600.0,Artisan,OBC,Yes,No,No,Skill Development & Entrepreneurship
37,Female,Gujarat,540700.0,Salaried,OBC,No,No,No,Women & Child Development
21,Female,Rajasthan,166800.0,Unemployed,General,Yes,No,Yes,Social Welfare & Disability Support
71,Male,Maharashtra,374300.0,Artisan,General,No,No,No,Senior Citizen Pension & Healthcare
24,Female,Madhya Pradesh,105400.0,Daily Wage Worker,General,Yes,No,No,Women & Child Development
71,Female,Rajasthan,103500.0,Farmer,ST,No,No,No,Senior Citizen Pension & Healthcare
18,Male,Bihar,792600.0,Self-Employed,OBC,No,No,No,Skill Development & Entrepreneurship
61,Male,Madhya Pradesh,162800.0,Student,ST,Yes,Yes,No,Education & Scholarships
73,Female,Tamil Nadu,57300.0,Farmer,OBC,Yes,No,No,Senior Citizen Pension & Healthcare
62,Male,Maharashtra,74600.0,Farmer,OBC,Yes,No,No,Senior Citizen Pension & Healthcare
59,Male,Tamil Nadu,148400.0,Daily Wage Worker,General,No,No,No,Rural & Urban Livelihood Support
64,Male,West Bengal,37800.0,Artisan,OBC,Yes,No,Yes,Social Welfare & Disability Support
30,Male,Uttar Pradesh,141800.0,Daily Wage Worker,General,Yes,No,No,Rural & Urban Livelihood Support
72,Female,Kerala,127700.0,Self-Employed,ST,Yes,No,No,Senior Citizen Pension & Healthcare
39,Female,Tamil Nadu,302000.0,Student,OBC,Yes,Yes,No,Education & Scholarships
71,Female,Karnataka,108900.0,Daily Wage Worker,SC,No,No,No,Education & Scholarships
38,Male,Gujarat,758700.0,Unemployed,OBC,Yes,No,No,Rural & Urban Livelihood Support
39,Male,Bihar,65900.0,Salaried,OBC,Yes,No,No,Rural & Urban Livelihood Support
45,Male,Tamil Nadu,190900.0,Self-Employed,General,Yes,No,No,Skill Development & Entrepreneurship
26,Transgender,Tamil Nadu,46900.0,Daily Wage Worker,SC,No,No,No,Rural & Urban Livelihood Support
43,Female,Uttar Pradesh,268300.0,Daily Wage Worker,General,Yes,No,No,Women & Child Development
26,Female,West Bengal,975000.0,Student,General,No,Yes,No,Education & Scholarships
32,Female,Gujarat,337800.0,Student,ST,Yes,Yes,No,Education & Scholarships
27,Female,Gujarat,176000.0,Student,SC,No,Yes,No,Education & Scholarships
41,Female,Uttar Pradesh,149400.0,Farmer,OBC,No,No,No,Agriculture & Farmer Welfare
75,Female,Rajasthan,354400.0,Artisan,SC,Yes,No,No,Senior Citizen Pension & Healthcare
74,Male,Uttar Pradesh,524700.0,Salaried,General,Yes,No,No,Senior Citizen Pension & Healthcare
59,Male,Karnataka,845200.0,Artisan,SC,Yes,No,No,Skill Development & Entrepreneurship
25,Male,Madhya Pradesh,120900.0,Daily Wage Worker,General,No,No,No,Rural & Urban Livelihood Support
41,Male,Karnataka,876300.0,Daily Wage Worker,OBC,Yes,No,No,Rural & Urban Livelihood Support
33,Female,Uttar Pradesh,60500.0,Farmer,General,Yes,No,No,Agriculture & Farmer Welfare
66,Male,Kerala,82600.0,Student,General,Yes,Yes,No,Education & Scholarships
43,Male,Rajasthan,46800.0,Self-Employed,General,Yes,No,No,Skill Development & Entrepreneurship
44,Male,Kerala,87100.0,Daily Wage Worker,ST,Yes,No,No,Rural & Urban Livelihood Support
54,Female,Karnataka,292900.0,Salaried,ST,No,No,No,Women & Child Development
21,Female,Gujarat,375000.0,Farmer,General,No,No,No,Agriculture & Farmer Welfare
67,Female,Karnataka,301600.0,Salaried,General,Yes,No,No,Senior Citizen Pension & Healthcare
41,Male,Maharashtra,209500.0,Farmer,General,Yes,No,No,Agriculture & Farmer Welfare
36,Male,West Bengal,159900.0,Daily Wage Worker,General,No,No,No,Rural & Urban Livelihood Support
53,Male,Bihar,252000.0,Self-Employed,EWS,No,No,No,Skill Development & Entrepreneurship
56,Female,Maharashtra,119200.0,Student,General,Yes,Yes,No,Education & Scholarships
27,Male,Uttar Pradesh,361300.0,Student,OBC,Yes,Yes,No,Education & Scholarships
42,Male,Tamil Nadu,233500.0,Student,General,No,Yes,No,Education & Scholarships
35,Female,Kerala,245400.0,Farmer,General,No,No,No,Agriculture & Farmer Welfare
36,Female,Madhya Pradesh,168200.0,Daily Wage Worker,General,Yes,No,No,Women & Child Development
53,Male,Maharashtra,419700.0,Student,General,Yes,Yes,No,Women & Child Development
27,Female,Rajasthan,82300.0,Self-Employed,OBC,Yes,No,No,Women & Child Development
50,Male,Kerala,116400.0,Farmer,OBC,Yes,No,No,Agriculture & Farmer Welfare
72,Transgender,Maharashtra,300600.0,Unemployed,OBC,Yes,No,No,Senior Citizen Pension & Healthcare
67,Male,Gujarat,152200.0,Unemployed,General,Yes,No,No,Senior Citizen Pension & Healthcare
22,Male,Bihar,426000.0,Daily Wage Worker,OBC,Yes,No,No,Rural & Urban Livelihood Support
64,Male,Karnataka,106500.0,Self-Employed,SC,No,No,No,Senior Citizen Pension & Healthcare
66,Male,Karnataka,113000.0,Farmer,OBC,Yes,No,No,Senior Citizen Pension & Healthcare
52,Female,Maharashtra,425300.0,Unemployed,ST,Yes,No,No,Women & Child Development
61,Female,Uttar Pradesh,142400.0,Farmer,OBC,Yes,No,No,Senior Citizen Pension & Healthcare
51,Female,Rajasthan,160700.0,Farmer,OBC,Yes,No,No,Agriculture & Farmer Welfare
50,Male,Uttar Pradesh,102800.0,Farmer,General,Yes,No,No,Agriculture & Farmer Welfare
72,Female,Kerala,88300.0,Daily Wage Worker,OBC,No,No,No,Senior Citizen Pension & Healthcare
38,Female,West Bengal,222100.0,Daily Wage Worker,ST,Yes,No,No,Women & Child Development
34,Female,Bihar,53000.0,Self-Employed,OBC,No,No,No,Women & Child Development
39,Male,Bihar,410600.0,Artisan,General,No,No,No,Skill Development & Entrepreneurship
65,Male,Karnataka,301900.0,Student,ST,No,Yes,No,Education & Scholarships
54,Transgender,Bihar,68100.0,Salaried,General,No,No,No,Rural & Urban Livelihood Support
32,Male,Uttar Pradesh,243200.0,Self-Employed,OBC,Yes,No,No,Skill Development & Entrepreneurship
52,Male,Rajasthan,196100.0,Artisan,OBC,Yes,No,No,Skill Development & Entrepreneurship
45,Male,Rajasthan,66700.0,Self-Employed,General,No,No,No,Skill Development & Entrepreneurship
24,Male,Karnataka,87400.0,Farmer,OBC,Yes,No,No,Agriculture & Farmer Welfare
49,Male,Maharashtra,124700.0,Student,General,Yes,Yes,Yes,Social Welfare & Disability Support
28,Female,Rajasthan,246300.0,Artisan,SC,Yes,No,No,Women & Child Development
27,Male,Uttar Pradesh,213300.0,Farmer,ST,Yes,No,No,Agriculture & Farmer Welfare
26,Female,Tamil Nadu,166800.0,Farmer,OBC,Yes,No,No,Social Welfare & Disability Support
31,Female,Maharashtra,293300.0,Salaried,OBC,No,No,No,Women & Child Development
30,Male,West Bengal,285300.0,Self-Employed,OBC,Yes,No,No,Skill Development & Entrepreneurship
74,Female,Madhya Pradesh,203200.0,Artisan,General,No,No,No,Senior Citizen Pension & Healthcare
42,Female,Gujarat,308400.0,Daily Wage Worker,OBC,Yes,No,No,Women & Child Development
19,Male,Bihar,103200.0,Salaried,ST,Yes,No,No,Rural & Urban Livelihood Support
52,Female,Bihar,413500.0,Student,SC,Yes,Yes,No,Education & Scholarships
24,Male,Tamil Nadu,201800.0,Unemployed,OBC,Yes,Yes,No,Education & Scholarships
38,Male,Maharashtra,341000.0,Self-Employed,General,Yes,No,No,Skill Development & Entrepreneurship
35,Male,Karnataka,172200.0,Student,OBC,No,Yes,No,Education & Scholarships
20,Male,Uttar Pradesh,74400.0,Farmer,OBC,Yes,No,No,Agriculture & Farmer Welfare
59,Male,Tamil Nadu,170700.0,Artisan,OBC,No,No,No,Skill Development & Entrepreneurship
71,Male,Gujarat,113500.0,Daily Wage Worker,OBC,Yes,No,No,Senior Citizen Pension & Healthcare
56,Male,Rajasthan,245200.0,Farmer,General,Yes,No,No,Agriculture & Farmer Welfare
58,Male,Karnataka,146300.0,Self-Employed,General,Yes,No,No,Skill Development & Entrepreneurship
66,Male,Madhya Pradesh,355500.0,Daily Wage Worker,OBC,Yes,No,No,Senior Citizen Pension & Healthcare
28,Male,Karnataka,234000.0,Artisan,EWS,No,No,No,Skill Development & Entrepreneurship
56,Female,Tamil Nadu,237700.0,Unemployed,General,No,No,No,Women & Child Development
41,Female,West Bengal,74100.0,Unemployed,OBC,Yes,No,No,Women & Child Development
63,Male,Tamil Nadu,777200.0,Artisan,OBC,No,No,No,Senior Citizen Pension & Healthcare
36,Female,Tamil Nadu,361800.0,Salaried,General,Yes,No,No,Women & Child Development
21,Female,Tamil Nadu,310100.0,Student,EWS,No,Yes,No,Education & Scholarships
43,Male,Karnataka,102100.0,Student,General,No,Yes,No,Education & Scholarships
55,Female,Tamil Nadu,168100.0,Farmer,EWS,No,No,No,Agriculture & Farmer Welfare
59,Female,Maharashtra,56500.0,Self-Employed,General,Yes,No,No,Women & Child Development
49,Transgender,Karnataka,169200.0,Self-Employed,General,Yes,No,Yes,Social Welfare & Disability Support
56,Male,Rajasthan,58400.0,Artisan,General,Yes,No,No,Skill Development & Entrepreneurship
62,Female,Maharashtra,175000.0,Student,SC,No,Yes,No,Education & Scholarships
63,Transgender,Gujarat,218300.0,Student,OBC,No,Yes,No,Education & Scholarships
53,Male,Rajasthan,119000.0,Unemployed,ST,Yes,No,No,Rural & Urban Livelihood Support
57,Female,Madhya Pradesh,154200.0,Unemployed,OBC,No,No,No,Women & Child Development
54,Female,Bihar,405200.0,Daily Wage Worker,General,No,No,No,Rural & Urban Livelihood Support
50,Male,Karnataka,50700.0,Daily Wage Worker,General,Yes,No,No,Rural & Urban Livelihood Support
53,Male,Bihar,312400.0,Self-Employed,General,No,No,No,Skill Development & Entrepreneurship
20,Male,Karnataka,63700.0,Farmer,OBC,Yes,No,No,Agriculture & Farmer Welfare
26,Male,Rajasthan,36700.0,Artisan,General,Yes,No,No,Skill Development & Entrepreneurship
25,Male,Madhya Pradesh,66900.0,Daily Wage Worker,General,Yes,No,No,Rural & Urban Livelihood Support
50,Female,Uttar Pradesh,290700.0,Self-Employed,SC,Yes,No,No,Women & Child Development
23,Male,Uttar Pradesh,123500.0,Student,SC,No,Yes,No,Education & Scholarships
58,Female,Maharashtra,400800.0,Salaried,SC,Yes,No,No,Women & Child Development
56,Male,Tamil Nadu,163900.0,Unemployed,OBC,Yes,No,No,Rural & Urban Livelihood Support
21,Male,Tamil Nadu,34100.0,Farmer,EWS,Yes,Yes,No,Education & Scholarships
30,Female,Uttar Pradesh,257000.0,Self-Employed,ST,Yes,No,No,Women & Child Development
66,Male,Rajasthan,51000.0,Salaried,OBC,Yes,No,No,Senior Citizen Pension & Healthcare
19,Female,Madhya Pradesh,310400.0,Student,OBC,Yes,Yes,Yes,Social Welfare & Disability Support
22,Female,Maharashtra,63100.0,Self-Employed,OBC,Yes,No,No,Women & Child Development
61,Male,Rajasthan,106300.0,Artisan,General,No,No,Yes,Social Welfare & Disability Support
44,Female,Tamil Nadu,287800.0,Artisan,ST,No,No,No,Women & Child Development
49,Male,Maharashtra,585100.0,Unemployed,SC,Yes,No,Yes,Rural & Urban Livelihood Support
38,Female,Bihar,113600.0,Farmer,ST,No,No,No,Agriculture & Farmer Welfare
25,Male,Kerala,348300.0,Student,OBC,No,Yes,No,Education & Scholarships
55,Male,Gujarat,68100.0,Student,General,No,Yes,No,Education & Scholarships
25,Male,Maharashtra,326300.0,Student,OBC,No,Yes,No,Education & Scholarships
67,Male,Tamil Nadu,222900.0,Artisan,OBC,No,No,No,Senior Citizen Pension & Healthcare
20,Male,Rajasthan,68500.0,Daily Wage Worker,SC,Yes,No,No,Rural & Urban Livelihood Support
71,Female,Bihar,94800.0,Farmer,OBC,Yes,No,No,Senior Citizen Pension & Healthcare
61,Female,Gujarat,55400.0,Self-Employed,SC,No,No,No,Senior Citizen Pension & Healthcare
75,Female,Gujarat,116900.0,Daily Wage Worker,General,Yes,No,No,Senior Citizen Pension & Healthcare
20,Female,Maharashtra,71000.0,Farmer,SC,No,No,No,Agriculture & Farmer Welfare
39,Male,Gujarat,215900.0,Self-Employed,OBC,No,No,No,Skill Development & Entrepreneurship
23,Female,Bihar,966700.0,Daily Wage Worker,SC,Yes,No,No,Women & Child Development
19,Male,Madhya Pradesh,32200.0,Artisan,EWS,No,Yes,No,Education & Scholarships
40,Male,Rajasthan,170100.0,Farmer,ST,Yes,No,No,Agriculture & Farmer Welfare
61,Female,Maharashtra,183500.0,Self-Employed,SC,No,No,No,Senior Citizen Pension & Healthcare
19,Male,Gujarat,472100.0,Salaried,SC,Yes,No,No,Rural & Urban Livelihood Support
55,Female,Madhya Pradesh,156900.0,Artisan,General,No,No,No,Women & Child Development
34,Female,Rajasthan,171200.0,Farmer,SC,Yes,No,No,Agriculture & Farmer Welfare
52,Female,Karnataka,144800.0,Artisan,SC,No,No,No,Women & Child Development
51,Male,Madhya Pradesh,86400.0,Student,General,No,Yes,No,Education & Scholarships
40,Male,Karnataka,40400.0,Self-Employed,SC,Yes,No,No,Skill Development & Entrepreneurship
47,Female,Karnataka,124600.0,Farmer,General,No,No,No,Agriculture & Farmer Welfare
69,Female,Madhya Pradesh,39700.0,Student,OBC,Yes,Yes,No,Education & Scholarships
25,Male,Gujarat,173900.0,Artisan,General,No,No,No,Skill Development & Entrepreneurship
39,Female,Karnataka,96100.0,Student,OBC,Yes,Yes,No,Education & Scholarships
61,Male,Gujarat,167300.0,Artisan,General,No,No,No,Senior Citizen Pension & Healthcare
75,Male,Gujarat,56000.0,Student,OBC,No,Yes,No,Education & Scholarships
53,Female,Rajasthan,515600.0,Student,General,Yes,Yes,Yes,Education & Scholarships
22,Male,West Bengal,434900.0,Unemployed,SC,Yes,No,No,Rural & Urban Livelihood Support
30,Male,Bihar,67900.0,Salaried,General,Yes,No,No,Rural & Urban Livelihood Support
46,Male,Gujarat,105700.0,Farmer,OBC,Yes,No,No,Agriculture & Farmer Welfare
48,Male,Rajasthan,201100.0,Self-Employed,General,Yes,No,No,Skill Development & Entrepreneurship
64,Female,Kerala,48100.0,Farmer,OBC,Yes,No,No,Senior Citizen Pension & Healthcare
74,Female,Karnataka,108800.0,Artisan,General,Yes,No,No,Senior Citizen Pension & Healthcare
72,Transgender,Maharashtra,82000.0,Artisan,General,Yes,No,No,Senior Citizen Pension & Healthcare
33,Male,Gujarat,474800.0,Farmer,ST,No,No,No,Agriculture & Farmer Welfare
59,Female,Madhya Pradesh,374500.0,Daily Wage Worker,OBC,No,No,No,Women & Child Development
47,Male,Karnataka,186100.0,Student,SC,No,Yes,No,Education & Scholarships
74,Female,Karnataka,162200.0,Student,ST,Yes,Yes,No,Education & Scholarships
72,Female,Kerala,510500.0,Daily Wage Worker,EWS,Yes,No,No,Senior Citizen Pension & Healthcare
33,Male,Maharashtra,515000.0,Daily Wage Worker,OBC,Yes,No,No,Rural & Urban Livelihood Support
29,Female,Rajasthan,657200.0,Artisan,General,No,No,No,Skill Development & Entrepreneurship
34,Male,Kerala,54100.0,Artisan,OBC,Yes,No,No,Skill Development & Entrepreneurship
33,Female,Bihar,61500.0,Artisan,General,Yes,No,No,Women & Child Development
29,Male,Karnataka,233300.0,Artisan,OBC,Yes,No,No,Skill Development & Entrepreneurship
25,Female,Gujarat,170300.0,Farmer,SC,No,No,No,Agriculture & Farmer Welfare
37,Male,Gujarat,33400.0,Artisan,OBC,No,No,No,Skill Development & Entrepreneurship
20,Male,Kerala,41500.0,Self-Employed,General,Yes,Yes,No,Education & Scholarships
33,Female,Bihar,424200.0,Daily Wage Worker,General,Yes,No,No,Women & Child Development
47,Male,Uttar Pradesh,395700.0,Daily Wage Worker,EWS,No,No,No,Rural & Urban Livelihood Support
62,Female,Tamil Nadu,109600.0,Farmer,General,Yes,No,No,Senior Citizen Pension & Healthcare
40,Female,Madhya Pradesh,429000.0,Artisan,OBC,No,No,No,Women & Child Development
45,Male,Madhya Pradesh,192100.0,Farmer,OBC,No,No,No,Agriculture & Farmer Welfare
68,Female,Uttar Pradesh,325100.0,Self-Employed,OBC,No,No,No,Senior Citizen Pension & Healthcare
57,Male,Karnataka,130400.0,Artisan,SC,Yes,No,No,Skill Development & Entrepreneurship
71,Male,Rajasthan,51700.0,Salaried,SC,No,No,No,Senior Citizen Pension & Healthcare
22,Male,Maharashtra,132400.0,Daily Wage Worker,General,No,No,No,Rural & Urban Livelihood Support
37,Female,Uttar Pradesh,140000.0,Salaried,OBC,Yes,No,No,Women & Child Development
57,Female,Bihar,174100.0,Daily Wage Worker,SC,Yes,No,No,Women & Child Development
73,Female,Gujarat,50100.0,Salaried,General,No,No,No,Senior Citizen Pension & Healthcare
61,Male,Tamil Nadu,886100.0,Self-Employed,EWS,Yes,No,No,Senior Citizen Pension & Healthcare
18,Male,Karnataka,80400.0,Salaried,General,No,No,No,Rural & Urban Livelihood Support
74,Male,Tamil Nadu,69800.0,Student,OBC,Yes,Yes,No,Education & Scholarships
47,Female,Maharashtra,164700.0,Student,General,No,Yes,No,Education & Scholarships
38,Female,Gujarat,168700.0,Self-Employed,OBC,Yes,No,No,Rural & Urban Livelihood Support
37,Female,Bihar,134300.0,Salaried,SC,No,No,No,Women & Child Development
23,Female,Madhya Pradesh,296000.0,Artisan,SC,Yes,Yes,No,Education & Scholarships
39,Female,Maharashtra,160900.0,Farmer,OBC,No,No,No,Agriculture & Farmer Welfare
35,Female,Uttar Pradesh,199300.0,Self-Employed,OBC,Yes,No,No,Women & Child Development
25,Female,Madhya Pradesh,261600.0,Self-Employed,OBC,Yes,No,No,Women & Child Development
56,Female,Madhya Pradesh,34600.0,Farmer,ST,Yes,No,No,Agriculture & Farmer Welfare
49,Female,Bihar,182200.0,Daily Wage Worker,OBC,No,No,No,Women & Child Development
50,Female,Uttar Pradesh,418100.0,Salaried,OBC,Yes,No,No,Women & Child Development
70,Female,Kerala,33200.0,Salaried,OBC,No,No,No,Senior Citizen Pension & Healthcare
33,Female,Maharashtra,123500.0,Farmer,General,No,No,No,Agriculture & Farmer Welfare
29,Male,Rajasthan,499200.0,Farmer,SC,No,No,No,Agriculture & Farmer Welfare
55,Female,West Bengal,108400.0,Farmer,ST,No,No,No,Agriculture & Farmer Welfare
69,Female,Gujarat,140500.0,Farmer,OBC,Yes,No,No,Senior Citizen Pension & Healthcare
51,Female,Bihar,748600.0,Student,SC,No,Yes,No,Education & Scholarships
31,Female,Gujarat,70000.0,Daily Wage Worker,OBC,No,No,No,Women & Child Development
53,Female,Maharashtra,42100.0,Farmer,EWS,Yes,No,No,Agriculture & Farmer Welfare
50,Female,Uttar Pradesh,383200.0,Unemployed,OBC,Yes,No,No,Women & Child Development
40,Male,Rajasthan,395100.0,Salaried,OBC,Yes,No,No,Rural & Urban Livelihood Support
67,Female,West Bengal,145000.0,Student,General,Yes,Yes,No,Education & Scholarships
62,Female,Tamil Nadu,160000.0,Salaried,OBC,Yes,No,No,Senior Citizen Pension & Healthcare
19,Male,Rajasthan,355200.0,Daily Wage Worker,OBC,Yes,No,No,Rural & Urban Livelihood Support
58,Female,Bihar,271500.0,Self-Employed,SC,No,No,No,Women & Child Development
38,Female,Gujarat,85500.0,Farmer,SC,Yes,No,No,Agriculture & Farmer Welfare
19,Male,Rajasthan,33100.0,Self-Employed,General,No,No,No,Skill Development & Entrepreneurship
44,Male,Karnataka,147600.0,Farmer,SC,Yes,No,No,Agriculture & Farmer Welfare
74,Female,Uttar Pradesh,382500.0,Self-Employed,General,Yes,No,No,Senior Citizen Pension & Healthcare
26,Female,Uttar Pradesh,437100.0,Student,General,Yes,Yes,Yes,Social Welfare & Disability Support
18,Female,Karnataka,593200.0,Self-Employed,General,No,No,No,Skill Development & Entrepreneurship
28,Female,Madhya Pradesh,411000.0,Farmer,SC,Yes,No,No,Agriculture & Farmer Welfare
20,Male,Madhya Pradesh,186200.0,Student,OBC,Yes,Yes,No,Education & Scholarships
69,Female,Maharashtra,135900.0,Self-Employed,OBC,Yes,No,No,Senior Citizen Pension & Healthcare
40,Female,Kerala,298400.0,Self-Employed,General,Yes,No,No,Women & Child Development
43,Male,Tamil Nadu,272300.0,Artisan,General,No,No,No,Skill Development & Entrepreneurship
21,Male,Karnataka,169100.0,Student,SC,No,Yes,No,Education & Scholarships
35,Female,Maharashtra,46400.0,Salaried,OBC,No,No,No,Women & Child Development
72,Male,Gujarat,498900.0,Self-Employed,OBC,Yes,No,No,Senior Citizen Pension & Healthcare
23,Female,Karnataka,139500.0,Student,OBC,No,Yes,No,Education & Scholarships
52,Male,Kerala,111300.0,Self-Employed,OBC,Yes,No,No,Skill Development & Entrepreneurship
39,Female,Karnataka,208800.0,Artisan,SC,No,No,No,Women & Child Development
60,Female,Kerala,231700.0,Student,General,Yes,Yes,No,Education & Scholarships
32,Female,Kerala,72600.0,Self-Employed,SC,No,No,No,Women & Child Development
39,Female,Kerala,356500.0,Unemployed,General,No,No,No,Rural & Urban Livelihood Support
54,Female,Uttar Pradesh,91600.0,Daily Wage Worker,ST,No,No,No,Women & Child Development
69,Male,Rajasthan,67200.0,Farmer,EWS,Yes,No,Yes,Senior Citizen Pension & Healthcare
59,Male,Uttar Pradesh,123900.0,Unemployed,SC,No,No,No,Rural & Urban Livelihood Support
29,Female,Maharashtra,266100.0,Farmer,ST,No,No,No,Agriculture & Farmer Welfare
64,Female,Uttar Pradesh,635800.0,Salaried,General,No,No,Yes,Senior Citizen Pension & Healthcare
66,Female,Uttar Pradesh,328300.0,Student,ST,Yes,Yes,No,Education & Scholarships
59,Male,Gujarat,537500.0,Artisan,SC,Yes,No,No,Skill Development & Entrepreneurship
55,Male,Karnataka,57300.0,Self-Employed,EWS,Yes,No,No,Skill Development & Entrepreneurship
35,Male,Uttar Pradesh,43300.0,Farmer,General,Yes,No,No,Agriculture & Farmer Welfare
62,Male,West Bengal,176800.0,Daily Wage Worker,SC,No,No,No,Senior Citizen Pension & Healthcare
52,Female,Kerala,91700.0,Self-Employed,General,No,No,No,Women & Child Development
47,Female,Karnataka,346900.0,Student,OBC,Yes,Yes,No,Education & Scholarships
41,Male,Madhya Pradesh,230600.0,Self-Employed,OBC,No,No,No,Skill Development & Entrepreneurship
59,Male,Gujarat,665600.0,Artisan,ST,Yes,No,No,Skill Development & Entrepreneurship
47,Female,Rajasthan,82900.0,Farmer,OBC,Yes,No,No,Agriculture & Farmer Welfare
31,Female,Gujarat,149700.0,Salaried,General,Yes,No,No,Women & Child Development
23,Male,Kerala,155200.0,Salaried,OBC,No,No,No,Rural & Urban Livelihood Support
20,Female,Karnataka,79200.0,Farmer,General,No,No,No,Agriculture & Farmer Welfare
33,Female,Rajasthan,190500.0,Self-Employed,ST,Yes,No,No,Women & Child Development
24,Male,Tamil Nadu,135400.0,Farmer,ST,No,No,No,Agriculture & Farmer Welfare
69,Female,Bihar,136500.0,Daily Wage Worker,General,Yes,No,No,Senior Citizen Pension & Healthcare
31,Female,Gujarat,111100.0,Salaried,OBC,Yes,No,No,Women & Child Development
26,Male,Rajasthan,33100.0,Farmer,General,Yes,No,No,Agriculture & Farmer Welfare
32,Male,Maharashtra,162900.0,Unemployed,General,Yes,No,No,Rural & Urban Livelihood Support
38,Transgender,Rajasthan,103500.0,Artisan,OBC,No,No,No,Skill Development & Entrepreneurship
52,Female,Bihar,30200.0,Farmer,OBC,No,No,No,Agriculture & Farmer Welfare
19,Female,Kerala,96300.0,Salaried,General,Yes,No,No,Women & Child Development
44,Male,Karnataka,88800.0,Self-Employed,OBC,Yes,No,No,Skill Development & Entrepreneurship
19,Male,Tamil Nadu,120000.0,Artisan,SC,Yes,Yes,No,Education & Scholarships
52,Female,Maharashtra,55500.0,Daily Wage Worker,OBC,Yes,No,Yes,Social Welfare & Disability Support
35,Male,Rajasthan,157600.0,Farmer,General,Yes,No,No,Agriculture & Farmer Welfare
31,Female,West Bengal,242200.0,Farmer,OBC,Yes,No,No,Agriculture & Farmer Welfare
37,Female,Uttar Pradesh,209100.0,Salaried,EWS,No,No,No,Women & Child Development
35,Female,Kerala,323100.0,Daily Wage Worker,General,Yes,No,No,Women & Child Development
27,Female,Gujarat,138300.0,Unemployed,OBC,Yes,No,No,Women & Child Development
42,Female,Gujarat,161800.0,Farmer,General,No,No,No,Agriculture & Farmer Welfare
19,Male,Bihar,329300.0,Self-Employed,ST,Yes,No,No,Skill Development & Entrepreneurship
42,Male,Kerala,130500.0,Salaried,SC,Yes,No,No,Rural & Urban Livelihood Support
71,Male,Maharashtra,247700.0,Farmer,SC,Yes,No,Yes,Social Welfare & Disability Support
50,Female,Madhya Pradesh,132600.0,Student,OBC,Yes,Yes,No,Education & Scholarships
53,Female,Tamil Nadu,127300.0,Self-Employed,General,Yes,No,Yes,Social Welfare & Disability Support
48,Female,Maharashtra,287000.0,Farmer,SC,Yes,No,No,Agriculture & Farmer Welfare
31,Female,Tamil Nadu,64600.0,Student,General,No,Yes,No,Education & Scholarships
18,Male,Karnataka,104400.0,Salaried,ST,No,No,No,Rural & Urban Livelihood Support
63,Male,Karnataka,75700.0,Salaried,OBC,No,No,No,Senior Citizen Pension & Healthcare
33,Male,Kerala,110100.0,Self-Employed,OBC,Yes,No,No,Skill Development & Entrepreneurship
71,Female,Kerala,77100.0,Daily Wage Worker,ST,Yes,No,No,Senior Citizen Pension & Healthcare
63,Female,Gujarat,185900.0,Unemployed,General,Yes,No,No,Senior Citizen Pension & Healthcare
69,Female,Uttar Pradesh,318100.0,Daily Wage Worker,OBC,Yes,No,No,Senior Citizen Pension & Healthcare
20,Female,Bihar,308000.0,Student,OBC,Yes,Yes,No,Education & Scholarships
52,Male,Uttar Pradesh,111600.0,Student,ST,Yes,Yes,No,Education & Scholarships
58,Transgender,Maharashtra,837900.0,Student,OBC,Yes,Yes,No,Education & Scholarships
23,Female,Gujarat,192200.0,Student,OBC,Yes,Yes,No,Education & Scholarships
42,Male,Tamil Nadu,121800.0,Farmer,OBC,Yes,No,No,Agriculture & Farmer Welfare
30,Male,Madhya Pradesh,354900.0,Farmer,ST,Yes,No,No,Agriculture & Farmer Welfare
70,Female,Rajasthan,265600.0,Farmer,ST,Yes,No,No,Senior Citizen Pension & Healthcare
51,Male,West Bengal,279000.0,Student,General,Yes,Yes,No,Education & Scholarships
25,Female,Karnataka,69300.0,Self-Employed,General,Yes,No,No,Women & Child Development
38,Female,Uttar Pradesh,143700.0,Farmer,OBC,Yes,No,No,Agriculture & Farmer Welfare
51,Male,Bihar,386300.0,Unemployed,OBC,Yes,No,No,Rural & Urban Livelihood Support
21,Male,Madhya Pradesh,156200.0,Student,SC,Yes,Yes,No,Education & Scholarships
42,Female,Madhya Pradesh,237100.0,Unemployed,OBC,Yes,No,Yes,Social Welfare & Disability Support
32,Female,Karnataka,189600.0,Salaried,General,No,No,No,Women & Child Development
21,Male,West Bengal,362500.0,Daily Wage Worker,General,Yes,No,No,Rural & Urban Livelihood Support
62,Male,Kerala,90300.0,Daily Wage Worker,OBC,Yes,No,No,Senior Citizen Pension & Healthcare
29,Male,Madhya Pradesh,184200.0,Salaried,General,Yes,No,No,Rural & Urban Livelihood Support
49,Female,Maharashtra,53700.0,Farmer,General,Yes,No,No,Agriculture & Farmer Welfare
49,Male,Maharashtra,240900.0,Salaried,SC,Yes,No,Yes,Social Welfare & Disability Support
45,Female,Kerala,267000.0,Daily Wage Worker,OBC,No,No,Yes,Social Welfare & Disability Support
30,Male,Tamil Nadu,37900.0,Daily Wage Worker,OBC,No,No,Yes,Social Welfare & Disability Support
48,Female,Gujarat,232700.0,Farmer,General,Yes,No,No,Agriculture & Farmer Welfare
31,Male,Kerala,126400.0,Self-Employed,EWS,Yes,No,No,Skill Development & Entrepreneurship
37,Female,West Bengal,53800.0,Self-Employed,OBC,Yes,No,No,Women & Child Development
35,Female,Maharashtra,128000.0,Self-Employed,EWS,Yes,No,No,Women & Child Development
46,Female,Madhya Pradesh,68900.0,Daily Wage Worker,SC,No,No,No,Women & Child Development
23,Female,Maharashtra,126700.0,Student,SC,Yes,Yes,Yes,Social Welfare & Disability Support
49,Male,Rajasthan,117300.0,Farmer,OBC,Yes,No,No,Agriculture & Farmer Welfare
46,Male,Gujarat,271400.0,Artisan,OBC,No,No,No,Skill Development & Entrepreneurship
60,Male,Bihar,297900.0,Farmer,OBC,Yes,No,No,Senior Citizen Pension & Healthcare
19,Female,Rajasthan,198100.0,Student,OBC,No,Yes,No,Education & Scholarships
40,Male,Tamil Nadu,34100.0,Student,EWS,No,Yes,No,Education & Scholarships
36,Male,Karnataka,511300.0,Farmer,OBC,No,No,No,Agriculture & Farmer Welfare
48,Female,Rajasthan,238600.0,Artisan,General,Yes,No,No,Women & Child Development
68,Female,Tamil Nadu,36300.0,Student,OBC,Yes,Yes,No,Education & Scholarships
22,Male,Tamil Nadu,337500.0,Salaried,SC,No,No,No,Rural & Urban Livelihood Support
36,Male,Bihar,70200.0,Daily Wage Worker,OBC,No,No,No,Rural & Urban Livelihood Support
51,Male,Karnataka,185800.0,Daily Wage Worker,OBC,Yes,No,No,Rural & Urban Livelihood Support
27,Female,Uttar Pradesh,143100.0,Student,OBC,No,Yes,No,Education & Scholarships
42,Male,Kerala,128000.0,Self-Employed,SC,Yes,No,No,Skill Development & Entrepreneurship
19,Female,Madhya Pradesh,426800.0,Self-Employed,OBC,Yes,No,No,Women & Child Development
28,Male,West Bengal,133500.0,Salaried,OBC,Yes,No,Yes,Agriculture & Farmer Welfare
67,Male,West Bengal,44100.0,Daily Wage Worker,OBC,Yes,No,No,Senior Citizen Pension & Healthcare
48,Female,West Bengal,557500.0,Self-Employed,EWS,No,No,Yes,Social Welfare & Disability Support
73,Male,Uttar Pradesh,485800.0,Unemployed,General,Yes,No,Yes,Social Welfare & Disability Support
32,Female,Kerala,237600.0,Student,SC,No,Yes,No,Education & Scholarships
26,Transgender,West Bengal,143600.0,Student,General,Yes,Yes,No,Education & Scholarships
40,Female,Kerala,47500.0,Daily Wage Worker,OBC,Yes,No,No,Women & Child Development
36,Female,Madhya Pradesh,311600.0,Student,General,No,Yes,No,Education & Scholarships
26,Female,West Bengal,44100.0,Student,OBC,Yes,Yes,Yes,Social Welfare & Disability Support
52,Female,Karnataka,42800.0,Daily Wage Worker,General,No,No,No,Women & Child Development
38,Female,Tamil Nadu,168800.0,Farmer,General,Yes,No,No,Agriculture & Farmer Welfare
26,Male,West Bengal,61400.0,Self-Employed,General,Yes,No,No,Skill Development & Entrepreneurship
45,Male,Kerala,31400.0,Salaried,OBC,Yes,No,No,Rural & Urban Livelihood Support
63,Male,Tamil Nadu,129000.0,Farmer,OBC,No,No,No,Senior Citizen Pension & Healthcare
68,Female,Bihar,56600.0,Farmer,SC,Yes,No,No,Senior Citizen Pension & Healthcare
24,Male,West Bengal,61500.0,Student,SC,No,Yes,No,Education & Scholarships
33,Female,West Bengal,44400.0,Student,OBC,No,Yes,No,Education & Scholarships
33,Male,Rajasthan,71300.0,Student,OBC,Yes,Yes,No,Education & Scholarships
50,Female,Tamil Nadu,256300.0,Student,ST,No,Yes,No,Education & Scholarships
21,Male,West Bengal,327900.0,Artisan,SC,Yes,No,No,Skill Development & Entrepreneurship
21,Male,Karnataka,138400.0,Farmer,EWS,Yes,No,No,Agriculture & Farmer Welfare
56,Male,Madhya Pradesh,157100.0,Daily Wage Worker,OBC,Yes,No,No,Rural & Urban Livelihood Support
57,Female,Tamil Nadu,36000.0,Unemployed,General,Yes,No,No,Women & Child Development
34,Female,Madhya Pradesh,42900.0,Unemployed,OBC,Yes,No,No,Women & Child Development
54,Female,Gujarat,83600.0,Self-Employed,General,Yes,No,No,Women & Child Development
56,Male,Kerala,171300.0,Student,OBC,Yes,Yes,No,Education & Scholarships
69,Male,Bihar,272200.0,Daily Wage Worker,OBC,No,No,No,Senior Citizen Pension & Healthcare
46,Female,Rajasthan,197200.0,Farmer,OBC,Yes,No,Yes,Social Welfare & Disability Support
69,Male,Karnataka,119600.0,Student,SC,No,Yes,No,Education & Scholarships
53,Male,Bihar,52700.0,Unemployed,General,Yes,No,No,Rural & Urban Livelihood Support
55,Male,Rajasthan,303200.0,Farmer,General,No,No,No,Agriculture & Farmer Welfare
56,Female,Bihar,111400.0,Farmer,ST,Yes,No,No,Agriculture & Farmer Welfare
67,Female,Bihar,269800.0,Unemployed,SC,Yes,No,No,Senior Citizen Pension & Healthcare
54,Female,Maharashtra,159500.0,Salaried,General,Yes,No,No,Women & Child Development
69,Male,Kerala,271500.0,Farmer,EWS,Yes,No,No,Senior Citizen Pension & Healthcare
52,Female,Uttar Pradesh,458100.0,Farmer,General,Yes,No,No,Agriculture & Farmer Welfare
24,Female,Rajasthan,487000.0,Self-Employed,OBC,No,No,No,Women & Child Development
44,Male,Karnataka,167900.0,Daily Wage Worker,EWS,No,No,No,Rural & Urban Livelihood Support
45,Male,Tamil Nadu,159000.0,Student,OBC,No,Yes,No,Education & Scholarships
39,Male,Bihar,85600.0,Self-Employed,General,Yes,No,No,Skill Development & Entrepreneurship
31,Female,Bihar,524200.0,Salaried,OBC,Yes,No,No,Women & Child Development
24,Female,Rajasthan,140200.0,Farmer,General,No,No,No,Agriculture & Farmer Welfare
54,Male,Gujarat,54600.0,Salaried,General,Yes,No,No,Rural & Urban Livelihood Support
39,Female,Uttar Pradesh,132000.0,Salaried,OBC,No,No,No,Women & Child Development
22,Female,Bihar,54500.0,Farmer,General,Yes,No,No,Agriculture & Farmer Welfare
72,Female,West Bengal,155700.0,Daily Wage Worker,SC,No,No,No,Senior Citizen Pension & Healthcare
19,Female,Maharashtra,178300.0,Farmer,OBC,No,No,Yes,Social Welfare & Disability Support
44,Female,Madhya Pradesh,104200.0,Daily Wage Worker,General,No,No,No,Women & Child Development
38,Male,Maharashtra,43400.0,Unemployed,OBC,Yes,No,No,Rural & Urban Livelihood Support
71,Male,Uttar Pradesh,547200.0,Farmer,SC,Yes,No,No,Senior Citizen Pension & Healthcare
55,Male,West Bengal,297200.0,Daily Wage Worker,SC,No,No,No,Rural & Urban Livelihood Support
32,Female,Maharashtra,358600.0,Unemployed,ST,No,No,No,Women & Child Development
38,Female,Madhya Pradesh,112300.0,Farmer,OBC,Yes,No,No,Agriculture & Farmer Welfare
27,Female,Tamil Nadu,287500.0,Student,OBC,Yes,Yes,Yes,Social Welfare & Disability Support
40,Male,Kerala,149600.0,Student,OBC,No,Yes,No,Education & Scholarships
75,Female,Tamil Nadu,70400.0,Self-Employed,OBC,Yes,No,No,Senior Citizen Pension & Healthcare
73,Male,Kerala,53900.0,Salaried,General,No,No,No,Senior Citizen Pension & Healthcare
56,Male,Gujarat,106200.0,Unemployed,EWS,No,No,No,Rural & Urban Livelihood Support
22,Female,Gujarat,56600.0,Artisan,OBC,No,No,No,Women & Child Development
18,Female,Gujarat,1174600.0,Self-Employed,EWS,Yes,No,No,Women & Child Development
30,Male,Maharashtra,39100.0,Farmer,OBC,Yes,No,Yes,Social Welfare & Disability Support
38,Male,Gujarat,134700.0,Student,ST,Yes,Yes,No,Education & Scholarships
43,Female,Kerala,138300.0,Artisan,OBC,No,No,No,Women & Child Development
67,Female,Tamil Nadu,94400.0,Artisan,ST,Yes,No,No,Senior Citizen Pension & Healthcare
62,Male,Rajasthan,182500.0,Self-Employed,OBC,Yes,No,No,Senior Citizen Pension & Healthcare
38,Female,Bihar,59200.0,Salaried,EWS,Yes,No,No,Women & Child Development
70,Female,Kerala,305800.0,Self-Employed,OBC,Yes,No,No,Senior Citizen Pension & Healthcare
35,Female,Tamil Nadu,102700.0,Self-Employed,OBC,No,No,No,Women & Child Development
54,Male,Tamil Nadu,191100.0,Student,General,No,Yes,No,Education & Scholarships
62,Female,Bihar,256400.0,Salaried,General,No,No,No,Senior Citizen Pension & Healthcare
49,Female,West Bengal,425700.0,Daily Wage Worker,SC,Yes,No,No,Women & Child Development
53,Female,Rajasthan,355200.0,Unemployed,EWS,No,No,No,Rural & Urban Livelihood Support
34,Male,West Bengal,198700.0,Artisan,General,Yes,No,No,Skill Development & Entrepreneurship
52,Transgender,West Bengal,118500.0,Self-Employed,SC,No,No,No,Skill Development & Entrepreneurship
66,Male,Tamil Nadu,155900.0,Self-Employed,OBC,Yes,No,No,Senior Citizen Pension & Healthcare
28,Male,Madhya Pradesh,293600.0,Farmer,General,Yes,No,No,Agriculture & Farmer Welfare
38,Male,Karnataka,408000.0,Daily Wage Worker,General,Yes,No,No,Rural & Urban Livelihood Support
69,Female,Kerala,49700.0,Salaried,ST,Yes,No,No,Senior Citizen Pension & Healthcare
72,Female,Maharashtra,117500.0,Student,General,No,Yes,No,Education & Scholarships
70,Male,West Bengal,299400.0,Student,SC,Yes,Yes,No,Education & Scholarships
43,Female,Gujarat,131700.0,Daily Wage Worker,OBC,Yes,No,No,Women & Child Development
21,Female,Maharashtra,102700.0,Farmer,OBC,No,No,No,Agriculture & Farmer Welfare
51,Male,Uttar Pradesh,125400.0,Self-Employed,OBC,Yes,No,No,Skill Development & Entrepreneurship
69,Female,Madhya Pradesh,196200.0,Daily Wage Worker,OBC,Yes,No,No,Senior Citizen Pension & Healthcare
65,Female,Maharashtra,1567800.0,Farmer,OBC,Yes,No,No,Senior Citizen Pension & Healthcare
35,Transgender,Bihar,152300.0,Unemployed,OBC,No,No,No,Rural & Urban Livelihood Support
57,Male,Karnataka,72100.0,Self-Employed,SC,Yes,No,No,Skill Development & Entrepreneurship
52,Female,Rajasthan,62000.0,Unemployed,OBC,No,No,No,Women & Child Development
58,Transgender,Bihar,37800.0,Daily Wage Worker,ST,Yes,No,No,Rural & Urban Livelihood Support
46,Male,West Bengal,177300.0,Unemployed,OBC,Yes,No,No,Rural & Urban Livelihood Support
69,Male,Madhya Pradesh,171600.0,Student,OBC,Yes,Yes,No,Education & Scholarships
46,Female,Madhya Pradesh,71300.0,Farmer,General,No,No,No,Agriculture & Farmer Welfare
55,Female,West Bengal,243900.0,Student,General,Yes,Yes,No,Education & Scholarships
59,Male,Karnataka,273200.0,Artisan,General,No,No,No,Skill Development & Entrepreneurship
38,Male,Tamil Nadu,84000.0,Salaried,General,Yes,No,No,Rural & Urban Livelihood Support
59,Male,Maharashtra,105900.0,Artisan,OBC,Yes,No,No,Skill Development & Entrepreneurship
30,Female,Gujarat,867600.0,Unemployed,SC,No,No,No,Women & Child Development
66,Female,West Bengal,114400.0,Farmer,General,No,No,No,Senior Citizen Pension & Healthcare
58,Male,Gujarat,287500.0,Farmer,OBC,Yes,No,No,Agriculture & Farmer Welfare
34,Female,Maharashtra,138500.0,Salaried,SC,Yes,No,No,Women & Child Development
73,Male,Karnataka,313800.0,Artisan,SC,No,No,No,Senior Citizen Pension & Healthcare
26,Female,Tamil Nadu,293800.0,Unemployed,General,Yes,No,No,Women & Child Development
58,Female,Rajasthan,228300.0,Farmer,ST,Yes,No,No,Agriculture & Farmer Welfare
18,Male,Karnataka,377300.0,Salaried,ST,Yes,No,No,Rural & Urban Livelihood Support
19,Male,Gujarat,534100.0,Self-Employed,General,Yes,No,No,Skill Development & Entrepreneurship
65,Female,Madhya Pradesh,186100.0,Daily Wage Worker,OBC,No,No,No,Senior Citizen Pension & Healthcare
46,Female,Madhya Pradesh,78800.0,Student,ST,Yes,Yes,No,Education & Scholarships
50,Male,Uttar Pradesh,121500.0,Artisan,OBC,Yes,No,No,Skill Development & Entrepreneurship
27,Female,Kerala,285600.0,Salaried,OBC,Yes,No,No,Women & Child Development
67,Male,Bihar,219400.0,Unemployed,OBC,No,No,No,Senior Citizen Pension & Healthcare
75,Male,Bihar,65200.0,Student,SC,No,Yes,No,Education & Scholarships
57,Female,West Bengal,39500.0,Farmer,ST,Yes,No,No,Agriculture & Farmer Welfare
38,Male,Gujarat,236800.0,Artisan,General,Yes,No,No,Women & Child Development
45,Female,Bihar,82000.0,Student,EWS,Yes,Yes,No,Education & Scholarships
28,Male,Bihar,154600.0,Daily Wage Worker,OBC,No,No,No,Rural & Urban Livelihood Support
72,Female,Karnataka,277200.0,Farmer,OBC,Yes,No,No,Senior Citizen Pension & Healthcare
51,Male,Rajasthan,178900.0,Farmer,General,No,No,No,Agriculture & Farmer Welfare
25,Female,Gujarat,45700.0,Daily Wage Worker,EWS,Yes,No,No,Women & Child Development
39,Female,Uttar Pradesh,67000.0,Artisan,General,Yes,No,No,Women & Child Development
25,Transgender,Rajasthan,74600.0,Daily Wage Worker,OBC,No,No,No,Rural & Urban Livelihood Support
66,Male,Uttar Pradesh,83700.0,Salaried,OBC,No,No,No,Senior Citizen Pension & Healthcare
32,Male,Gujarat,180000.0,Student,OBC,Yes,Yes,No,Education & Scholarships
34,Female,Tamil Nadu,156200.0,Daily Wage Worker,OBC,No,No,No,Women & Child Development
40,Male,Tamil Nadu,70900.0,Farmer,OBC,Yes,No,No,Agriculture & Farmer Welfare
41,Female,Bihar,42600.0,Artisan,ST,Yes,No,No,Women & Child Development
62,Female,West Bengal,63900.0,Student,General,No,Yes,No,Education & Scholarships
36,Male,Madhya Pradesh,778700.0,Student,SC,No,Yes,No,Education & Scholarships
22,Female,Karnataka,143800.0,Farmer,OBC,No,No,No,Agriculture & Farmer Welfare
49,Male,Bihar,393600.0,Farmer,OBC,Yes,No,No,Agriculture & Farmer Welfare
61,Male,Kerala,370000.0,Salaried,General,No,No,No,Senior Citizen Pension & Healthcare
18,Male,Tamil Nadu,159000.0,Daily Wage Worker,ST,Yes,No,No,Rural & Urban Livelihood Support
40,Male,Bihar,250800.0,Salaried,General,Yes,No,No,Rural & Urban Livelihood Support
54,Male,Madhya Pradesh,68500.0,Self-Employed,ST,No,No,No,Skill Development & Entrepreneurship
25,Female,Uttar Pradesh,239900.0,Farmer,SC,Yes,No,No,Agriculture & Farmer Welfare
30,Male,Uttar Pradesh,87200.0,Farmer,OBC,No,No,No,Agriculture & Farmer Welfare
25,Female,Maharashtra,351100.0,Farmer,OBC,Yes,No,No,Agriculture & Farmer Welfare
74,Female,Karnataka,45700.0,Farmer,General,Yes,No,No,Senior Citizen Pension & Healthcare
40,Male,West Bengal,297000.0,Daily Wage Worker,General,No,No,No,Rural & Urban Livelihood Support
60,Male,Uttar Pradesh,49000.0,Self-Employed,OBC,No,No,No,Senior Citizen Pension & Healthcare
18,Male,Maharashtra,413400.0,Farmer,General,Yes,Yes,No,Education & Scholarships
62,Female,Tamil Nadu,95300.0,Student,General,Yes,Yes,No,Education & Scholarships
68,Male,Uttar Pradesh,221200.0,Student,ST,No,Yes,No,Education & Scholarships
41,Female,West Bengal,150300.0,Farmer,OBC,Yes,No,No,Agriculture & Farmer Welfare
52,Male,Bihar,112100.0,Student,OBC,Yes,Yes,No,Education & Scholarships
41,Male,Madhya Pradesh,216600.0,Unemployed,General,No,No,No,Rural & Urban Livelihood Support
34,Male,Kerala,560500.0,Student,SC,Yes,Yes,No,Education & Scholarships
22,Female,Uttar Pradesh,37600.0,Daily Wage Worker,General,No,No,No,Women & Child Development
37,Female,Kerala,482100.0,Farmer,EWS,No,No,No,Agriculture & Farmer Welfare
38,Female,Kerala,199100.0,Student,SC,No,Yes,No,Education & Scholarships
57,Male,Kerala,326400.0,Unemployed,General,Yes,No,No,Rural & Urban Livelihood Support
75,Male,Rajasthan,117200.0,Self-Employed,OBC,No,No,No,Senior Citizen Pension & Healthcare
48,Female,Kerala,144900.0,Farmer,General,Yes,No,No,Agriculture & Farmer Welfare
63,Male,Rajasthan,395700.0,Salaried,SC,Yes,No,No,Senior Citizen Pension & Healthcare
53,Male,Madhya Pradesh,126500.0,Student,SC,Yes,Yes,No,Education & Scholarships
28,Male,Kerala,167700.0,Farmer,EWS,Yes,No,No,Agriculture & Farmer Welfare
69,Male,Maharashtra,33700.0,Daily Wage Worker,General,Yes,No,No,Senior Citizen Pension & Healthcare
32,Male,Kerala,61100.0,Daily Wage Worker,General,Yes,No,No,Rural & Urban Livelihood Support
36,Female,Gujarat,214700.0,Farmer,OBC,Yes,No,No,Agriculture & Farmer Welfare
24,Female,Karnataka,257200.0,Student,OBC,Yes,Yes,No,Education & Scholarships
68,Female,Maharashtra,187300.0,Unemployed,OBC,No,No,No,Senior Citizen Pension & Healthcare
45,Male,West Bengal,57800.0,Farmer,OBC,Yes,No,No,Agriculture & Farmer Welfare
68,Male,Uttar Pradesh,136100.0,Farmer,General,No,No,No,Senior Citizen Pension & Healthcare
60,Male,Madhya Pradesh,109000.0,Self-Employed,OBC,Yes,No,No,Senior Citizen Pension & Healthcare
75,Female,Madhya Pradesh,153200.0,Salaried,General,No,No,No,Senior Citizen Pension & Healthcare
22,Female,Gujarat,397700.0,Student,General,Yes,Yes,No,Education & Scholarships
22,Female,Gujarat,299200.0,Daily Wage Worker,General,No,No,No,Women & Child Development
47,Female,Gujarat,45800.0,Self-Employed,General,Yes,No,No,Women & Child Development
71,Male,Gujarat,427800.0,Artisan,OBC,No,No,No,Senior Citizen Pension & Healthcare
49,Male,Gujarat,144900.0,Daily Wage Worker,EWS,Yes,No,No,Rural & Urban Livelihood Support
25,Male,Tamil Nadu,275200.0,Salaried,OBC,No,No,No,Rural & Urban Livelihood Support
27,Male,Bihar,57200.0,Farmer,ST,No,No,Yes,Social Welfare & Disability Support
55,Female,Madhya Pradesh,230000.0,Student,OBC,Yes,Yes,No,Education & Scholarships
64,Female,Gujarat,78500.0,Salaried,General,Yes,No,No,Senior Citizen Pension & Healthcare
49,Female,Uttar Pradesh,133800.0,Daily Wage Worker,OBC,No,No,No,Women & Child Development
65,Male,Tamil Nadu,33100.0,Artisan,OBC,Yes,No,No,Senior Citizen Pension & Healthcare
45,Male,Maharashtra,59600.0,Self-Employed,General,Yes,No,No,Skill Development & Entrepreneurship
34,Female,Maharashtra,47400.0,Daily Wage Worker,SC,No,No,No,Women & Child Development
48,Female,Rajasthan,79300.0,Daily Wage Worker,OBC,Yes,No,No,Women & Child Development
25,Female,Bihar,49000.0,Salaried,General,No,No,No,Women & Child Development
57,Female,Maharashtra,241900.0,Artisan,OBC,Yes,No,No,Women & Child Development
42,Female,Gujarat,35300.0,Farmer,General,Yes,No,No,Agriculture & Farmer Welfare
26,Female,Madhya Pradesh,203100.0,Self-Employed,ST,Yes,No,No,Women & Child Development
19,Female,Rajasthan,57300.0,Artisan,ST,No,No,No,Women & Child Development
32,Male,Karnataka,552600.0,Self-Employed,General,No,No,No,Skill Development & Entrepreneurship
67,Male,Tamil Nadu,516800.0,Artisan,OBC,Yes,No,No,Senior Citizen Pension & Healthcare
20,Female,Karnataka,76000.0,Student,OBC,Yes,Yes,No,Education & Scholarships
66,Female,Karnataka,201500.0,Artisan,EWS,Yes,No,No,Senior Citizen Pension & Healthcare
53,Female,Gujarat,35100.0,Daily Wage Worker,OBC,No,No,No,Women & Child Development
21,Female,Karnataka,513300.0,Unemployed,SC,Yes,No,No,Women & Child Development
31,Female,Karnataka,163200.0,Artisan,OBC,Yes,No,No,Women & Child Development
58,Male,Maharashtra,38000.0,Student,EWS,Yes,Yes,No,Education & Scholarships
58,Male,West Bengal,105500.0,Artisan,OBC,Yes,No,No,Skill Development & Entrepreneurship
42,Male,Rajasthan,44400.0,Unemployed,OBC,Yes,No,No,Rural & Urban Livelihood Support
75,Female,Karnataka,119800.0,Artisan,General,Yes,No,Yes,Social Welfare & Disability Support
72,Male,Bihar,229500.0,Daily Wage Worker,EWS,No,No,No,Senior Citizen Pension & Healthcare
67,Female,Uttar Pradesh,144200.0,Self-Employed,EWS,No,No,No,Senior Citizen Pension & Healthcare
27,Female,Rajasthan,117100.0,Farmer,SC,No,No,No,Agriculture & Farmer Welfare
38,Male,Bihar,52800.0,Unemployed,SC,Yes,No,No,Rural & Urban Livelihood Support
53,Male,Uttar Pradesh,80600.0,Student,General,Yes,Yes,Yes,Social Welfare & Disability Support
29,Male,Karnataka,49000.0,Self-Employed,SC,Yes,No,No,Skill Development & Entrepreneurship
44,Male,West Bengal,326600.0,Farmer,ST,No,No,No,Agriculture & Farmer Welfare
57,Male,Kerala,56200.0,Student,General,Yes,Yes,No,Education & Scholarships
19,Male,Madhya Pradesh,192900.0,Self-Employed,General,No,No,No,Skill Development & Entrepreneurship
71,Male,Bihar,105500.0,Artisan,General,Yes,No,No,Senior Citizen Pension & Healthcare
30,Male,Karnataka,76100.0,Daily Wage Worker,General,No,No,No,Rural & Urban Livelihood Support
70,Male,Rajasthan,213600.0,Daily Wage Worker,ST,No,No,No,Senior Citizen Pension & Healthcare
49,Male,Maharashtra,139900.0,Daily Wage Worker,OBC,Yes,No,No,Rural & Urban Livelihood Support
48,Male,Karnataka,122000.0,Artisan,OBC,No,No,No,Skill Development & Entrepreneurship
33,Female,Kerala,191700.0,Self-Employed,General,No,No,No,Women & Child Development
49,Male,Karnataka,151600.0,Self-Employed,OBC,No,No,No,Skill Development & Entrepreneurship
49,Female,Karnataka,95100.0,Artisan,General,No,No,No,Women & Child Development
51,Female,Madhya Pradesh,177400.0,Self-Employed,ST,Yes,No,No,Women & Child Development
28,Female,Maharashtra,229300.0,Salaried,General,No,No,No,Women & Child Development
27,Male,Bihar,34900.0,Farmer,ST,No,No,No,Agriculture & Farmer Welfare
32,Male,Gujarat,142900.0,Salaried,OBC,Yes,No,No,Rural & Urban Livelihood Support
34,Female,Gujarat,40700.0,Student,ST,Yes,Yes,No,Education & Scholarships
57,Female,Rajasthan,67100.0,Farmer,General,Yes,No,No,Agriculture & Farmer Welfare
35,Female,West Bengal,178000.0,Farmer,OBC,Yes,No,Yes,Social Welfare & Disability Support
72,Male,Karnataka,392000.0,Self-Employed,General,No,No,No,Senior Citizen Pension & Healthcare
26,Female,Rajasthan,415900.0,Student,EWS,Yes,Yes,No,Education & Scholarships
42,Female,West Bengal,43100.0,Salaried,OBC,Yes,No,No,Women & Child Development
57,Female,Bihar,127800.0,Unemployed,General,Yes,No,Yes,Social Welfare & Disability Support
31,Male,Bihar,187400.0,Self-Employed,ST,Yes,No,No,Skill Development & Entrepreneurship
75,Female,Maharashtra,58600.0,Artisan,OBC,Yes,No,No,Senior Citizen Pension & Healthcare
42,Male,Gujarat,291000.0,Salaried,General,Yes,No,No,Rural & Urban Livelihood Support
67,Female,Gujarat,275400.0,Unemployed,General,Yes,No,No,Senior Citizen Pension & Healthcare
39,Male,Rajasthan,450600.0,Artisan,OBC,No,No,No,Skill Development & Entrepreneurship
69,Female,Madhya Pradesh,31500.0,Daily Wage Worker,General,Yes,No,No,Senior Citizen Pension & Healthcare
47,Female,Gujarat,74000.0,Self-Employed,OBC,Yes,No,No,Women & Child Development
37,Female,Madhya Pradesh,346000.0,Self-Employed,SC,Yes,No,No,Women & Child Development
38,Male,Madhya Pradesh,229900.0,Farmer,OBC,Yes,No,No,Agriculture & Farmer Welfare
61,Male,Bihar,434600.0,Artisan,OBC,Yes,No,Yes,Social Welfare & Disability Support
49,Male,Maharashtra,40600.0,Student,General,Yes,Yes,No,Education & Scholarships
68,Male,Rajasthan,193600.0,Farmer,OBC,Yes,No,No,Senior Citizen Pension & Healthcare
63,Female,Uttar Pradesh,181500.0,Daily Wage Worker,OBC,Yes,No,No,Senior Citizen Pension & Healthcare
66,Male,Rajasthan,36500.0,Salaried,SC,Yes,No,No,Senior Citizen Pension & Healthcare
73,Male,Madhya Pradesh,159700.0,Salaried,ST,No,No,No,Senior Citizen Pension & Healthcare
38,Female,West Bengal,199300.0,Self-Employed,ST,Yes,No,No,Women & Child Development
52,Male,West Bengal,68200.0,Self-Employed,General,No,No,No,Skill Development & Entrepreneurship
75,Female,Maharashtra,87500.0,Farmer,ST,No,No,No,Senior Citizen Pension & Healthcare
49,Female,Bihar,214100.0,Daily Wage Worker,ST,No,No,No,Women & Child Development
47,Female,Bihar,143700.0,Student,General,Yes,Yes,No,Education & Scholarships
72,Female,Madhya Pradesh,381400.0,Farmer,OBC,No,No,No,Senior Citizen Pension & Healthcare
56,Male,Madhya Pradesh,105400.0,Daily Wage Worker,OBC,Yes,No,No,Rural & Urban Livelihood Support
66,Female,Kerala,85800.0,Farmer,General,Yes,No,No,Senior Citizen Pension & Healthcare
29,Female,Kerala,784300.0,Student,EWS,Yes,Yes,No,Education & Scholarships
58,Female,Madhya Pradesh,465700.0,Unemployed,General,No,No,No,Rural & Urban Livelihood Support
64,Male,Gujarat,35300.0,Farmer,SC,Yes,No,No,Senior Citizen Pension & Healthcare
35,Male,Rajasthan,295100.0,Student,OBC,No,Yes,No,Education & Scholarships
38,Female,Gujarat,51000.0,Student,OBC,Yes,Yes,No,Education & Scholarships
30,Female,Bihar,35000.0,Farmer,General,No,No,No,Agriculture & Farmer Welfare
38,Female,Uttar Pradesh,87600.0,Student,EWS,No,Yes,No,Education & Scholarships
25,Male,Rajasthan,86500.0,Daily Wage Worker,OBC,No,No,No,Rural & Urban Livelihood Support
63,Male,Gujarat,338000.0,Farmer,ST,Yes,No,No,Senior Citizen Pension & Healthcare
57,Female,Gujarat,253200.0,Unemployed,OBC,No,No,No,Women & Child Development
63,Female,Tamil Nadu,749300.0,Student,General,No,Yes,No,Education & Scholarships
24,Male,Rajasthan,253800.0,Artisan,General,Yes,Yes,No,Education & Scholarships
40,Male,Uttar Pradesh,127500.0,Daily Wage Worker,ST,Yes,No,No,Rural & Urban Livelihood Support
61,Female,Maharashtra,246100.0,Self-Employed,OBC,No,No,No,Senior Citizen Pension & Healthcare
49,Female,Maharashtra,1384000.0,Self-Employed,OBC,Yes,No,No,Women & Child Development
28,Female,Gujarat,252900.0,Salaried,OBC,No,No,No,Women & Child Development
39,Male,Madhya Pradesh,288100.0,Farmer,EWS,Yes,No,No,Agriculture & Farmer Welfare
39,Male,Uttar Pradesh,531600.0,Artisan,OBC,Yes,No,No,Skill Development & Entrepreneurship
60,Male,Uttar Pradesh,51700.0,Salaried,OBC,Yes,No,No,Senior Citizen Pension & Healthcare
42,Male,Bihar,249600.0,Student,General,Yes,Yes,No,Education & Scholarships
39,Female,West Bengal,372500.0,Student,General,Yes,Yes,No,Education & Scholarships
45,Male,Tamil Nadu,585700.0,Farmer,ST,No,No,No,Agriculture & Farmer Welfare
46,Male,Bihar,72700.0,Self-Employed,EWS,Yes,No,No,Skill Development & Entrepreneurship
30,Female,Uttar Pradesh,156200.0,Farmer,General,No,No,No,Agriculture & Farmer Welfare
35,Male,Karnataka,235400.0,Farmer,ST,No,No,No,Agriculture & Farmer Welfare
19,Female,Madhya Pradesh,81200.0,Artisan,SC,Yes,Yes,No,Education & Scholarships
46,Female,Uttar Pradesh,195100.0,Self-Employed,OBC,Yes,No,No,Women & Child Development
38,Male,Tamil Nadu,83600.0,Farmer,ST,Yes,No,No,Agriculture & Farmer Welfare
32,Male,Uttar Pradesh,103000.0,Farmer,SC,Yes,No,No,Agriculture & Farmer Welfare
69,Male,Rajasthan,134900.0,Self-Employed,General,Yes,No,No,Senior Citizen Pension & Healthcare
44,Female,Rajasthan,165600.0,Salaried,SC,Yes,No,No,Women & Child Development
67,Male,Kerala,137400.0,Daily Wage Worker,General,No,No,No,Senior Citizen Pension & Healthcare
48,Male,Tamil Nadu,152300.0,Unemployed,OBC,Yes,No,No,Rural & Urban Livelihood Support
32,Female,Gujarat,93800.0,Farmer,SC,Yes,No,No,Agriculture & Farmer Welfare
68,Transgender,West Bengal,61200.0,Farmer,SC,No,No,Yes,Social Welfare & Disability Support
40,Male,Gujarat,38700.0,Artisan,SC,No,No,No,Skill Development & Entrepreneurship
41,Female,West Bengal,69300.0,Unemployed,OBC,No,No,No,Women & Child Development
61,Male,West Bengal,187000.0,Artisan,EWS,No,No,No,Senior Citizen Pension & Healthcare
30,Female,West Bengal,307600.0,Unemployed,OBC,Yes,No,Yes,Social Welfare & Disability Support
39,Female,Maharashtra,63400.0,Salaried,OBC,No,No,No,Women & Child Development
60,Female,West Bengal,50700.0,Student,OBC,No,Yes,No,Education & Scholarships
54,Transgender,Uttar Pradesh,279000.0,Student,OBC,Yes,Yes,Yes,Social Welfare & Disability Support
50,Female,Karnataka,95500.0,Student,General,Yes,Yes,No,Education & Scholarships
73,Male,Tamil Nadu,574700.0,Farmer,General,Yes,No,No,Senior Citizen Pension & Healthcare
20,Female,Karnataka,255500.0,Student,ST,Yes,Yes,No,Education & Scholarships
71,Male,Kerala,101200.0,Unemployed,EWS,Yes,No,No,Senior Citizen Pension & Healthcare
36,Male,Uttar Pradesh,91500.0,Student,SC,Yes,Yes,No,Education & Scholarships
40,Male,West Bengal,163500.0,Farmer,General,Yes,No,No,Agriculture & Farmer Welfare
46,Female,Maharashtra,44800.0,Farmer,SC,Yes,No,No,Agriculture & Farmer Welfare
47,Male,Bihar,52500.0,Salaried,ST,Yes,No,No,Rural & Urban Livelihood Support
56,Transgender,Gujarat,64800.0,Daily Wage Worker,General,No,No,No,Rural & Urban Livelihood Support
61,Male,Rajasthan,298300.0,Salaried,SC,Yes,No,No,Senior Citizen Pension & Healthcare
64,Male,Tamil Nadu,159800.0,Salaried,General,Yes,No,Yes,Social Welfare & Disability Support
42,Male,Karnataka,31900.0,Artisan,General,No,No,No,Skill Development & Entrepreneurship
54,Female,Uttar Pradesh,231500.0,Farmer,General,Yes,No,No,Agriculture & Farmer Welfare
64,Male,Bihar,129200.0,Farmer,SC,Yes,No,No,Senior Citizen Pension & Healthcare
25,Male,Madhya Pradesh,158700.0,Farmer,SC,Yes,No,No,Agriculture & Farmer Welfare
59,Female,Madhya Pradesh,73400.0,Daily Wage Worker,OBC,No,No,No,Women & Child Development
75,Female,Rajasthan,174400.0,Student,General,Yes,Yes,No,Education & Scholarships
33,Female,Madhya Pradesh,726700.0,Student,ST,Yes,Yes,No,Education & Scholarships
25,Male,Gujarat,43700.0,Self-Employed,EWS,Yes,No,No,Skill Development & Entrepreneurship
18,Male,Kerala,90100.0,Self-Employed,OBC,No,Yes,No,Education & Scholarships
61,Female,Madhya Pradesh,80100.0,Daily Wage Worker,OBC,No,No,No,Senior Citizen Pension & Healthcare
22,Female,Rajasthan,81400.0,Farmer,SC,No,No,No,Agriculture & Farmer Welfare
20,Female,Kerala,115700.0,Unemployed,General,No,No,No,Women & Child Development
18,Female,Gujarat,336800.0,Self-Employed,OBC,Yes,No,No,Women & Child Development
21,Female,Rajasthan,469200.0,Student,OBC,No,Yes,No,Education & Scholarships
57,Male,Madhya Pradesh,70700.0,Unemployed,SC,No,No,No,Rural & Urban Livelihood Support
52,Female,West Bengal,170900.0,Salaried,SC,No,No,No,Women & Child Development
49,Male,Tamil Nadu,212400.0,Student,General,No,Yes,No,Education & Scholarships
59,Male,Madhya Pradesh,162800.0,Farmer,General,Yes,No,No,Agriculture & Farmer Welfare
51,Female,Rajasthan,132500.0,Artisan,General,No,No,No,Women & Child Development
60,Male,Tamil Nadu,68400.0,Student,OBC,No,Yes,No,Education & Scholarships
42,Male,Tamil Nadu,150600.0,Unemployed,General,No,No,Yes,Social Welfare & Disability Support
27,Male,Kerala,122300.0,Farmer,OBC,Yes,No,No,Agriculture & Farmer Welfare
38,Female,Gujarat,315700.0,Unemployed,General,No,No,No,Women & Child Development
63,Female,Madhya Pradesh,289600.0,Daily Wage Worker,OBC,No,No,No,Senior Citizen Pension & Healthcare
56,Female,Bihar,55900.0,Self-Employed,SC,Yes,No,No,Women & Child Development
44,Female,West Bengal,46700.0,Farmer,General,No,No,No,Agriculture & Farmer Welfare
44,Female,Gujarat,459800.0,Farmer,General,No,No,No,Agriculture & Farmer Welfare
19,Female,Bihar,168000.0,Student,OBC,Yes,Yes,No,Education & Scholarships
58,Female,Bihar,381100.0,Farmer,OBC,Yes,No,No,Social Welfare & Disability Support
65,Female,Karnataka,40800.0,Farmer,General,Yes,No,No,Senior Citizen Pension & Healthcare
30,Female,Kerala,164600.0,Unemployed,OBC,Yes,No,No,Women & Child Development
26,Female,Maharashtra,169600.0,Farmer,OBC,Yes,No,No,Agriculture & Farmer Welfare
69,Transgender,Uttar Pradesh,384800.0,Daily Wage Worker,General,Yes,No,No,Senior Citizen Pension & Healthcare
53,Female,Uttar Pradesh,48500.0,Artisan,SC,Yes,No,No,Women & Child Development
39,Male,Kerala,79500.0,Unemployed,OBC,Yes,No,No,Rural & Urban Livelihood Support
59,Female,Kerala,123900.0,Salaried,General,Yes,No,No,Women & Child Development
43,Male,Bihar,391600.0,Farmer,EWS,No,No,No,Agriculture & Farmer Welfare
75,Female,Kerala,533100.0,Unemployed,EWS,Yes,No,No,Senior Citizen Pension & Healthcare
71,Male,Bihar,916200.0,Self-Employed,OBC,No,No,No,Senior Citizen Pension & Healthcare
29,Male,Gujarat,605800.0,Unemployed,SC,Yes,No,No,Rural & Urban Livelihood Support
34,Female,Maharashtra,31100.0,Self-Employed,General,Yes,No,Yes,Social Welfare & Disability Support
31,Male,Karnataka,38800.0,Artisan,EWS,Yes,No,No,Skill Development & Entrepreneurship
31,Male,Bihar,58700.0,Farmer,General,No,No,No,Agriculture & Farmer Welfare
74,Female,Kerala,107200.0,Student,SC,No,Yes,No,Education & Scholarships
51,Male,Tamil Nadu,348900.0,Self-Employed,SC,No,No,No,Skill Development & Entrepreneurship
70,Male,Madhya Pradesh,431700.0,Salaried,General,Yes,No,No,Senior Citizen Pension & Healthcare
74,Female,Uttar Pradesh,67200.0,Daily Wage Worker,SC,No,No,No,Senior Citizen Pension & Healthcare
37,Female,Maharashtra,204000.0,Farmer,OBC,Yes,No,No,Agriculture & Farmer Welfare
28,Male,Madhya Pradesh,478800.0,Unemployed,OBC,No,No,No,Rural & Urban Livelihood Support
33,Male,Rajasthan,142200.0,Daily Wage Worker,General,Yes,No,No,Rural & Urban Livelihood Support
68,Male,Kerala,49700.0,Farmer,EWS,Yes,No,No,Senior Citizen Pension & Healthcare
48,Male,Bihar,140200.0,Student,General,Yes,Yes,No,Education & Scholarships
72,Female,Karnataka,114800.0,Student,General,No,Yes,No,Education & Scholarships
23,Male,Tamil Nadu,185100.0,Unemployed,General,Yes,No,No,Rural & Urban Livelihood Support
73,Female,Karnataka,133900.0,Unemployed,OBC,Yes,No,No,Senior Citizen Pension & Healthcare
36,Female,Madhya Pradesh,33100.0,Farmer,General,Yes,No,No,Agriculture & Farmer Welfare
54,Male,Tamil Nadu,950800.0,Farmer,SC,No,No,No,Agriculture & Farmer Welfare
75,Male,West Bengal,171200.0,Unemployed,EWS,Yes,No,Yes,Social Welfare & Disability Support
21,Female,Uttar Pradesh,145500.0,Salaried,OBC,No,Yes,No,Education & Scholarships
64,Male,Kerala,586700.0,Daily Wage Worker,General,No,No,No,Senior Citizen Pension & Healthcare
21,Female,Rajasthan,60500.0,Self-Employed,OBC,No,No,No,Women & Child Development
37,Female,Madhya Pradesh,67800.0,Farmer,OBC,No,No,No,Agriculture & Farmer Welfare
27,Male,Bihar,327100.0,Self-Employed,OBC,No,No,No,Skill Development & Entrepreneurship
41,Female,Uttar Pradesh,84400.0,Farmer,General,Yes,No,No,Agriculture & Farmer Welfare
71,Female,Rajasthan,319000.0,Unemployed,OBC,Yes,No,No,Senior Citizen Pension & Healthcare
52,Female,Karnataka,87000.0,Farmer,OBC,No,No,No,Agriculture & Farmer Welfare
43,Male,Uttar Pradesh,36100.0,Unemployed,SC,Yes,No,Yes,Social Welfare & Disability Support
54,Female,Rajasthan,161000.0,Farmer,EWS,Yes,No,No,Agriculture & Farmer Welfare
55,Female,Rajasthan,69400.0,Unemployed,OBC,No,No,No,Women & Child Development
38,Male,Karnataka,285300.0,Farmer,SC,Yes,No,No,Agriculture & Farmer Welfare
71,Male,Rajasthan,214500.0,Artisan,OBC,No,No,No,Senior Citizen Pension & Healthcare
57,Female,Maharashtra,492900.0,Self-Employed,ST,Yes,No,No,Women & Child Development
56,Male,Tamil Nadu,305000.0,Student,SC,Yes,Yes,No,Education & Scholarships
38,Female,Maharashtra,65900.0,Salaried,SC,Yes,No,No,Women & Child Development
27,Male,Karnataka,319800.0,Self-Employed,OBC,Yes,No,No,Skill Development & Entrepreneurship
55,Female,Gujarat,214800.0,Self-Employed,General,No,No,No,Women & Child Development
63,Female,Uttar Pradesh,229000.0,Unemployed,General,Yes,No,No,Senior Citizen Pension & Healthcare
21,Female,West Bengal,351400.0,Unemployed,OBC,Yes,No,No,Women & Child Development
74,Female,Bihar,183500.0,Self-Employed,OBC,No,No,No,Senior Citizen Pension & Healthcare
62,Male,Bihar,142900.0,Salaried,General,Yes,No,No,Senior Citizen Pension & Healthcare
37,Female,Madhya Pradesh,212200.0,Student,SC,Yes,Yes,No,Education & Scholarships
34,Female,Madhya Pradesh,93700.0,Student,OBC,Yes,Yes,No,Education & Scholarships
72,Male,Karnataka,66300.0,Self-Employed,General,Yes,No,No,Senior Citizen Pension & Healthcare
24,Male,Madhya Pradesh,202600.0,Farmer,OBC,Yes,No,No,Agriculture & Farmer Welfare
21,Female,Bihar,77900.0,Artisan,OBC,No,No,No,Women & Child Development
46,Female,Maharashtra,45000.0,Farmer,General,Yes,No,No,Agriculture & Farmer Welfare
31,Female,West Bengal,30100.0,Artisan,OBC,Yes,No,No,Women & Child Development
20,Female,Bihar,198700.0,Unemployed,General,Yes,No,No,Women & Child Development
41,Female,Maharashtra,110900.0,Self-Employed,OBC,Yes,No,No,Women & Child Development
54,Male,Gujarat,281200.0,Salaried,General,No,No,No,Rural & Urban Livelihood Support
33,Male,Karnataka,114700.0,Unemployed,General,Yes,No,Yes,Social Welfare & Disability Support
75,Female,Kerala,149800.0,Farmer,EWS,No,No,No,Senior Citizen Pension & Healthcare
72,Female,Gujarat,124100.0,Farmer,OBC,Yes,No,No,Senior Citizen Pension & Healthcare
69,Female,Gujarat,219300.0,Farmer,SC,No,No,No,Senior Citizen Pension & Healthcare
21,Female,Bihar,109200.0,Unemployed,OBC,Yes,No,No,Women & Child Development
73,Female,Karnataka,627200.0,Student,General,Yes,Yes,No,Education & Scholarships
41,Male,Tamil Nadu,525200.0,Farmer,General,Yes,No,No,Agriculture & Farmer Welfare
51,Male,Rajasthan,369100.0,Salaried,OBC,Yes,No,No,Rural & Urban Livelihood Support
47,Transgender,Gujarat,485300.0,Self-Employed,General,Yes,No,No,Skill Development & Entrepreneurship
35,Male,Madhya Pradesh,137300.0,Farmer,OBC,Yes,No,No,Agriculture & Farmer Welfare
36,Female,Maharashtra,168400.0,Farmer,OBC,No,No,No,Agriculture & Farmer Welfare
48,Male,Tamil Nadu,273900.0,Unemployed,OBC,Yes,No,No,Rural & Urban Livelihood Support
36,Female,Karnataka,244400.0,Salaried,SC,Yes,No,No,Women & Child Development
66,Female,Kerala,428400.0,Farmer,SC,No,No,No,Senior Citizen Pension & Healthcare
63,Male,West Bengal,256800.0,Artisan,OBC,Yes,No,No,Senior Citizen Pension & Healthcare
36,Female,Tamil Nadu,1138500.0,Unemployed,General,No,No,No,Rural & Urban Livelihood Support
39,Male,Kerala,107100.0,Daily Wage Worker,OBC,Yes,No,Yes,Social Welfare & Disability Support
41,Female,Bihar,352200.0,Unemployed,OBC,Yes,No,No,Women & Child Development
62,Male,Uttar Pradesh,245300.0,Self-Employed,SC,Yes,No,No,Senior Citizen Pension & Healthcare
29,Male,Rajasthan,241600.0,Salaried,General,No,No,No,Rural & Urban Livelihood Support
47,Male,Bihar,101000.0,Farmer,OBC,No,No,No,Agriculture & Farmer Welfare
75,Male,Karnataka,307200.0,Student,OBC,No,Yes,No,Education & Scholarships
55,Female,Uttar Pradesh,445100.0,Daily Wage Worker,SC,Yes,No,No,Women & Child Development
70,Male,Kerala,74400.0,Self-Employed,OBC,No,No,No,Senior Citizen Pension & Healthcare
48,Male,Uttar Pradesh,206800.0,Unemployed,OBC,Yes,No,No,Rural & Urban Livelihood Support
53,Male,West Bengal,119600.0,Student,SC,Yes,Yes,No,Education & Scholarships
36,Male,Madhya Pradesh,851000.0,Unemployed,General,No,No,No,Rural & Urban Livelihood Support
65,Male,Madhya Pradesh,147300.0,Farmer,General,Yes,No,No,Senior Citizen Pension & Healthcare
62,Male,Bihar,76700.0,Self-Employed,ST,Yes,No,No,Senior Citizen Pension & Healthcare
53,Male,Bihar,116600.0,Student,OBC,Yes,Yes,No,Education & Scholarships
47,Male,Karnataka,221000.0,Self-Employed,SC,No,No,No,Skill Development & Entrepreneurship
72,Male,Karnataka,44200.0,Daily Wage Worker,OBC,Yes,No,No,Senior Citizen Pension & Healthcare
66,Female,Maharashtra,196600.0,Farmer,General,Yes,No,No,Senior Citizen Pension & Healthcare
72,Female,West Bengal,511800.0,Farmer,ST,No,No,No,Senior Citizen Pension & Healthcare
50,Female,Karnataka,371900.0,Self-Employed,General,Yes,No,No,Women & Child Development
35,Female,Gujarat,42600.0,Unemployed,SC,Yes,No,No,Women & Child Development
69,Female,West Bengal,933400.0,Farmer,SC,No,No,No,Senior Citizen Pension & Healthcare
66,Male,Maharashtra,246000.0,Farmer,OBC,No,No,No,Senior Citizen Pension & Healthcare
45,Female,Madhya Pradesh,61900.0,Farmer,SC,Yes,No,No,Agriculture & Farmer Welfare
64,Female,Tamil Nadu,32200.0,Salaried,ST,Yes,No,No,Senior Citizen Pension & Healthcare
28,Male,Maharashtra,63800.0,Farmer,General,Yes,No,Yes,Social Welfare & Disability Support
74,Male,Maharashtra,357800.0,Student,OBC,Yes,Yes,No,Education & Scholarships
71,Male,Bihar,33900.0,Unemployed,OBC,Yes,No,No,Senior Citizen Pension & Healthcare
62,Transgender,Rajasthan,77800.0,Daily Wage Worker,OBC,Yes,No,No,Senior Citizen Pension & Healthcare
50,Male,Uttar Pradesh,284900.0,Student,OBC,Yes,Yes,No,Education & Scholarships
34,Female,Madhya Pradesh,188800.0,Salaried,General,No,No,No,Women & Child Development
23,Male,Kerala,304800.0,Self-Employed,OBC,No,No,No,Skill Development & Entrepreneurship
21,Male,Kerala,276800.0,Self-Employed,OBC,No,No,No,Skill Development & Entrepreneurship
37,Female,Karnataka,39300.0,Farmer,General,No,No,No,Agriculture & Farmer Welfare
65,Female,Madhya Pradesh,431500.0,Salaried,General,Yes,No,No,Senior Citizen Pension & Healthcare
64,Male,Gujarat,76400.0,Farmer,General,Yes,No,No,Senior Citizen Pension & Healthcare
44,Female,Karnataka,175100.0,Farmer,SC,No,No,No,Agriculture & Farmer Welfare
32,Male,Karnataka,216100.0,Student,OBC,No,Yes,No,Education & Scholarships
23,Female,Maharashtra,63200.0,Daily Wage Worker,OBC,No,No,No,Women & Child Development
64,Male,Madhya Pradesh,703100.0,Self-Employed,OBC,Yes,No,No,Senior Citizen Pension & Healthcare
31,Male,Uttar Pradesh,150600.0,Self-Employed,General,Yes,No,Yes,Social Welfare & Disability Support
28,Female,Karnataka,40700.0,Farmer,OBC,Yes,No,No,Agriculture & Farmer Welfare
56,Female,Rajasthan,528400.0,Self-Employed,SC,Yes,No,No,Women & Child Development
26,Male,West Bengal,188900.0,Daily Wage Worker,OBC,Yes,No,No,Rural & Urban Livelihood Support
43,Male,Gujarat,246200.0,Farmer,ST,Yes,No,No,Agriculture & Farmer Welfare
33,Male,Gujarat,164100.0,Unemployed,General,No,No,No,Rural & Urban Livelihood Support
22,Female,Karnataka,354000.0,Farmer,General,Yes,No,No,Agriculture & Farmer Welfare
74,Male,Rajasthan,36100.0,Daily Wage Worker,SC,Yes,No,No,Senior Citizen Pension & Healthcare
69,Female,West Bengal,86200.0,Student,SC,No,Yes,No,Skill Development & Entrepreneurship
27,Female,Tamil Nadu,144200.0,Self-Employed,General,Yes,No,No,Women & Child Development
67,Female,Bihar,44300.0,Salaried,ST,Yes,No,No,Senior Citizen Pension & Healthcare
20,Male,Bihar,250300.0,Salaried,General,Yes,Yes,No,Skill Development & Entrepreneurship
30,Female,Bihar,120100.0,Farmer,SC,No,No,No,Agriculture & Farmer Welfare
60,Female,Maharashtra,87300.0,Artisan,General,Yes,No,No,Senior Citizen Pension & Healthcare
66,Male,Gujarat,30600.0,Student,SC,No,Yes,No,Education & Scholarships
47,Male,Kerala,259000.0,Unemployed,OBC,Yes,No,No,Rural & Urban Livelihood Support
71,Female,Kerala,353000.0,Self-Employed,OBC,Yes,No,No,Senior Citizen Pension & Healthcare
62,Female,Maharashtra,120500.0,Farmer,SC,Yes,No,No,Senior Citizen Pension & Healthcare
23,Female,Karnataka,179500.0,Student,OBC,Yes,Yes,No,Education & Scholarships
34,Female,Madhya Pradesh,76500.0,Salaried,OBC,Yes,No,No,Women & Child Development
62,Male,Madhya Pradesh,205200.0,Self-Employed,OBC,No,No,No,Senior Citizen Pension & Healthcare
68,Female,Bihar,32200.0,Farmer,SC,Yes,No,No,Senior Citizen Pension & Healthcare
70,Male,Madhya Pradesh,150700.0,Farmer,ST,No,No,No,Senior Citizen Pension & Healthcare
36,Male,Karnataka,216000.0,Farmer,SC,No,No,No,Agriculture & Farmer Welfare
59,Female,Tamil Nadu,480600.0,Self-Employed,SC,No,No,No,Women & Child Development
52,Male,Maharashtra,116400.0,Salaried,General,Yes,No,No,Rural & Urban Livelihood Support
63,Female,Tamil Nadu,290800.0,Unemployed,OBC,No,No,No,Senior Citizen Pension & Healthcare
43,Female,Gujarat,193900.0,Artisan,OBC,Yes,No,No,Women & Child Development
68,Female,Madhya Pradesh,501100.0,Unemployed,General,Yes,No,No,Senior Citizen Pension & Healthcare
22,Female,West Bengal,121500.0,Artisan,OBC,No,No,No,Women & Child Development
46,Female,Bihar,99200.0,Farmer,OBC,Yes,No,No,Agriculture & Farmer Welfare
54,Female,Maharashtra,422700.0,Salaried,General,No,No,No,Rural & Urban Livelihood Support
37,Male,Bihar,39100.0,Farmer,SC,Yes,No,No,Agriculture & Farmer Welfare
66,Male,Madhya Pradesh,56400.0,Farmer,General,Yes,No,No,Senior Citizen Pension & Healthcare
38,Male,Uttar Pradesh,45500.0,Salaried,SC,Yes,No,No,Rural & Urban Livelihood Support
27,Female,Madhya Pradesh,363400.0,Student,SC,Yes,Yes,No,Education & Scholarships
22,Male,Maharashtra,31900.0,Daily Wage Worker,SC,Yes,No,No,Rural & Urban Livelihood Support
53,Male,Kerala,386000.0,Salaried,EWS,Yes,No,No,Rural & Urban Livelihood Support
23,Male,Maharashtra,138000.0,Self-Employed,OBC,No,No,No,Skill Development & Entrepreneurship
43,Male,Rajasthan,30700.0,Student,General,No,Yes,No,Education & Scholarships
21,Male,West Bengal,122400.0,Farmer,ST,No,No,No,Agriculture & Farmer Welfare
56,Female,Madhya Pradesh,67200.0,Student,General,No,Yes,No,Education & Scholarships
56,Male,Rajasthan,206300.0,Artisan,SC,Yes,No,No,Skill Development & Entrepreneurship
67,Female,Kerala,234700.0,Unemployed,General,No,No,No,Senior Citizen Pension & Healthcare
52,Transgender,Karnataka,150300.0,Artisan,General,Yes,No,No,Skill Development & Entrepreneurship
18,Female,Karnataka,37400.0,Artisan,OBC,Yes,No,No,Women & Child Development
41,Female,West Bengal,222100.0,Self-Employed,EWS,No,No,Yes,Social Welfare & Disability Support
74,Female,Gujarat,362200.0,Self-Employed,SC,Yes,No,No,Skill Development & Entrepreneurship
53,Male,West Bengal,259300.0,Unemployed,ST,No,No,No,Rural & Urban Livelihood Support
23,Female,West Bengal,348900.0,Farmer,SC,Yes,Yes,No,Education & Scholarships
58,Female,West Bengal,70300.0,Unemployed,OBC,Yes,No,Yes,Social Welfare & Disability Support
71,Male,West Bengal,425500.0,Self-Employed,OBC,Yes,No,No,Senior Citizen Pension & Healthcare
63,Male,West Bengal,100000.0,Farmer,ST,Yes,No,No,Senior Citizen Pension & Healthcare
61,Female,Tamil Nadu,32400.0,Farmer,General,No,No,No,Senior Citizen Pension & Healthcare
74,Female,Kerala,363700.0,Farmer,OBC,No,No,No,Senior Citizen Pension & Healthcare
48,Male,Maharashtra,542000.0,Self-Employed,General,Yes,No,No,Skill Development & Entrepreneurship
37,Male,Madhya Pradesh,221800.0,Farmer,General,Yes,No,No,Agriculture & Farmer Welfare
41,Male,Rajasthan,77400.0,Salaried,General,Yes,No,No,Rural & Urban Livelihood Support
42,Male,West Bengal,82200.0,Self-Employed,General,No,No,No,Skill Development & Entrepreneurship
53,Female,Gujarat,143100.0,Salaried,SC,Yes,No,No,Women & Child Development
38,Male,Bihar,440600.0,Student,ST,No,Yes,Yes,Social Welfare & Disability Support
47,Male,Madhya Pradesh,59200.0,Farmer,OBC,No,No,No,Agriculture & Farmer Welfare
41,Male,Bihar,344700.0,Student,OBC,No,Yes,No,Education & Scholarships
61,Female,Rajasthan,92000.0,Farmer,General,Yes,No,No,Senior Citizen Pension & Healthcare
59,Male,Rajasthan,327600.0,Unemployed,EWS,No,No,No,Rural & Urban Livelihood Support
47,Male,Madhya Pradesh,485200.0,Student,OBC,Yes,Yes,No,Education & Scholarships
39,Female,Gujarat,130400.0,Artisan,General,No,No,No,Women & Child Development
45,Male,Tamil Nadu,111800.0,Student,General,No,Yes,No,Education & Scholarships
24,Male,Karnataka,321700.0,Artisan,General,Yes,No,No,Skill Development & Entrepreneurship
52,Male,Rajasthan,165700.0,Unemployed,EWS,No,No,No,Rural & Urban Livelihood Support
72,Male,Gujarat,237600.0,Self-Employed,ST,No,No,No,Senior Citizen Pension & Healthcare
45,Male,Rajasthan,205500.0,Daily Wage Worker,General,No,No,No,Rural & Urban Livelihood Support
31,Male,Uttar Pradesh,59900.0,Farmer,General,No,No,No,Agriculture & Farmer Welfare
73,Female,Karnataka,365300.0,Salaried,OBC,Yes,No,No,Senior Citizen Pension & Healthcare
27,Female,Rajasthan,69200.0,Daily Wage Worker,SC,Yes,No,No,Women & Child Development
33,Female,Gujarat,514600.0,Artisan,SC,No,No,No,Women & Child Development
33,Male,Rajasthan,81900.0,Artisan,OBC,Yes,No,No,Skill Development & Entrepreneurship
71,Male,Bihar,268300.0,Salaried,OBC,Yes,No,No,Senior Citizen Pension & Healthcare
48,Male,Madhya Pradesh,90300.0,Self-Employed,ST,Yes,No,Yes,Social Welfare & Disability Support
59,Male,Madhya Pradesh,98800.0,Daily Wage Worker,General,Yes,No,No,Rural & Urban Livelihood Support
42,Male,Rajasthan,96800.0,Artisan,General,Yes,No,No,Skill Development & Entrepreneurship
30,Transgender,Gujarat,278000.0,Farmer,OBC,Yes,No,No,Agriculture & Farmer Welfare
23,Female,Bihar,176500.0,Daily Wage Worker,General,Yes,No,No,Women & Child Development
61,Male,Tamil Nadu,416100.0,Self-Employed,SC,No,No,No,Senior Citizen Pension & Healthcare
26,Female,Tamil Nadu,96100.0,Self-Employed,General,No,No,No,Women & Child Development
62,Male,Bihar,242000.0,Self-Employed,General,Yes,No,No,Senior Citizen Pension & Healthcare
53,Male,Maharashtra,281700.0,Farmer,OBC,Yes,No,No,Agriculture & Farmer Welfare
73,Male,Gujarat,59600.0,Unemployed,General,No,No,No,Senior Citizen Pension & Healthcare
60,Female,Tamil Nadu,122100.0,Salaried,ST,No,No,No,Senior Citizen Pension & Healthcare
37,Female,Maharashtra,148700.0,Salaried,General,No,No,No,Women & Child Development
35,Male,Gujarat,109100.0,Farmer,ST,No,No,No,Agriculture & Farmer Welfare
75,Male,Bihar,100000.0,Artisan,ST,No,No,No,Senior Citizen Pension & Healthcare
60,Female,West Bengal,238700.0,Unemployed,EWS,Yes,No,No,Senior Citizen Pension & Healthcare
74,Male,Maharashtra,73800.0,Self-Employed,ST,Yes,No,No,Senior Citizen Pension & Healthcare
38,Female,Maharashtra,252400.0,Self-Employed,OBC,Yes,No,No,Women & Child Development
21,Male,Rajasthan,522100.0,Salaried,ST,No,Yes,No,Education & Scholarships
67,Male,Kerala,179900.0,Self-Employed,OBC,Yes,No,No,Senior Citizen Pension & Healthcare
50,Male,Kerala,200200.0,Self-Employed,OBC,No,No,No,Skill Development & Entrepreneurship
44,Male,Gujarat,42900.0,Student,OBC,No,Yes,No,Education & Scholarships
24,Male,Rajasthan,389800.0,Student,OBC,No,Yes,No,Education & Scholarships
23,Male,Madhya Pradesh,90500.0,Student,General,Yes,Yes,No,Education & Scholarships
32,Female,Karnataka,201800.0,Salaried,General,Yes,No,No,Women & Child Development
35,Female,West Bengal,726300.0,Artisan,OBC,No,No,No,Women & Child Development
49,Female,Karnataka,192900.0,Artisan,General,Yes,No,No,Women & Child Development
73,Male,Maharashtra,262200.0,Unemployed,General,Yes,No,No,Senior Citizen Pension & Healthcare
28,Female,Uttar Pradesh,136100.0,Self-Employed,SC,No,No,No,Women & Child Development
37,Female,Tamil Nadu,41200.0,Self-Employed,OBC,No,No,Yes,Social Welfare & Disability Support
41,Female,Tamil Nadu,317600.0,Farmer,OBC,Yes,No,No,Agriculture & Farmer Welfare
32,Female,Rajasthan,36400.0,Unemployed,OBC,No,No,No,Women & Child Development
65,Female,Kerala,247100.0,Student,OBC,Yes,Yes,No,Education & Scholarships
24,Male,Uttar Pradesh,34200.0,Student,General,Yes,Yes,Yes,Social Welfare & Disability Support
38,Male,Rajasthan,386900.0,Farmer,General,No,No,No,Agriculture & Farmer Welfare
59,Male,Maharashtra,60900.0,Farmer,OBC,No,No,No,Agriculture & Farmer Welfare
43,Male,Uttar Pradesh,160000.0,Farmer,OBC,Yes,No,No,Agriculture & Farmer Welfare
61,Female,Tamil Nadu,193700.0,Daily Wage Worker,OBC,Yes,No,No,Senior Citizen Pension & Healthcare
73,Male,Gujarat,140100.0,Farmer,EWS,Yes,No,No,Senior Citizen Pension & Healthcare
31,Female,Maharashtra,105000.0,Daily Wage Worker,OBC,No,No,No,Women & Child Development
74,Female,Rajasthan,143500.0,Student,SC,No,Yes,No,Education & Scholarships
54,Male,Madhya Pradesh,97200.0,Student,SC,Yes,Yes,No,Education & Scholarships
75,Female,Bihar,133800.0,Self-Employed,OBC,Yes,No,No,Senior Citizen Pension & Healthcare
38,Male,Maharashtra,110000.0,Salaried,EWS,Yes,No,Yes,Social Welfare & Disability Support
35,Female,Maharashtra,180300.0,Unemployed,SC,No,No,No,Women & Child Development
22,Male,Madhya Pradesh,78900.0,Salaried,SC,No,No,Yes,Social Welfare & Disability Support
20,Male,West Bengal,836200.0,Self-Employed,General,Yes,No,Yes,Skill Development & Entrepreneurship
40,Female,Gujarat,155100.0,Daily Wage Worker,General,No,No,No,Women & Child Development
43,Male,Madhya Pradesh,68900.0,Self-Employed,OBC,Yes,No,No,Skill Development & Entrepreneurship
54,Female,Karnataka,146700.0,Self-Employed,OBC,Yes,No,No,Women & Child Development
41,Male,Karnataka,392300.0,Student,SC,Yes,Yes,No,Education & Scholarships
66,Female,Maharashtra,34000.0,Self-Employed,ST,Yes,No,No,Senior Citizen Pension & Healthcare
36,Male,West Bengal,234800.0,Farmer,OBC,No,No,No,Agriculture & Farmer Welfare
68,Male,Tamil Nadu,172900.0,Artisan,SC,No,No,No,Senior Citizen Pension & Healthcare
42,Female,West Bengal,63400.0,Self-Employed,SC,Yes,No,No,Women & Child Development
38,Male,Karnataka,336200.0,Student,OBC,Yes,Yes,No,Education & Scholarships
29,Male,West Bengal,112800.0,Farmer,General,Yes,No,No,Agriculture & Farmer Welfare
74,Male,West Bengal,92600.0,Student,General,Yes,Yes,No,Education & Scholarships
58,Male,Gujarat,347000.0,Salaried,SC,No,No,No,Rural & Urban Livelihood Support
50,Female,Maharashtra,213200.0,Student,SC,No,Yes,No,Education & Scholarships
67,Male,Gujarat,441400.0,Farmer,OBC,Yes,No,No,Senior Citizen Pension & Healthcare
70,Female,Tamil Nadu,208900.0,Salaried,General,Yes,No,No,Senior Citizen Pension & Healthcare
21,Female,Tamil Nadu,273000.0,Artisan,SC,Yes,No,No,Women & Child Development
59,Transgender,Karnataka,355900.0,Student,SC,No,Yes,Yes,Social Welfare & Disability Support
74,Male,Rajasthan,40100.0,Farmer,OBC,Yes,No,No,Senior Citizen Pension & Healthcare
24,Female,Madhya Pradesh,299300.0,Student,General,Yes,Yes,No,Education & Scholarships
39,Female,Kerala,201200.0,Farmer,ST,Yes,No,Yes,Social Welfare & Disability Support
72,Male,Maharashtra,43000.0,Student,OBC,Yes,Yes,No,Education & Scholarships
50,Female,Rajasthan,157900.0,Artisan,General,Yes,No,No,Women & Child Development
34,Female,Maharashtra,45500.0,Unemployed,SC,No,No,No,Women & Child Development
41,Female,Madhya Pradesh,269700.0,Self-Employed,OBC,No,No,No,Women & Child Development
51,Male,Madhya Pradesh,172300.0,Self-Employed,ST,Yes,No,Yes,Social Welfare & Disability Support
45,Male,Uttar Pradesh,582600.0,Farmer,OBC,Yes,No,No,Agriculture & Farmer Welfare
75,Female,Gujarat,66400.0,Farmer,OBC,No,No,No,Senior Citizen Pension & Healthcare
60,Male,Karnataka,197700.0,Unemployed,OBC,No,No,No,Senior Citizen Pension & Healthcare
58,Female,Uttar Pradesh,72800.0,Student,OBC,Yes,Yes,No,Education & Scholarships
56,Male,Tamil Nadu,201400.0,Unemployed,OBC,No,No,No,Rural & Urban Livelihood Support
39,Transgender,Kerala,260800.0,Artisan,SC,No,No,No,Skill Development & Entrepreneurship
66,Male,Karnataka,260600.0,Unemployed,OBC,Yes,No,No,Senior Citizen Pension & Healthcare
34,Male,Tamil Nadu,333800.0,Farmer,ST,Yes,No,No,Agriculture & Farmer Welfare
51,Male,West Bengal,375800.0,Farmer,General,No,No,No,Agriculture & Farmer Welfare
23,Female,Gujarat,44500.0,Daily Wage Worker,General,No,No,No,Women & Child Development
63,Male,Gujarat,105700.0,Unemployed,General,Yes,No,No,Senior Citizen Pension & Healthcare
23,Male,Gujarat,239100.0,Farmer,SC,Yes,Yes,No,Education & Scholarships
51,Female,Uttar Pradesh,154300.0,Salaried,General,Yes,No,No,Women & Child Development
18,Female,Bihar,68100.0,Student,OBC,No,Yes,No,Education & Scholarships
27,Male,Rajasthan,174800.0,Student,ST,Yes,Yes,No,Education & Scholarships
38,Male,Madhya Pradesh,124200.0,Self-Employed,General,Yes,No,No,Women & Child Development
22,Female,Kerala,119000.0,Daily Wage Worker,OBC,No,No,No,Women & Child Development
19,Female,Madhya Pradesh,328700.0,Salaried,General,Yes,Yes,No,Education & Scholarships
39,Male,Bihar,124200.0,Artisan,General,No,No,Yes,Social Welfare & Disability Support
65,Male,West Bengal,34800.0,Student,OBC,Yes,Yes,No,Education & Scholarships
74,Male,West Bengal,40800.0,Self-Employed,SC,Yes,No,No,Senior Citizen Pension & Healthcare
19,Male,West Bengal,379100.0,Farmer,SC,Yes,No,No,Agriculture & Farmer Welfare
27,Male,Karnataka,612100.0,Artisan,General,No,No,No,Skill Development & Entrepreneurship
51,Male,Tamil Nadu,239900.0,Artisan,General,No,No,Yes,Social Welfare & Disability Support
33,Male,Tamil Nadu,111600.0,Student,EWS,Yes,Yes,No,Education & Scholarships
65,Male,West Bengal,532300.0,Artisan,OBC,No,No,No,Senior Citizen Pension & Healthcare
68,Male,Kerala,225700.0,Artisan,General,No,No,No,Senior Citizen Pension & Healthcare
56,Female,Uttar Pradesh,364800.0,Daily Wage Worker,OBC,Yes,No,No,Women & Child Development
39,Female,Kerala,291300.0,Self-Employed,SC,Yes,No,No,Women & Child Development
29,Male,Kerala,115800.0,Farmer,OBC,Yes,No,No,Agriculture & Farmer Welfare
41,Female,Tamil Nadu,147300.0,Farmer,OBC,No,No,No,Agriculture & Farmer Welfare
64,Female,Gujarat,67100.0,Farmer,SC,Yes,No,No,Senior Citizen Pension & Healthcare
57,Male,Kerala,92200.0,Student,General,Yes,Yes,No,Education & Scholarships
55,Male,Kerala,301000.0,Self-Employed,OBC,Yes,No,Yes,Social Welfare & Disability Support
27,Female,Madhya Pradesh,433900.0,Salaried,General,Yes,No,No,Women & Child Development
52,Female,Gujarat,262000.0,Self-Employed,SC,Yes,No,No,Women & Child Development
68,Female,Tamil Nadu,142600.0,Self-Employed,OBC,Yes,No,No,Senior Citizen Pension & Healthcare
66,Male,Uttar Pradesh,46300.0,Artisan,OBC,Yes,No,No,Senior Citizen Pension & Healthcare
49,Female,Rajasthan,40600.0,Farmer,EWS,Yes,No,Yes,Social Welfare & Disability Support
24,Female,Tamil Nadu,114400.0,Salaried,General,No,No,No,Women & Child Development
38,Female,Tamil Nadu,142200.0,Salaried,General,Yes,No,No,Women & Child Development
37,Male,Kerala,199100.0,Artisan,SC,Yes,No,No,Skill Development & Entrepreneurship
43,Female,Madhya Pradesh,31200.0,Farmer,General,Yes,No,No,Agriculture & Farmer Welfare
21,Female,Bihar,854000.0,Daily Wage Worker,OBC,Yes,No,No,Women & Child Development
63,Male,West Bengal,111400.0,Student,OBC,No,Yes,Yes,Social Welfare & Disability Support
69,Male,Maharashtra,369200.0,Daily Wage Worker,General,Yes,No,Yes,Social Welfare & Disability Support
39,Male,Madhya Pradesh,167800.0,Unemployed,ST,Yes,No,No,Rural & Urban Livelihood Support
32,Transgender,Bihar,55200.0,Student,OBC,Yes,Yes,No,Education & Scholarships
73,Male,Kerala,317500.0,Salaried,OBC,Yes,No,No,Senior Citizen Pension & Healthcare
57,Female,Kerala,252700.0,Salaried,ST,Yes,No,No,Women & Child Development
38,Male,Uttar Pradesh,164900.0,Salaried,OBC,Yes,No,No,Rural & Urban Livelihood Support
32,Female,Bihar,160100.0,Artisan,General,Yes,No,No,Rural & Urban Livelihood Support
39,Male,Karnataka,46500.0,Farmer,OBC,No,No,No,Agriculture & Farmer Welfare
69,Female,West Bengal,222000.0,Self-Employed,General,Yes,No,No,Senior Citizen Pension & Healthcare
45,Female,Maharashtra,465900.0,Artisan,General,Yes,No,No,Women & Child Development
31,Male,Uttar Pradesh,47600.0,Farmer,OBC,Yes,No,No,Agriculture & Farmer Welfare
44,Female,Madhya Pradesh,85100.0,Artisan,General,No,No,No,Women & Child Development
58,Male,Madhya Pradesh,448700.0,Daily Wage Worker,SC,Yes,No,No,Rural & Urban Livelihood Support
57,Female,Bihar,90200.0,Student,SC,Yes,Yes,No,Education & Scholarships
75,Female,West Bengal,221000.0,Farmer,General,Yes,No,No,Senior Citizen Pension & Healthcare
45,Male,West Bengal,167800.0,Student,General,No,Yes,No,Education & Scholarships
43,Male,Madhya Pradesh,193300.0,Daily Wage Worker,General,Yes,No,No,Rural & Urban Livelihood Support
66,Male,Karnataka,126700.0,Self-Employed,General,No,No,No,Senior Citizen Pension & Healthcare
19,Female,Kerala,94200.0,Student,SC,No,Yes,No,Education & Scholarships
42,Male,West Bengal,39000.0,Salaried,General,No,No,Yes,Social Welfare & Disability Support
73,Male,Bihar,275500.0,Student,General,Yes,Yes,No,Education & Scholarships
20,Male,Madhya Pradesh,276700.0,Self-Employed,OBC,No,No,No,Skill Development & Entrepreneurship
25,Female,Kerala,230000.0,Daily Wage Worker,OBC,Yes,No,No,Women & Child Development
61,Male,Gujarat,215700.0,Unemployed,OBC,Yes,No,No,Senior Citizen Pension & Healthcare
50,Male,Tamil Nadu,80300.0,Student,ST,No,Yes,No,Education & Scholarships
59,Male,Kerala,34100.0,Salaried,SC,Yes,No,Yes,Social Welfare & Disability Support
69,Male,West Bengal,327700.0,Salaried,General,No,No,No,Senior Citizen Pension & Healthcare
52,Male,Tamil Nadu,151600.0,Self-Employed,OBC,Yes,No,No,Skill Development & Entrepreneurship
23,Female,West Bengal,96000.0,Artisan,OBC,No,No,No,Women & Child Development
56,Female,Bihar,49400.0,Student,ST,Yes,Yes,No,Education & Scholarships
69,Male,Rajasthan,41700.0,Self-Employed,ST,No,No,No,Senior Citizen Pension & Healthcare
40,Female,Kerala,107200.0,Artisan,OBC,Yes,No,No,Women & Child Development
42,Female,Tamil Nadu,324000.0,Daily Wage Worker,SC,Yes,No,No,Women & Child Development
67,Female,Bihar,481800.0,Artisan,General,No,No,No,Senior Citizen Pension & Healthcare
60,Female,West Bengal,438700.0,Daily Wage Worker,OBC,No,No,No,Senior Citizen Pension & Healthcare
36,Male,Kerala,484600.0,Student,SC,Yes,Yes,No,Education & Scholarships
22,Male,Bihar,458900.0,Student,General,Yes,Yes,No,Education & Scholarships
68,Male,West Bengal,164800.0,Student,SC,Yes,Yes,No,Education & Scholarships
28,Female,Rajasthan,74600.0,Student,OBC,Yes,Yes,No,Education & Scholarships
73,Male,Rajasthan,317900.0,Self-Employed,OBC,Yes,No,No,Senior Citizen Pension & Healthcare
29,Male,Maharashtra,73300.0,Unemployed,OBC,No,No,No,Rural & Urban Livelihood Support
27,Male,Uttar Pradesh,86000.0,Self-Employed,OBC,Yes,No,No,Skill Development & Entrepreneurship
25,Male,Bihar,77800.0,Self-Employed,General,Yes,No,No,Skill Development & Entrepreneurship
41,Female,Uttar Pradesh,160200.0,Daily Wage Worker,OBC,No,No,No,Women & Child Development
45,Male,Maharashtra,99900.0,Farmer,General,Yes,No,No,Agriculture & Farmer Welfare
58,Male,Karnataka,60100.0,Farmer,OBC,Yes,No,No,Agriculture & Farmer Welfare
53,Male,Kerala,138700.0,Farmer,SC,No,No,No,Agriculture & Farmer Welfare
54,Male,West Bengal,402700.0,Daily Wage Worker,General,No,No,No,Rural & Urban Livelihood Support
38,Female,Madhya Pradesh,182100.0,Student,General,No,Yes,No,Education & Scholarships
25,Male,Uttar Pradesh,409200.0,Student,OBC,No,Yes,No,Education & Scholarships
72,Male,Uttar Pradesh,69200.0,Self-Employed,OBC,Yes,No,No,Senior Citizen Pension & Healthcare
26,Female,Bihar,62900.0,Salaried,OBC,Yes,No,No,Women & Child Development
64,Female,Kerala,184300.0,Self-Employed,OBC,No,No,No,Senior Citizen Pension & Healthcare
32,Female,Bihar,142000.0,Unemployed,OBC,Yes,No,No,Women & Child Development
65,Female,Rajasthan,224300.0,Daily Wage Worker,OBC,Yes,No,No,Senior Citizen Pension & Healthcare
63,Female,Uttar Pradesh,314900.0,Artisan,General,No,No,Yes,Social Welfare & Disability Support
57,Female,Kerala,280500.0,Daily Wage Worker,EWS,No,No,No,Women & Child Development
35,Male,Gujarat,543300.0,Unemployed,OBC,Yes,No,No,Rural & Urban Livelihood Support
59,Female,Karnataka,121400.0,Farmer,SC,No,No,No,Agriculture & Farmer Welfare
37,Female,West Bengal,71600.0,Farmer,OBC,No,No,No,Agriculture & Farmer Welfare
23,Male,Maharashtra,174100.0,Farmer,SC,No,No,No,Agriculture & Farmer Welfare
29,Male,Karnataka,51100.0,Artisan,General,No,No,No,Skill Development & Entrepreneurship
19,Male,Maharashtra,91400.0,Salaried,ST,Yes,No,No,Agriculture & Farmer Welfare
24,Female,Uttar Pradesh,71900.0,Farmer,OBC,No,No,No,Agriculture & Farmer Welfare
33,Male,Karnataka,120900.0,Farmer,OBC,No,No,No,Agriculture & Farmer Welfare
20,Female,Karnataka,51200.0,Unemployed,OBC,No,No,No,Women & Child Development
62,Male,West Bengal,35800.0,Self-Employed,General,No,No,No,Senior Citizen Pension & Healthcare
20,Female,Madhya Pradesh,222500.0,Self-Employed,ST,Yes,Yes,No,Education & Scholarships
44,Male,West Bengal,199600.0,Unemployed,SC,Yes,No,No,Rural & Urban Livelihood Support
67,Female,Bihar,251800.0,Artisan,SC,Yes,No,No,Senior Citizen Pension & Healthcare
60,Male,Madhya Pradesh,224400.0,Daily Wage Worker,General,No,No,Yes,Social Welfare & Disability Support
57,Male,Karnataka,51800.0,Student,ST,No,Yes,No,Education & Scholarships
55,Female,Madhya Pradesh,91900.0,Student,General,Yes,Yes,No,Education & Scholarships
50,Female,Madhya Pradesh,55000.0,Artisan,OBC,Yes,No,No,Women & Child Development
45,Male,Bihar,363200.0,Artisan,SC,No,No,No,Skill Development & Entrepreneurship
18,Male,Kerala,277300.0,Salaried,OBC,Yes,No,No,Rural & Urban Livelihood Support
72,Male,Uttar Pradesh,70500.0,Salaried,OBC,Yes,No,No,Senior Citizen Pension & Healthcare
25,Female,Kerala,105200.0,Unemployed,OBC,Yes,No,No,Women & Child Development
54,Female,Uttar Pradesh,641900.0,Farmer,General,No,No,No,Agriculture & Farmer Welfare
49,Male,Kerala,192300.0,Salaried,General,No,No,No,Rural & Urban Livelihood Support
65,Male,Kerala,320700.0,Daily Wage Worker,OBC,Yes,No,No,Senior Citizen Pension & Healthcare
60,Male,Maharashtra,85300.0,Farmer,SC,Yes,No,No,Senior Citizen Pension & Healthcare
54,Male,Madhya Pradesh,72400.0,Daily Wage Worker,SC,No,No,No,Rural & Urban Livelihood Support
21,Male,Rajasthan,305800.0,Student,ST,No,Yes,No,Education & Scholarships
47,Male,Bihar,238400.0,Student,General,No,Yes,No,Education & Scholarships
23,Female,Kerala,235600.0,Unemployed,SC,Yes,No,No,Women & Child Development
63,Female,Karnataka,174800.0,Self-Employed,SC,Yes,No,No,Senior Citizen Pension & Healthcare
71,Male,Gujarat,179200.0,Farmer,OBC,No,No,No,Senior Citizen Pension & Healthcare
36,Female,Maharashtra,269500.0,Self-Employed,OBC,Yes,No,No,Women & Child Development
49,Female,Gujarat,86600.0,Salaried,General,Yes,No,No,Women & Child Development
26,Female,Tamil Nadu,108300.0,Self-Employed,OBC,No,No,No,Women & Child Development
29,Female,West Bengal,399500.0,Farmer,OBC,No,No,No,Agriculture & Farmer Welfare
28,Male,Tamil Nadu,96500.0,Student,General,No,Yes,No,Education & Scholarships
63,Male,Uttar Pradesh,172300.0,Farmer,OBC,No,No,No,Senior Citizen Pension & Healthcare
72,Female,Kerala,248300.0,Salaried,OBC,Yes,No,No,Senior Citizen Pension & Healthcare
33,Female,Bihar,1739200.0,Artisan,General,Yes,No,No,Women & Child Development
18,Male,Karnataka,132900.0,Artisan,SC,Yes,No,No,Skill Development & Entrepreneurship
62,Female,Rajasthan,130600.0,Artisan,SC,Yes,No,No,Senior Citizen Pension & Healthcare
72,Male,Rajasthan,362800.0,Salaried,General,Yes,No,No,Senior Citizen Pension & Healthcare
70,Male,Maharashtra,324700.0,Self-Employed,General,No,No,No,Senior Citizen Pension & Healthcare
38,Female,Maharashtra,266400.0,Daily Wage Worker,General,Yes,No,No,Women & Child Development
47,Male,Maharashtra,142000.0,Farmer,OBC,Yes,No,No,Agriculture & Farmer Welfare
30,Male,Maharashtra,100500.0,Student,OBC,Yes,Yes,No,Education & Scholarships
51,Female,Madhya Pradesh,198900.0,Salaried,SC,Yes,No,No,Women & Child Development
21,Male,Kerala,406100.0,Salaried,General,Yes,No,No,Rural & Urban Livelihood Support
45,Female,Gujarat,417400.0,Salaried,SC,No,No,No,Women & Child Development
55,Female,Kerala,50700.0,Salaried,SC,Yes,No,No,Women & Child Development
75,Male,Kerala,130700.0,Unemployed,OBC,No,No,Yes,Social Welfare & Disability Support
48,Male,Tamil Nadu,142500.0,Daily Wage Worker,General,No,No,No,Rural & Urban Livelihood Support
72,Male,Bihar,713900.0,Unemployed,General,Yes,No,No,Senior Citizen Pension & Healthcare
44,Female,Karnataka,234000.0,Self-Employed,General,No,No,Yes,Social Welfare & Disability Support
22,Female,Uttar Pradesh,124100.0,Student,General,Yes,Yes,No,Education & Scholarships
42,Male,Bihar,34800.0,Farmer,EWS,No,No,No,Agriculture & Farmer Welfare
20,Female,Maharashtra,180000.0,Salaried,SC,No,No,No,Women & Child Development
50,Male,Gujarat,48200.0,Farmer,ST,Yes,No,No,Agriculture & Farmer Welfare
21,Male,Tamil Nadu,353700.0,Unemployed,OBC,Yes,No,No,Women & Child Development
42,Male,Madhya Pradesh,281400.0,Student,OBC,Yes,Yes,No,Education & Scholarships
37,Male,Gujarat,141100.0,Farmer,OBC,No,No,Yes,Social Welfare & Disability Support
51,Female,Tamil Nadu,130900.0,Farmer,OBC,Yes,No,No,Agriculture & Farmer Welfare
43,Female,West Bengal,439700.0,Student,General,No,Yes,No,Education & Scholarships
22,Female,Madhya Pradesh,91300.0,Student,General,Yes,Yes,No,Education & Scholarships
52,Male,Maharashtra,81500.0,Farmer,General,No,No,No,Agriculture & Farmer Welfare
45,Male,Uttar Pradesh,534000.0,Unemployed,ST,Yes,No,No,Rural & Urban Livelihood Support
46,Male,Maharashtra,328200.0,Student,ST,Yes,Yes,No,Education & Scholarships
26,Male,Gujarat,339300.0,Farmer,OBC,Yes,No,No,Senior Citizen Pension & Healthcare
69,Male,Maharashtra,69100.0,Student,ST,Yes,Yes,No,Education & Scholarships
55,Female,West Bengal,57800.0,Daily Wage Worker,General,Yes,No,No,Women & Child Development
67,Female,Maharashtra,34700.0,Self-Employed,General,Yes,No,No,Senior Citizen Pension & Healthcare
23,Female,Tamil Nadu,78700.0,Self-Employed,SC,Yes,No,No,Women & Child Development
36,Male,Rajasthan,297900.0,Farmer,OBC,Yes,No,No,Agriculture & Farmer Welfare
61,Female,Maharashtra,79400.0,Farmer,ST,Yes,No,No,Senior Citizen Pension & Healthcare
74,Male,West Bengal,265100.0,Daily Wage Worker,SC,Yes,No,No,Senior Citizen Pension & Healthcare
28,Male,Kerala,82200.0,Unemployed,ST,Yes,No,No,Rural & Urban Livelihood Support
19,Male,Kerala,120500.0,Student,EWS,Yes,Yes,No,Education & Scholarships
64,Male,Uttar Pradesh,765100.0,Artisan,General,Yes,No,No,Senior Citizen Pension & Healthcare
61,Female,Uttar Pradesh,80500.0,Farmer,OBC,No,No,No,Senior Citizen Pension & Healthcare
61,Female,Uttar Pradesh,115000.0,Student,OBC,Yes,Yes,No,Education & Scholarships
26,Male,Bihar,94500.0,Daily Wage Worker,OBC,No,No,No,Rural & Urban Livelihood Support
38,Female,Karnataka,50900.0,Self-Employed,OBC,Yes,No,No,Women & Child Development
41,Female,Uttar Pradesh,151200.0,Farmer,SC,No,No,No,Agriculture & Farmer Welfare
51,Male,Maharashtra,115700.0,Farmer,OBC,No,No,No,Agriculture & Farmer Welfare
39,Female,Uttar Pradesh,243700.0,Salaried,EWS,No,No,No,Women & Child Development
20,Male,Karnataka,336300.0,Unemployed,SC,No,No,No,Rural & Urban Livelihood Support
29,Male,Bihar,171400.0,Unemployed,OBC,Yes,No,No,Rural & Urban Livelihood Support
45,Female,Karnataka,35900.0,Artisan,General,Yes,No,No,Women & Child Development
47,Male,Gujarat,203700.0,Self-Employed,General,Yes,No,No,Skill Development & Entrepreneurship
43,Female,Uttar Pradesh,40300.0,Farmer,General,Yes,No,No,Agriculture & Farmer Welfare
65,Male,Uttar Pradesh,202400.0,Student,General,Yes,Yes,No,Education & Scholarships
38,Female,Uttar Pradesh,237900.0,Artisan,OBC,Yes,No,No,Women & Child Development
45,Male,Gujarat,69700.0,Self-Employed,SC,Yes,No,No,Skill Development & Entrepreneurship
73,Female,Karnataka,338000.0,Farmer,General,Yes,No,No,Senior Citizen Pension & Healthcare
43,Female,Tamil Nadu,465600.0,Unemployed,SC,Yes,No,No,Women & Child Development
50,Female,Maharashtra,331900.0,Student,SC,Yes,Yes,No,Education & Scholarships
38,Female,West Bengal,95500.0,Farmer,OBC,No,No,No,Agriculture & Farmer Welfare
52,Female,Maharashtra,189000.0,Student,OBC,Yes,Yes,No,Education & Scholarships
69,Male,Uttar Pradesh,473300.0,Artisan,SC,Yes,No,No,Senior Citizen Pension & Healthcare
51,Male,Bihar,99600.0,Student,EWS,Yes,Yes,No,Education & Scholarships
58,Female,Gujarat,338700.0,Farmer,General,No,No,Yes,Social Welfare & Disability Support
68,Female,Tamil Nadu,31700.0,Artisan,OBC,Yes,No,No,Senior Citizen Pension & Healthcare
64,Male,Madhya Pradesh,30700.0,Artisan,OBC,No,No,No,Senior Citizen Pension & Healthcare
35,Male,Tamil Nadu,286700.0,Self-Employed,OBC,Yes,No,No,Skill Development & Entrepreneurship
75,Female,West Bengal,288000.0,Farmer,OBC,Yes,No,No,Senior Citizen Pension & Healthcare
28,Male,Maharashtra,310000.0,Self-Employed,General,No,No,No,Skill Development & Entrepreneurship
74,Female,Uttar Pradesh,508700.0,Self-Employed,General,No,No,No,Senior Citizen Pension & Healthcare
40,Male,Rajasthan,52600.0,Farmer,OBC,No,No,No,Agriculture & Farmer Welfare
65,Female,Madhya Pradesh,77500.0,Unemployed,OBC,Yes,No,No,Senior Citizen Pension & Healthcare
39,Female,Uttar Pradesh,451300.0,Self-Employed,OBC,No,No,Yes,Social Welfare & Disability Support
34,Male,Gujarat,65100.0,Farmer,ST,Yes,No,No,Agriculture & Farmer Welfare
22,Female,Madhya Pradesh,236400.0,Salaried,General,Yes,No,No,Women & Child Development
61,Male,West Bengal,166100.0,Unemployed,EWS,Yes,No,No,Senior Citizen Pension & Healthcare
28,Female,Rajasthan,45600.0,Salaried,General,Yes,No,No,Women & Child Development
47,Male,Karnataka,90500.0,Daily Wage Worker,OBC,No,No,No,Rural & Urban Livelihood Support
32,Male,Karnataka,162300.0,Farmer,OBC,Yes,No,No,Agriculture & Farmer Welfare
44,Female,Karnataka,374300.0,Farmer,SC,No,No,No,Agriculture & Farmer Welfare
52,Male,Bihar,251300.0,Daily Wage Worker,General,Yes,No,No,Rural & Urban Livelihood Support
50,Male,Karnataka,205100.0,Salaried,General,Yes,No,No,Rural & Urban Livelihood Support
37,Male,Kerala,153300.0,Self-Employed,SC,No,No,No,Skill Development & Entrepreneurship
33,Male,Madhya Pradesh,93900.0,Salaried,SC,No,No,No,Rural & Urban Livelihood Support
51,Male,Rajasthan,52900.0,Farmer,OBC,No,No,No,Agriculture & Farmer Welfare
19,Female,Gujarat,124700.0,Artisan,SC,No,No,No,Social Welfare & Disability Support
52,Female,Kerala,35200.0,Salaried,General,Yes,No,No,Women & Child Development
57,Male,Kerala,72700.0,Daily Wage Worker,General,No,No,No,Rural & Urban Livelihood Support
73,Male,Rajasthan,132000.0,Salaried,General,No,No,No,Senior Citizen Pension & Healthcare
45,Female,Gujarat,127600.0,Daily Wage Worker,General,Yes,No,No,Women & Child Development
64,Male,Madhya Pradesh,38200.0,Artisan,OBC,Yes,No,No,Senior Citizen Pension & Healthcare
56,Male,Maharashtra,190100.0,Self-Employed,General,Yes,No,No,Skill Development & Entrepreneurship
23,Female,Uttar Pradesh,173600.0,Salaried,OBC,Yes,No,No,Women & Child Development
26,Female,Maharashtra,44600.0,Self-Employed,OBC,No,No,No,Women & Child Development
37,Male,West Bengal,546200.0,Farmer,OBC,Yes,No,No,Agriculture & Farmer Welfare
18,Female,Rajasthan,48800.0,Artisan,OBC,No,No,No,Women & Child Development
25,Male,Maharashtra,377400.0,Self-Employed,OBC,Yes,No,Yes,Social Welfare & Disability Support
72,Male,Maharashtra,30100.0,Student,OBC,Yes,Yes,No,Education & Scholarships
40,Female,Maharashtra,415100.0,Daily Wage Worker,ST,No,No,No,Women & Child Development
20,Female,Karnataka,33600.0,Student,OBC,Yes,Yes,No,Education & Scholarships
21,Female,Tamil Nadu,285200.0,Artisan,General,Yes,No,No,Women & Child Development
75,Female,Maharashtra,110800.0,Unemployed,OBC,No,No,No,Senior Citizen Pension & Healthcare
42,Male,Uttar Pradesh,271200.0,Artisan,SC,No,No,No,Skill Development & Entrepreneurship
64,Female,Rajasthan,122500.0,Unemployed,OBC,Yes,No,No,Senior Citizen Pension & Healthcare
55,Male,West Bengal,43200.0,Farmer,OBC,Yes,No,No,Agriculture & Farmer Welfare
32,Female,Tamil Nadu,292600.0,Salaried,OBC,Yes,No,No,Women & Child Development
38,Female,Bihar,43300.0,Farmer,EWS,No,No,No,Agriculture & Farmer Welfare
52,Female,Uttar Pradesh,489500.0,Student,General,No,Yes,No,Education & Scholarships
74,Female,Uttar Pradesh,39400.0,Unemployed,OBC,Yes,No,No,Senior Citizen Pension & Healthcare
70,Female,Karnataka,147500.0,Daily Wage Worker,OBC,No,No,No,Senior Citizen Pension & Healthcare
70,Female,Karnataka,261100.0,Farmer,OBC,Yes,No,No,Women & Child Development
63,Male,Rajasthan,119900.0,Salaried,OBC,Yes,No,No,Senior Citizen Pension & Healthcare
69,Male,Uttar Pradesh,74100.0,Self-Employed,SC,Yes,No,No,Senior Citizen Pension & Healthcare
31,Female,Gujarat,286200.0,Salaried,General,Yes,No,No,Women & Child Development
53,Female,Gujarat,306100.0,Self-Employed,General,Yes,No,No,Women & Child Development
29,Female,Rajasthan,490800.0,Artisan,OBC,No,No,No,Women & Child Development
34,Female,Maharashtra,114900.0,Artisan,General,Yes,No,No,Women & Child Development
56,Male,Kerala,157000.0,Farmer,OBC,No,No,No,Agriculture & Farmer Welfare
26,Female,Bihar,111200.0,Self-Employed,OBC,No,No,No,Women & Child Development
52,Female,West Bengal,83500.0,Artisan,General,No,No,No,Women & Child Development
30,Female,Karnataka,280300.0,Student,OBC,Yes,Yes,No,Education & Scholarships
32,Female,West Bengal,104700.0,Farmer,General,Yes,No,No,Agriculture & Farmer Welfare
35,Female,Kerala,130600.0,Farmer,ST,Yes,No,No,Agriculture & Farmer Welfare
68,Male,Madhya Pradesh,123100.0,Unemployed,OBC,Yes,No,No,Senior Citizen Pension & Healthcare
50,Female,Rajasthan,254500.0,Self-Employed,ST,No,No,Yes,Social Welfare & Disability Support
23,Female,Maharashtra,479700.0,Daily Wage Worker,OBC,Yes,No,No,Women & Child Development
44,Male,Tamil Nadu,227800.0,Salaried,OBC,Yes,No,No,Rural & Urban Livelihood Support
40,Male,Maharashtra,144800.0,Self-Employed,General,No,No,Yes,Social Welfare & Disability Support
44,Male,Uttar Pradesh,301900.0,Salaried,General,No,No,No,Rural & Urban Livelihood Support
51,Male,Maharashtra,214400.0,Farmer,OBC,Yes,No,No,Agriculture & Farmer Welfare
73,Female,Uttar Pradesh,41300.0,Farmer,SC,Yes,No,No,Senior Citizen Pension & Healthcare
63,Male,West Bengal,48100.0,Artisan,EWS,No,No,No,Senior Citizen Pension & Healthcare
55,Male,Madhya Pradesh,37000.0,Artisan,OBC,Yes,No,No,Skill Development & Entrepreneurship
31,Female,Karnataka,139900.0,Salaried,ST,Yes,No,No,Women & Child Development
53,Male,Madhya Pradesh,344600.0,Self-Employed,General,Yes,No,No,Skill Development & Entrepreneurship
70,Male,Uttar Pradesh,97600.0,Farmer,ST,Yes,No,No,Senior Citizen Pension & Healthcare
25,Female,Tamil Nadu,117300.0,Daily Wage Worker,OBC,Yes,No,No,Women & Child Development
52,Female,Kerala,462400.0,Self-Employed,SC,Yes,No,No,Women & Child Development
36,Female,West Bengal,356400.0,Student,OBC,No,Yes,No,Education & Scholarships
47,Female,West Bengal,226900.0,Self-Employed,ST,No,No,No,Women & Child Development
31,Female,Maharashtra,85900.0,Salaried,SC,No,No,No,Women & Child Development
37,Male,Karnataka,52400.0,Unemployed,OBC,Yes,No,No,Rural & Urban Livelihood Support
66,Male,Maharashtra,32900.0,Self-Employed,OBC,Yes,No,No,Senior Citizen Pension & Healthcare
42,Female,Maharashtra,50400.0,Farmer,SC,No,No,No,Agriculture & Farmer Welfare
57,Male,Uttar Pradesh,92300.0,Student,General,Yes,Yes,No,Education & Scholarships
41,Female,Kerala,174400.0,Artisan,OBC,No,No,No,Women & Child Development
31,Female,Karnataka,41900.0,Daily Wage Worker,General,Yes,No,No,Women & Child Development
43,Male,Maharashtra,56400.0,Farmer,SC,No,No,No,Agriculture & Farmer Welfare
55,Male,West Bengal,66000.0,Farmer,OBC,No,No,No,Agriculture & Farmer Welfare
40,Male,Maharashtra,209900.0,Salaried,OBC,Yes,No,No,Rural & Urban Livelihood Support
39,Male,Bihar,202200.0,Unemployed,ST,Yes,No,No,Rural & Urban Livelihood Support
65,Male,Rajasthan,174000.0,Self-Employed,General,Yes,No,No,Senior Citizen Pension & Healthcare
74,Male,West Bengal,81900.0,Student,OBC,Yes,Yes,Yes,Social Welfare & Disability Support
36,Female,Bihar,113500.0,Student,OBC,Yes,Yes,No,Education & Scholarships
63,Male,Rajasthan,48300.0,Student,ST,No,Yes,No,Education & Scholarships
68,Transgender,Tamil Nadu,76200.0,Self-Employed,OBC,Yes,No,No,Senior Citizen Pension & Healthcare
20,Male,Bihar,440400.0,Student,General,Yes,Yes,No,Education & Scholarships
59,Female,Uttar Pradesh,731400.0,Unemployed,ST,Yes,No,No,Women & Child Development
36,Male,Tamil Nadu,217800.0,Salaried,OBC,Yes,No,Yes,Social Welfare & Disability Support
26,Male,Gujarat,477600.0,Farmer,SC,Yes,No,No,Agriculture & Farmer Welfare
45,Female,Karnataka,215300.0,Artisan,General,No,No,No,Women & Child Development
37,Male,West Bengal,36100.0,Daily Wage Worker,General,No,No,No,Rural & Urban Livelihood Support
62,Female,Gujarat,1061900.0,Salaried,OBC,Yes,No,No,Senior Citizen Pension & Healthcare
24,Female,West Bengal,48800.0,Salaried,SC,Yes,No,No,Women & Child Development
31,Male,Karnataka,236600.0,Student,OBC,No,Yes,No,Education & Scholarships
26,Female,Karnataka,82500.0,Student,OBC,Yes,Yes,No,Education & Scholarships
72,Female,West Bengal,119600.0,Daily Wage Worker,EWS,Yes,No,No,Senior Citizen Pension & Healthcare
74,Male,Karnataka,216900.0,Daily Wage Worker,OBC,Yes,No,No,Senior Citizen Pension & Healthcare
36,Male,Bihar,133200.0,Student,SC,Yes,Yes,No,Education & Scholarships
64,Female,Madhya Pradesh,81900.0,Self-Employed,OBC,Yes,No,No,Senior Citizen Pension & Healthcare
69,Male,Kerala,103300.0,Unemployed,General,No,No,No,Senior Citizen Pension & Healthcare
31,Male,West Bengal,105200.0,Farmer,SC,Yes,No,No,Agriculture & Farmer Welfare
73,Male,Gujarat,606400.0,Unemployed,OBC,No,No,No,Senior Citizen Pension & Healthcare
55,Male,Gujarat,318500.0,Student,ST,Yes,Yes,No,Education & Scholarships
70,Male,Karnataka,140400.0,Unemployed,General,No,No,No,Senior Citizen Pension & Healthcare
53,Female,West Bengal,70100.0,Self-Employed,OBC,Yes,No,No,Women & Child Development
57,Female,Madhya Pradesh,329900.0,Farmer,SC,Yes,No,No,Agriculture & Farmer Welfare
34,Male,Madhya Pradesh,60800.0,Daily Wage Worker,OBC,No,No,No,Rural & Urban Livelihood Support
47,Male,Kerala,72500.0,Unemployed,OBC,No,No,No,Rural & Urban Livelihood Support
26,Female,Bihar,112000.0,Salaried,SC,Yes,No,No,Women & Child Development
50,Male,Kerala,412200.0,Farmer,OBC,No,No,No,Agriculture & Farmer Welfare
73,Male,Uttar Pradesh,55400.0,Daily Wage Worker,OBC,Yes,No,No,Senior Citizen Pension & Healthcare
69,Female,Gujarat,53500.0,Self-Employed,SC,No,No,No,Senior Citizen Pension & Healthcare
42,Female,Madhya Pradesh,152600.0,Self-Employed,SC,No,No,No,Women & Child Development
31,Female,Karnataka,88200.0,Salaried,General,Yes,No,No,Women & Child Development
28,Male,Madhya Pradesh,181400.0,Student,General,Yes,Yes,No,Education & Scholarships
70,Female,Madhya Pradesh,138100.0,Farmer,SC,Yes,No,No,Senior Citizen Pension & Healthcare
52,Female,Rajasthan,132800.0,Self-Employed,General,No,No,No,Women & Child Development
58,Male,Gujarat,51400.0,Student,General,Yes,Yes,No,Education & Scholarships
31,Male,Uttar Pradesh,57400.0,Salaried,EWS,No,No,No,Rural & Urban Livelihood Support
47,Female,Kerala,339700.0,Self-Employed,OBC,Yes,No,No,Women & Child Development
58,Female,Uttar Pradesh,420700.0,Artisan,General,No,No,No,Skill Development & Entrepreneurship
21,Male,Rajasthan,78100.0,Unemployed,ST,Yes,No,No,Rural & Urban Livelihood Support
21,Male,Bihar,51700.0,Artisan,SC,No,No,No,Skill Development & Entrepreneurship
45,Male,Uttar Pradesh,39900.0,Self-Employed,ST,No,No,No,Skill Development & Entrepreneurship
25,Male,Madhya Pradesh,198700.0,Student,OBC,Yes,Yes,No,Education & Scholarships
19,Female,Tamil Nadu,256200.0,Farmer,OBC,Yes,No,No,Agriculture & Farmer Welfare
58,Female,West Bengal,114000.0,Student,ST,No,Yes,No,Education & Scholarships
63,Female,Uttar Pradesh,234900.0,Daily Wage Worker,General,Yes,No,No,Senior Citizen Pension & Healthcare
39,Female,West Bengal,254700.0,Artisan,SC,No,No,No,Women & Child Development
58,Male,Rajasthan,523000.0,Farmer,OBC,No,No,No,Agriculture & Farmer Welfare
73,Female,Uttar Pradesh,42100.0,Artisan,SC,No,No,No,Senior Citizen Pension & Healthcare
72,Female,Uttar Pradesh,68400.0,Farmer,General,Yes,No,No,Senior Citizen Pension & Healthcare
33,Transgender,Maharashtra,42800.0,Salaried,OBC,Yes,No,No,Rural & Urban Livelihood Support
46,Female,Madhya Pradesh,394500.0,Student,General,No,Yes,No,Education & Scholarships
66,Female,Karnataka,313100.0,Unemployed,SC,Yes,No,No,Senior Citizen Pension & Healthcare
65,Female,West Bengal,183900.0,Self-Employed,OBC,No,No,No,Senior Citizen Pension & Healthcare
47,Male,Bihar,45700.0,Self-Employed,General,Yes,No,No,Skill Development & Entrepreneurship
29,Male,Maharashtra,87500.0,Farmer,General,Yes,No,No,Agriculture & Farmer Welfare
52,Female,Madhya Pradesh,93600.0,Salaried,OBC,Yes,No,No,Women & Child Development
28,Male,Rajasthan,178100.0,Farmer,SC,No,No,No,Agriculture & Farmer Welfare
63,Male,West Bengal,83700.0,Self-Employed,OBC,Yes,No,Yes,Social Welfare & Disability Support
67,Male,Kerala,43600.0,Salaried,OBC,Yes,No,Yes,Social Welfare & Disability Support
38,Male,Rajasthan,266200.0,Salaried,General,No,No,No,Rural & Urban Livelihood Support
38,Male,Karnataka,94000.0,Self-Employed,SC,No,No,No,Skill Development & Entrepreneurship
22,Male,West Bengal,138400.0,Salaried,ST,No,No,No,Rural & Urban Livelihood Support
65,Female,Rajasthan,54600.0,Daily Wage Worker,OBC,Yes,No,No,Senior Citizen Pension & Healthcare
37,Female,Maharashtra,322000.0,Farmer,General,No,No,No,Agriculture & Farmer Welfare
54,Female,Rajasthan,180100.0,Artisan,OBC,Yes,No,No,Women & Child Development
20,Male,Karnataka,447300.0,Farmer,SC,No,No,No,Agriculture & Farmer Welfare
61,Male,Karnataka,153100.0,Farmer,General,No,No,No,Senior Citizen Pension & Healthcare
50,Male,Tamil Nadu,540700.0,Daily Wage Worker,SC,Yes,No,No,Rural & Urban Livelihood Support
70,Female,Uttar Pradesh,430400.0,Self-Employed,OBC,Yes,No,No,Senior Citizen Pension & Healthcare
26,Male,Kerala,184600.0,Student,ST,No,Yes,No,Education & Scholarships
26,Male,Kerala,519000.0,Unemployed,General,Yes,No,No,Rural & Urban Livelihood Support
21,Male,Maharashtra,100200.0,Farmer,EWS,No,No,No,Agriculture & Farmer Welfare
52,Male,Karnataka,111900.0,Salaried,OBC,Yes,No,No,Rural & Urban Livelihood Support
34,Male,Tamil Nadu,38400.0,Salaried,General,No,No,No,Rural & Urban Livelihood Support
51,Male,Madhya Pradesh,190100.0,Salaried,SC,Yes,No,No,Rural & Urban Livelihood Support
41,Male,Tamil Nadu,260400.0,Unemployed,General,Yes,No,No,Rural & Urban Livelihood Support
49,Male,Bihar,297300.0,Farmer,OBC,Yes,No,No,Agriculture & Farmer Welfare
18,Female,Rajasthan,59200.0,Self-Employed,EWS,Yes,No,No,Women & Child Development
25,Female,Uttar Pradesh,135700.0,Farmer,OBC,Yes,No,No,Agriculture & Farmer Welfare
62,Male,Tamil Nadu,65000.0,Farmer,OBC,Yes,No,No,Senior Citizen Pension & Healthcare
40,Female,Rajasthan,225300.0,Self-Employed,General,Yes,No,No,Women & Child Development
64,Male,Uttar Pradesh,60900.0,Student,General,No,Yes,No,Education & Scholarships
57,Female,West Bengal,452100.0,Salaried,SC,Yes,No,No,Women & Child Development
29,Male,Bihar,77200.0,Salaried,General,No,No,No,Rural & Urban Livelihood Support
71,Female,Bihar,92000.0,Farmer,General,Yes,No,No,Senior Citizen Pension & Healthcare
29,Female,Karnataka,372600.0,Self-Employed,General,Yes,No,No,Women & Child Development
63,Male,Bihar,140400.0,Artisan,General,Yes,No,No,Senior Citizen Pension & Healthcare
64,Female,West Bengal,34400.0,Salaried,ST,Yes,No,No,Senior Citizen Pension & Healthcare
32,Female,Karnataka,152800.0,Daily Wage Worker,ST,Yes,No,No,Women & Child Development
58,Female,Gujarat,45900.0,Farmer,General,Yes,No,No,Agriculture & Farmer Welfare
36,Male,Madhya Pradesh,790100.0,Artisan,OBC,Yes,No,No,Skill Development & Entrepreneurship
43,Female,Maharashtra,189700.0,Artisan,ST,Yes,No,No,Women & Child Development
69,Male,Rajasthan,83400.0,Salaried,OBC,Yes,No,No,Senior Citizen Pension & Healthcare
46,Male,Madhya Pradesh,179300.0,Student,OBC,Yes,Yes,No,Education & Scholarships
39,Male,Madhya Pradesh,44400.0,Student,OBC,Yes,Yes,No,Education & Scholarships
57,Male,Kerala,319600.0,Salaried,OBC,No,No,No,Rural & Urban Livelihood Support
38,Male,Tamil Nadu,497000.0,Salaried,SC,Yes,No,No,Rural & Urban Livelihood Support
68,Female,Bihar,403500.0,Unemployed,General,Yes,No,No,Senior Citizen Pension & Healthcare
55,Male,Gujarat,105300.0,Self-Employed,EWS,Yes,No,No,Skill Development & Entrepreneurship
37,Female,Tamil Nadu,101000.0,Self-Employed,OBC,Yes,No,No,Women & Child Development
74,Male,Maharashtra,36400.0,Self-Employed,General,Yes,No,No,Senior Citizen Pension & Healthcare
46,Female,Tamil Nadu,219700.0,Student,EWS,No,Yes,No,Education & Scholarships
68,Male,Kerala,167800.0,Self-Employed,SC,No,No,No,Senior Citizen Pension & Healthcare
21,Female,Maharashtra,140700.0,Student,SC,Yes,Yes,No,Education & Scholarships
72,Female,West Bengal,458800.0,Farmer,OBC,Yes,No,No,Senior Citizen Pension & Healthcare
24,Male,West Bengal,63100.0,Salaried,SC,Yes,Yes,No,Education & Scholarships
45,Male,Karnataka,31700.0,Farmer,OBC,Yes,No,No,Agriculture & Farmer Welfare
45,Female,Tamil Nadu,43700.0,Salaried,General,No,No,No,Women & Child Development
21,Male,Rajasthan,75500.0,Farmer,General,No,No,No,Agriculture & Farmer Welfare
39,Male,Gujarat,36100.0,Farmer,General,Yes,No,No,Agriculture & Farmer Welfare
29,Transgender,Kerala,155800.0,Self-Employed,SC,No,No,Yes,Social Welfare & Disability Support
62,Male,Maharashtra,97900.0,Daily Wage Worker,SC,Yes,No,No,Senior Citizen Pension & Healthcare
20,Female,Gujarat,65800.0,Self-Employed,OBC,Yes,Yes,No,Education & Scholarships
39,Female,Tamil Nadu,279600.0,Salaried,General,Yes,No,No,Women & Child Development
61,Male,Rajasthan,71200.0,Student,SC,Yes,Yes,No,Education & Scholarships
19,Male,Tamil Nadu,239400.0,Salaried,OBC,No,Yes,No,Education & Scholarships
41,Female,Bihar,107300.0,Farmer,OBC,No,No,No,Agriculture & Farmer Welfare
51,Female,Bihar,159100.0,Salaried,OBC,Yes,No,Yes,Social Welfare & Disability Support
44,Male,Kerala,518900.0,Artisan,General,Yes,No,No,Skill Development & Entrepreneurship
72,Female,Maharashtra,36900.0,Unemployed,EWS,No,No,No,Senior Citizen Pension & Healthcare
58,Female,Maharashtra,154900.0,Daily Wage Worker,OBC,No,No,No,Women & Child Development
18,Female,Madhya Pradesh,376900.0,Student,General,Yes,Yes,No,Education & Scholarships
25,Female,Kerala,189600.0,Salaried,SC,Yes,No,No,Women & Child Development
40,Female,Kerala,88400.0,Farmer,OBC,No,No,No,Agriculture & Farmer Welfare
55,Male,Rajasthan,121300.0,Farmer,ST,No,No,No,Agriculture & Farmer Welfare
23,Female,Bihar,235200.0,Unemployed,General,No,No,No,Education & Scholarships
39,Female,Maharashtra,428600.0,Student,ST,Yes,Yes,No,Education & Scholarships
42,Female,Tamil Nadu,37500.0,Farmer,OBC,Yes,No,No,Agriculture & Farmer Welfare
35,Female,Kerala,43400.0,Self-Employed,OBC,No,No,No,Women & Child Development
34,Female,Karnataka,100800.0,Unemployed,OBC,No,No,No,Women & Child Development
29,Female,Uttar Pradesh,77700.0,Student,OBC,Yes,Yes,No,Education & Scholarships
23,Male,Maharashtra,85400.0,Self-Employed,ST,Yes,No,No,Skill Development & Entrepreneurship
43,Female,West Bengal,75000.0,Daily Wage Worker,OBC,No,No,No,Women & Child Development
44,Female,Maharashtra,69200.0,Unemployed,General,No,No,No,Women & Child Development
25,Female,Karnataka,55200.0,Salaried,OBC,No,No,No,Women & Child Development
36,Male,Maharashtra,519100.0,Unemployed,SC,Yes,No,No,Rural & Urban Livelihood Support
59,Male,Karnataka,58000.0,Self-Employed,SC,No,No,No,Skill Development & Entrepreneurship
18,Female,Uttar Pradesh,71200.0,Artisan,General,Yes,No,No,Women & Child Development
74,Male,Madhya Pradesh,80900.0,Student,OBC,No,Yes,No,Education & Scholarships
46,Female,Rajasthan,516600.0,Daily Wage Worker,General,Yes,No,No,Women & Child Development
62,Male,Uttar Pradesh,283700.0,Salaried,OBC,No,No,No,Senior Citizen Pension & Healthcare
66,Female,Gujarat,310700.0,Daily Wage Worker,OBC,Yes,No,No,Senior Citizen Pension & Healthcare
52,Male,Madhya Pradesh,49900.0,Student,General,No,Yes,No,Education & Scholarships
57,Male,Rajasthan,355800.0,Artisan,EWS,Yes,No,No,Skill Development & Entrepreneurship
31,Female,Bihar,124400.0,Self-Employed,ST,Yes,No,No,Women & Child Development
52,Male,Karnataka,84900.0,Daily Wage Worker,General,No,No,Yes,Social Welfare & Disability Support
65,Male,Kerala,184300.0,Daily Wage Worker,General,Yes,No,No,Senior Citizen Pension & Healthcare
62,Female,Gujarat,340900.0,Self-Employed,EWS,Yes,No,No,Senior Citizen Pension & Healthcare
37,Female,Uttar Pradesh,301400.0,Farmer,General,No,No,No,Agriculture & Farmer Welfare
73,Female,Maharashtra,427300.0,Salaried,General,Yes,No,No,Senior Citizen Pension & Healthcare
66,Male,Uttar Pradesh,503900.0,Daily Wage Worker,ST,No,No,No,Senior Citizen Pension & Healthcare
30,Male,Rajasthan,79000.0,Farmer,OBC,Yes,No,No,Agriculture & Farmer Welfare
55,Female,Gujarat,129300.0,Farmer,OBC,No,No,No,Agriculture & Farmer Welfare
66,Male,Tamil Nadu,32700.0,Salaried,General,No,No,No,Senior Citizen Pension & Healthcare
63,Male,Rajasthan,410600.0,Salaried,OBC,No,No,No,Senior Citizen Pension & Healthcare
66,Male,Madhya Pradesh,60200.0,Artisan,OBC,No,No,No,Senior Citizen Pension & Healthcare
25,Male,Uttar Pradesh,385800.0,Student,General,Yes,Yes,No,Education & Scholarships
60,Male,Uttar Pradesh,101900.0,Student,General,No,Yes,No,Education & Scholarships
37,Female,Gujarat,112600.0,Farmer,EWS,No,No,No,Agriculture & Farmer Welfare
50,Female,Karnataka,37200.0,Self-Employed,OBC,Yes,No,No,Women & Child Development
43,Male,Gujarat,101200.0,Self-Employed,OBC,Yes,No,No,Skill Development & Entrepreneurship
56,Female,Kerala,424700.0,Self-Employed,OBC,No,No,No,Women & Child Development
38,Male,Uttar Pradesh,34700.0,Daily Wage Worker,General,Yes,No,No,Rural & Urban Livelihood Support
70,Female,Karnataka,123900.0,Student,SC,Yes,Yes,No,Education & Scholarships
66,Female,Karnataka,35700.0,Student,General,Yes,Yes,No,Education & Scholarships
59,Male,Gujarat,113400.0,Farmer,OBC,Yes,No,No,Agriculture & Farmer Welfare
60,Male,Bihar,64100.0,Student,General,No,Yes,No,Education & Scholarships
71,Female,Rajasthan,82300.0,Student,General,Yes,Yes,No,Education & Scholarships
58,Male,Madhya Pradesh,408100.0,Self-Employed,OBC,Yes,No,No,Skill Development & Entrepreneurship
26,Male,Bihar,133100.0,Unemployed,General,No,No,No,Rural & Urban Livelihood Support
41,Male,Uttar Pradesh,87600.0,Daily Wage Worker,General,Yes,No,No,Rural & Urban Livelihood Support
54,Female,Uttar Pradesh,190200.0,Unemployed,EWS,No,No,No,Women & Child Development
66,Male,Uttar Pradesh,57600.0,Daily Wage Worker,ST,No,No,No,Senior Citizen Pension & Healthcare
58,Male,West Bengal,84100.0,Daily Wage Worker,SC,No,No,No,Rural & Urban Livelihood Support
34,Female,Maharashtra,172200.0,Farmer,ST,No,No,No,Agriculture & Farmer Welfare
41,Male,Tamil Nadu,78800.0,Salaried,SC,Yes,No,No,Rural & Urban Livelihood Support
38,Male,West Bengal,234600.0,Farmer,ST,Yes,No,No,Agriculture & Farmer Welfare
68,Male,Tamil Nadu,151700.0,Farmer,OBC,Yes,No,Yes,Social Welfare & Disability Support
56,Male,Karnataka,296100.0,Farmer,General,Yes,No,No,Agriculture & Farmer Welfare
72,Female,Uttar Pradesh,563000.0,Salaried,SC,Yes,No,No,Senior Citizen Pension & Healthcare
58,Female,Kerala,52200.0,Salaried,General,Yes,No,No,Women & Child Development
56,Male,Madhya Pradesh,103300.0,Unemployed,OBC,Yes,No,No,Rural & Urban Livelihood Support
30,Male,Gujarat,99300.0,Self-Employed,OBC,Yes,No,No,Skill Development & Entrepreneurship
28,Male,Madhya Pradesh,59500.0,Self-Employed,OBC,Yes,No,No,Skill Development & Entrepreneurship
63,Male,Kerala,329200.0,Salaried,OBC,Yes,No,No,Senior Citizen Pension & Healthcare
36,Female,Gujarat,286800.0,Daily Wage Worker,OBC,Yes,No,No,Women & Child Development
28,Female,Karnataka,149200.0,Salaried,General,No,No,No,Women & Child Development
30,Female,Kerala,168900.0,Farmer,ST,No,No,No,Agriculture & Farmer Welfare
63,Female,Uttar Pradesh,41100.0,Farmer,SC,No,No,No,Senior Citizen Pension & Healthcare
62,Male,Kerala,175900.0,Unemployed,SC,No,No,No,Senior Citizen Pension & Healthcare
18,Female,Uttar Pradesh,312100.0,Student,ST,No,Yes,No,Education & Scholarships
57,Male,Kerala,183500.0,Salaried,General,No,No,No,Rural & Urban Livelihood Support
61,Female,Kerala,85500.0,Self-Employed,OBC,Yes,No,No,Senior Citizen Pension & Healthcare
36,Male,Bihar,228200.0,Salaried,OBC,Yes,No,Yes,Social Welfare & Disability Support
29,Male,Madhya Pradesh,110800.0,Farmer,ST,No,No,No,Agriculture & Farmer Welfare
25,Female,Tamil Nadu,171700.0,Daily Wage Worker,OBC,Yes,No,No,Women & Child Development
25,Female,West Bengal,150300.0,Artisan,SC,Yes,No,No,Women & Child Development
70,Female,Bihar,116400.0,Self-Employed,OBC,Yes,No,No,Senior Citizen Pension & Healthcare
62,Male,Tamil Nadu,258400.0,Self-Employed,EWS,Yes,No,No,Senior Citizen Pension & Healthcare
29,Female,Bihar,417600.0,Salaried,General,No,No,No,Rural & Urban Livelihood Support
65,Male,Maharashtra,30900.0,Daily Wage Worker,SC,Yes,No,Yes,Social Welfare & Disability Support
50,Male,Gujarat,518200.0,Farmer,OBC,Yes,No,No,Agriculture & Farmer Welfare
62,Male,Uttar Pradesh,159000.0,Salaried,OBC,Yes,No,No,Senior Citizen Pension & Healthcare
43,Female,West Bengal,247200.0,Farmer,General,No,No,Yes,Social Welfare & Disability Support
56,Male,Bihar,378400.0,Farmer,EWS,No,No,No,Agriculture & Farmer Welfare
45,Female,Bihar,143300.0,Student,General,Yes,Yes,No,Education & Scholarships
75,Female,Karnataka,354300.0,Salaried,ST,No,No,No,Senior Citizen Pension & Healthcare
22,Male,Kerala,65200.0,Farmer,SC,Yes,No,No,Agriculture & Farmer Welfare
25,Male,Maharashtra,61200.0,Farmer,SC,No,No,No,Agriculture & Farmer Welfare
42,Female,West Bengal,222900.0,Salaried,General,No,No,No,Women & Child Development
44,Female,West Bengal,397400.0,Unemployed,General,No,No,No,Rural & Urban Livelihood Support
63,Female,Gujarat,431300.0,Student,OBC,Yes,Yes,No,Education & Scholarships
40,Male,West Bengal,215800.0,Daily Wage Worker,EWS,Yes,No,Yes,Social Welfare & Disability Support
47,Female,Rajasthan,164200.0,Salaried,EWS,Yes,No,No,Women & Child Development
62,Male,West Bengal,102500.0,Student,SC,Yes,Yes,No,Education & Scholarships
64,Male,Bihar,734200.0,Unemployed,OBC,Yes,No,No,Senior Citizen Pension & Healthcare
40,Male,Rajasthan,99300.0,Self-Employed,OBC,Yes,No,Yes,Social Welfare & Disability Support
66,Female,Tamil Nadu,275400.0,Daily Wage Worker,EWS,Yes,No,No,Senior Citizen Pension & Healthcare
64,Male,Kerala,166700.0,Artisan,OBC,No,No,No,Senior Citizen Pension & Healthcare
37,Male,Rajasthan,198800.0,Daily Wage Worker,ST,Yes,No,No,Rural & Urban Livelihood Support
35,Male,Tamil Nadu,120000.0,Student,OBC,No,Yes,No,Education & Scholarships
35,Female,Maharashtra,632500.0,Daily Wage Worker,General,No,No,No,Rural & Urban Livelihood Support
19,Female,Madhya Pradesh,182600.0,Student,SC,No,Yes,No,Education & Scholarships
21,Female,Uttar Pradesh,529900.0,Artisan,OBC,No,No,No,Women & Child Development
47,Male,Bihar,31400.0,Student,OBC,No,Yes,No,Education & Scholarships
50,Male,Rajasthan,183000.0,Unemployed,EWS,No,No,No,Rural & Urban Livelihood Support
53,Male,Madhya Pradesh,257300.0,Farmer,SC,Yes,No,No,Agriculture & Farmer Welfare
35,Female,Kerala,276000.0,Artisan,SC,Yes,No,No,Women & Child Development
54,Female,Karnataka,453700.0,Artisan,SC,No,No,No,Women & Child Development
36,Female,Maharashtra,30800.0,Daily Wage Worker,OBC,Yes,No,No,Women & Child Development
64,Female,Uttar Pradesh,30100.0,Artisan,OBC,Yes,No,No,Senior Citizen Pension & Healthcare
45,Female,Kerala,145000.0,Unemployed,General,No,No,No,Women & Child Development
57,Male,Maharashtra,35400.0,Student,OBC,Yes,Yes,No,Education & Scholarships
37,Male,Karnataka,690700.0,Farmer,General,No,No,No,Agriculture & Farmer Welfare
66,Male,Tamil Nadu,75200.0,Self-Employed,SC,Yes,No,No,Senior Citizen Pension & Healthcare
50,Female,Karnataka,145200.0,Salaried,OBC,No,No,No,Women & Child Development
29,Female,Rajasthan,41400.0,Student,SC,Yes,Yes,No,Education & Scholarships
75,Female,Uttar Pradesh,162900.0,Student,OBC,No,Yes,No,Education & Scholarships
68,Male,West Bengal,116000.0,Student,OBC,Yes,Yes,No,Education & Scholarships
32,Female,Gujarat,38200.0,Self-Employed,General,No,No,No,Women & Child Development
58,Male,Bihar,103500.0,Farmer,ST,Yes,No,No,Agriculture & Farmer Welfare
56,Female,Bihar,119400.0,Unemployed,OBC,Yes,No,No,Women & Child Development
19,Male,Tamil Nadu,857500.0,Student,General,Yes,Yes,No,Education & Scholarships
46,Male,Kerala,71900.0,Farmer,SC,Yes,No,No,Agriculture & Farmer Welfare
58,Female,Uttar Pradesh,171700.0,Farmer,OBC,No,No,No,Agriculture & Farmer Welfare
27,Male,West Bengal,816100.0,Self-Employed,General,Yes,No,No,Skill Development & Entrepreneurship
19,Female,Tamil Nadu,312700.0,Daily Wage Worker,ST,Yes,No,No,Women & Child Development
68,Male,Gujarat,932800.0,Student,General,Yes,Yes,No,Education & Scholarships
28,Female,Rajasthan,651200.0,Salaried,OBC,No,No,No,Women & Child Development
30,Female,Rajasthan,151000.0,Farmer,General,Yes,No,No,Agriculture & Farmer Welfare
27,Male,West Bengal,244600.0,Daily Wage Worker,General,Yes,No,No,Rural & Urban Livelihood Support
31,Male,West Bengal,51100.0,Self-Employed,OBC,No,No,No,Skill Development & Entrepreneurship
35,Female,West Bengal,134700.0,Farmer,OBC,No,No,No,Agriculture & Farmer Welfare
68,Male,Karnataka,328000.0,Unemployed,OBC,No,No,No,Senior Citizen Pension & Healthcare
71,Female,Bihar,156700.0,Unemployed,OBC,No,No,No,Senior Citizen Pension & Healthcare
26,Female,Madhya Pradesh,248300.0,Farmer,OBC,Yes,No,No,Agriculture & Farmer Welfare
74,Male,Uttar Pradesh,276500.0,Self-Employed,General,No,No,No,Senior Citizen Pension & Healthcare
56,Female,Madhya Pradesh,82600.0,Farmer,OBC,No,No,No,Agriculture & Farmer Welfare
45,Female,Karnataka,405300.0,Daily Wage Worker,ST,No,No,No,Women & Child Development
20,Male,Kerala,140900.0,Farmer,General,Yes,No,No,Agriculture & Farmer Welfare
37,Female,Rajasthan,72500.0,Unemployed,ST,No,No,No,Women & Child Development
23,Male,Bihar,391000.0,Farmer,General,Yes,No,No,Agriculture & Farmer Welfare
44,Female,West Bengal,127400.0,Student,OBC,No,Yes,No,Education & Scholarships
70,Female,Gujarat,279800.0,Farmer,General,Yes,No,No,Senior Citizen Pension & Healthcare
19,Female,Gujarat,172900.0,Farmer,SC,Yes,No,No,Agriculture & Farmer Welfare
46,Male,Gujarat,116600.0,Self-Employed,OBC,Yes,No,No,Skill Development & Entrepreneurship
55,Male,Uttar Pradesh,328800.0,Farmer,OBC,Yes,No,No,Agriculture & Farmer Welfare
20,Female,West Bengal,188100.0,Daily Wage Worker,OBC,No,No,No,Women & Child Development
33,Female,Bihar,119100.0,Farmer,General,No,No,No,Agriculture & Farmer Welfare
47,Male,Rajasthan,50900.0,Daily Wage Worker,OBC,No,No,No,Rural & Urban Livelihood Support
57,Female,Madhya Pradesh,436400.0,Self-Employed,OBC,Yes,No,No,Women & Child Development
19,Male,West Bengal,36500.0,Salaried,OBC,No,No,No,Rural & Urban Livelihood Support
34,Female,West Bengal,388000.0,Salaried,SC,No,No,No,Women & Child Development
58,Male,Karnataka,110300.0,Unemployed,General,Yes,No,No,Rural & Urban Livelihood Support
29,Female,Kerala,213600.0,Daily Wage Worker,General,No,No,No,Women & Child Development
52,Male,Gujarat,489600.0,Farmer,General,Yes,No,No,Agriculture & Farmer Welfare
60,Male,Tamil Nadu,59600.0,Daily Wage Worker,General,Yes,No,No,Senior Citizen Pension & Healthcare
18,Female,Bihar,180600.0,Salaried,OBC,Yes,No,No,Women & Child Development
72,Female,Karnataka,290200.0,Student,General,Yes,Yes,No,Education & Scholarships
62,Male,Kerala,285100.0,Self-Employed,OBC,Yes,No,No,Senior Citizen Pension & Healthcare
32,Male,Kerala,164200.0,Farmer,General,Yes,No,No,Agriculture & Farmer Welfare
43,Female,Maharashtra,206400.0,Self-Employed,General,No,No,No,Women & Child Development
54,Female,Gujarat,285000.0,Artisan,OBC,Yes,No,No,Women & Child Development
38,Male,Maharashtra,361000.0,Self-Employed,OBC,Yes,No,No,Skill Development & Entrepreneurship
66,Female,Karnataka,288200.0,Self-Employed,OBC,No,No,No,Senior Citizen Pension & Healthcare
48,Male,Kerala,108700.0,Salaried,OBC,Yes,No,No,Rural & Urban Livelihood Support
42,Female,Tamil Nadu,1059900.0,Self-Employed,OBC,No,No,No,Women & Child Development
40,Male,Bihar,132600.0,Unemployed,EWS,Yes,No,No,Rural & Urban Livelihood Support
41,Male,Maharashtra,34500.0,Farmer,OBC,Yes,No,No,Agriculture & Farmer Welfare
74,Transgender,Kerala,111100.0,Artisan,General,Yes,No,No,Senior Citizen Pension & Healthcare
55,Female,Bihar,54600.0,Artisan,General,No,No,No,Women & Child Development
45,Male,Gujarat,53300.0,Farmer,General,Yes,No,No,Agriculture & Farmer Welfare
38,Female,Madhya Pradesh,89500.0,Farmer,EWS,Yes,No,No,Agriculture & Farmer Welfare
71,Male,Bihar,39900.0,Self-Employed,ST,No,No,No,Senior Citizen Pension & Healthcare
60,Male,Kerala,240000.0,Self-Employed,SC,No,No,No,Senior Citizen Pension & Healthcare
35,Female,Karnataka,43800.0,Self-Employed,EWS,Yes,No,No,Women & Child Development
53,Male,Maharashtra,70900.0,Farmer,OBC,No,No,Yes,Social Welfare & Disability Support
52,Female,Maharashtra,47600.0,Farmer,General,Yes,No,No,Agriculture & Farmer Welfare
62,Male,Rajasthan,41700.0,Self-Employed,ST,Yes,No,No,Senior Citizen Pension & Healthcare
72,Male,Kerala,86100.0,Student,General,Yes,Yes,No,Education & Scholarships
26,Male,Rajasthan,182700.0,Farmer,EWS,Yes,No,No,Agriculture & Farmer Welfare
70,Female,Tamil Nadu,631800.0,Student,OBC,Yes,Yes,No,Education & Scholarships
55,Female,Tamil Nadu,405100.0,Student,General,Yes,Yes,No,Education & Scholarships
75,Male,Kerala,405600.0,Farmer,EWS,Yes,No,No,Senior Citizen Pension & Healthcare
47,Female,Maharashtra,64900.0,Student,OBC,Yes,Yes,No,Education & Scholarships
61,Female,Gujarat,85400.0,Farmer,SC,Yes,No,No,Senior Citizen Pension & Healthcare
51,Female,Uttar Pradesh,44300.0,Self-Employed,OBC,No,No,No,Women & Child Development
49,Female,Tamil Nadu,301300.0,Student,SC,No,Yes,No,Education & Scholarships
20,Male,Maharashtra,43000.0,Artisan,ST,Yes,No,No,Skill Development & Entrepreneurship
20,Female,West Bengal,176400.0,Salaried,General,No,No,No,Women & Child Development
45,Male,West Bengal,81300.0,Unemployed,OBC,Yes,No,No,Rural & Urban Livelihood Support
61,Female,Rajasthan,80200.0,Farmer,OBC,Yes,No,No,Senior Citizen Pension & Healthcare
32,Female,Bihar,872500.0,Salaried,ST,Yes,No,No,Women & Child Development
58,Female,Gujarat,284500.0,Farmer,SC,Yes,No,No,Agriculture & Farmer Welfare
40,Female,Rajasthan,356500.0,Student,OBC,No,Yes,No,Education & Scholarships
57,Female,West Bengal,182700.0,Salaried,OBC,No,No,No,Women & Child Development
28,Male,Gujarat,398600.0,Unemployed,SC,Yes,No,No,Rural & Urban Livelihood Support
65,Female,Uttar Pradesh,216700.0,Artisan,SC,Yes,No,No,Senior Citizen Pension & Healthcare
49,Female,Bihar,556000.0,Daily Wage Worker,OBC,Yes,No,No,Women & Child Development
75,Female,Rajasthan,89500.0,Daily Wage Worker,OBC,Yes,No,Yes,Social Welfare & Disability Support
74,Female,West Bengal,192800.0,Farmer,SC,No,No,No,Senior Citizen Pension & Healthcare
71,Male,Tamil Nadu,240900.0,Farmer,General,Yes,No,No,Senior Citizen Pension & Healthcare
53,Male,Tamil Nadu,119800.0,Artisan,EWS,Yes,No,No,Skill Development & Entrepreneurship
50,Female,Rajasthan,411200.0,Salaried,General,No,No,No,Rural & Urban Livelihood Support
41,Female,Uttar Pradesh,732400.0,Student,SC,Yes,Yes,No,Education & Scholarships
56,Male,Uttar Pradesh,152500.0,Unemployed,General,No,No,No,Rural & Urban Livelihood Support
51,Female,Kerala,119200.0,Student,EWS,Yes,Yes,No,Education & Scholarships
73,Male,Bihar,144900.0,Artisan,General,Yes,No,No,Senior Citizen Pension & Healthcare
45,Female,Maharashtra,374800.0,Self-Employed,OBC,Yes,No,No,Women & Child Development
54,Male,Uttar Pradesh,216700.0,Daily Wage Worker,OBC,Yes,No,No,Rural & Urban Livelihood Support
24,Male,Bihar,38200.0,Student,ST,No,Yes,No,Education & Scholarships
21,Male,Uttar Pradesh,170600.0,Artisan,General,Yes,No,No,Skill Development & Entrepreneurship
54,Female,Kerala,33100.0,Self-Employed,OBC,No,No,No,Women & Child Development
73,Female,Madhya Pradesh,301300.0,Student,General,Yes,Yes,No,Education & Scholarships
18,Female,Uttar Pradesh,101600.0,Student,OBC,No,Yes,No,Education & Scholarships
18,Female,Bihar,145000.0,Daily Wage Worker,OBC,No,No,No,Women & Child Development
64,Female,Kerala,318500.0,Self-Employed,OBC,Yes,No,No,Senior Citizen Pension & Healthcare
37,Female,Kerala,38600.0,Student,General,Yes,Yes,No,Education & Scholarships
36,Male,Bihar,61100.0,Self-Employed,SC,No,No,No,Skill Development & Entrepreneurship
46,Male,Bihar,121300.0,Salaried,SC,Yes,No,No,Rural & Urban Livelihood Support
27,Female,Tamil Nadu,77000.0,Student,ST,No,Yes,No,Rural & Urban Livelihood Support
35,Female,Madhya Pradesh,104200.0,Self-Employed,General,Yes,No,Yes,Social Welfare & Disability Support
45,Transgender,Kerala,1165100.0,Student,SC,No,Yes,No,Education & Scholarships
52,Female,Tamil Nadu,344200.0,Student,OBC,Yes,Yes,No,Education & Scholarships
60,Male,Gujarat,417600.0,Student,OBC,No,Yes,No,Education & Scholarships
64,Female,Rajasthan,527800.0,Artisan,OBC,Yes,No,No,Senior Citizen Pension & Healthcare
48,Female,Rajasthan,105000.0,Unemployed,General,No,No,No,Women & Child Development
44,Female,Kerala,93500.0,Farmer,OBC,Yes,No,No,Agriculture & Farmer Welfare
28,Female,Tamil Nadu,78000.0,Self-Employed,OBC,Yes,No,No,Women & Child Development
66,Male,Madhya Pradesh,349100.0,Artisan,General,No,No,No,Senior Citizen Pension & Healthcare
66,Male,Madhya Pradesh,234800.0,Farmer,OBC,No,No,No,Senior Citizen Pension & Healthcare
55,Female,Gujarat,78500.0,Self-Employed,General,No,No,No,Women & Child Development
22,Male,Kerala,115200.0,Unemployed,General,Yes,No,No,Rural & Urban Livelihood Support
25,Female,Uttar Pradesh,157200.0,Unemployed,OBC,No,No,No,Women & Child Development
51,Transgender,Gujarat,165200.0,Unemployed,OBC,Yes,No,No,Rural & Urban Livelihood Support
65,Transgender,Tamil Nadu,425200.0,Farmer,OBC,No,No,No,Senior Citizen Pension & Healthcare
69,Female,Uttar Pradesh,116200.0,Unemployed,OBC,Yes,No,No,Senior Citizen Pension & Healthcare
73,Female,Rajasthan,460500.0,Farmer,General,Yes,No,No,Senior Citizen Pension & Healthcare
29,Female,Karnataka,134800.0,Daily Wage Worker,SC,No,No,No,Women & Child Development
55,Male,Rajasthan,276900.0,Salaried,OBC,Yes,No,No,Rural & Urban Livelihood Support
18,Male,Kerala,509300.0,Student,General,No,Yes,Yes,Education & Scholarships
48,Male,Bihar,458600.0,Artisan,SC,Yes,No,No,Skill Development & Entrepreneurship
21,Male,Rajasthan,40600.0,Self-Employed,OBC,No,Yes,No,Education & Scholarships
66,Female,West Bengal,71500.0,Daily Wage Worker,OBC,No,No,No,Senior Citizen Pension & Healthcare
62,Female,Rajasthan,146600.0,Student,General,No,Yes,No,Education & Scholarships
67,Male,Rajasthan,131700.0,Salaried,General,Yes,No,No,Senior Citizen Pension & Healthcare
22,Female,Rajasthan,214300.0,Self-Employed,General,No,No,No,Women & Child Development
47,Male,Rajasthan,551100.0,Student,SC,Yes,Yes,No,Education & Scholarships
73,Female,Uttar Pradesh,51500.0,Student,OBC,No,Yes,No,Education & Scholarships
41,Female,Uttar Pradesh,138200.0,Unemployed,General,Yes,No,No,Women & Child Development
20,Female,Rajasthan,68500.0,Student,OBC,No,Yes,No,Education & Scholarships
28,Male,Maharashtra,434200.0,Student,SC,No,Yes,No,Education & Scholarships
62,Female,Maharashtra,631300.0,Self-Employed,ST,Yes,No,No,Senior Citizen Pension & Healthcare
21,Male,Uttar Pradesh,147300.0,Self-Employed,OBC,No,No,No,Skill Development & Entrepreneurship
43,Male,Karnataka,49800.0,Daily Wage Worker,OBC,Yes,No,No,Rural & Urban Livelihood Support
44,Male,Bihar,306900.0,Farmer,OBC,No,No,No,Agriculture & Farmer Welfare
63,Male,Gujarat,245000.0,Daily Wage Worker,OBC,No,No,No,Senior Citizen Pension & Healthcare
71,Female,West Bengal,108800.0,Salaried,OBC,Yes,No,No,Senior Citizen Pension & Healthcare
60,Male,West Bengal,423100.0,Farmer,General,Yes,No,No,Senior Citizen Pension & Healthcare
44,Female,Rajasthan,700100.0,Daily Wage Worker,EWS,No,No,No,Rural & Urban Livelihood Support
59,Female,Karnataka,176900.0,Salaried,General,Yes,No,No,Women & Child Development
68,Female,Maharashtra,180100.0,Daily Wage Worker,OBC,Yes,No,No,Senior Citizen Pension & Healthcare
67,Male,Maharashtra,93600.0,Daily Wage Worker,OBC,Yes,No,No,Senior Citizen Pension & Healthcare
23,Male,Karnataka,188100.0,Farmer,OBC,Yes,No,No,Agriculture & Farmer Welfare
32,Male,Bihar,134300.0,Self-Employed,OBC,Yes,No,No,Skill Development & Entrepreneurship
70,Male,Uttar Pradesh,94800.0,Self-Employed,SC,Yes,No,No,Senior Citizen Pension & Healthcare
47,Male,Bihar,42500.0,Daily Wage Worker,OBC,Yes,No,No,Rural & Urban Livelihood Support
59,Female,Kerala,82400.0,Salaried,EWS,Yes,No,No,Women & Child Development
54,Male,Kerala,69700.0,Student,General,Yes,Yes,No,Education & Scholarships
75,Female,Maharashtra,170600.0,Student,General,Yes,Yes,No,Education & Scholarships
54,Transgender,Gujarat,195700.0,Student,OBC,No,Yes,No,Education & Scholarships
59,Male,Kerala,198800.0,Daily Wage Worker,SC,No,No,No,Rural & Urban Livelihood Support
54,Male,Maharashtra,118400.0,Student,General,Yes,Yes,No,Education & Scholarships
52,Male,Rajasthan,128400.0,Self-Employed,OBC,No,No,No,Skill Development & Entrepreneurship
40,Female,Madhya Pradesh,353500.0,Farmer,OBC,No,No,No,Agriculture & Farmer Welfare
23,Male,Madhya Pradesh,146400.0,Artisan,ST,Yes,No,No,Skill Development & Entrepreneurship
21,Female,Tamil Nadu,822700.0,Farmer,OBC,Yes,No,No,Agriculture & Farmer Welfare
35,Male,Rajasthan,134200.0,Unemployed,General,Yes,No,No,Rural & Urban Livelihood Support
26,Male,Madhya Pradesh,218800.0,Self-Employed,OBC,No,No,No,Skill Development & Entrepreneurship
66,Male,Bihar,39300.0,Salaried,OBC,Yes,No,No,Senior Citizen Pension & Healthcare
46,Male,Tamil Nadu,220700.0,Self-Employed,OBC,No,No,No,Skill Development & Entrepreneurship
30,Female,Maharashtra,373200.0,Student,OBC,No,Yes,No,Education & Scholarships
64,Female,Karnataka,543900.0,Student,SC,Yes,Yes,No,Education & Scholarships
69,Male,Karnataka,1096000.0,Salaried,General,Yes,No,No,Senior Citizen Pension & Healthcare
34,Female,Maharashtra,89700.0,Daily Wage Worker,SC,Yes,No,No,Women & Child Development
62,Female,Gujarat,184200.0,Student,SC,Yes,Yes,No,Education & Scholarships
49,Male,Maharashtra,137800.0,Daily Wage Worker,OBC,Yes,No,No,Rural & Urban Livelihood Support
65,Male,Uttar Pradesh,179300.0,Artisan,General,No,No,No,Senior Citizen Pension & Healthcare
39,Male,Karnataka,60800.0,Farmer,SC,No,No,No,Agriculture & Farmer Welfare
21,Female,Madhya Pradesh,379000.0,Student,General,Yes,Yes,No,Education & Scholarships
22,Male,West Bengal,462600.0,Unemployed,General,Yes,Yes,No,Education & Scholarships
54,Female,Tamil Nadu,137500.0,Student,SC,Yes,Yes,No,Education & Scholarships
58,Male,Gujarat,89200.0,Farmer,OBC,Yes,No,No,Agriculture & Farmer Welfare
66,Female,Kerala,57300.0,Farmer,SC,No,No,No,Senior Citizen Pension & Healthcare
30,Male,Rajasthan,237200.0,Student,OBC,Yes,Yes,No,Education & Scholarships
51,Male,Gujarat,97400.0,Self-Employed,General,No,No,No,Skill Development & Entrepreneurship
62,Female,Kerala,462500.0,Student,OBC,No,Yes,No,Education & Scholarships
39,Male,Gujarat,230100.0,Farmer,SC,Yes,No,No,Agriculture & Farmer Welfare
70,Male,West Bengal,216800.0,Salaried,General,Yes,No,Yes,Social Welfare & Disability Support
40,Female,Gujarat,177500.0,Farmer,General,Yes,No,No,Agriculture & Farmer Welfare
68,Male,Madhya Pradesh,38400.0,Farmer,SC,Yes,No,Yes,Social Welfare & Disability Support
20,Female,Maharashtra,513700.0,Artisan,ST,Yes,No,No,Women & Child Development
59,Male,Uttar Pradesh,208000.0,Self-Employed,SC,No,No,No,Women & Child Development
51,Male,Tamil Nadu,952700.0,Unemployed,OBC,No,No,No,Rural & Urban Livelihood Support
49,Female,Karnataka,168700.0,Farmer,ST,No,No,Yes,Social Welfare & Disability Support
62,Male,Kerala,252900.0,Unemployed,General,No,No,No,Senior Citizen Pension & Healthcare
68,Female,Tamil Nadu,40400.0,Daily Wage Worker,General,No,No,No,Senior Citizen Pension & Healthcare
75,Female,Gujarat,209800.0,Daily Wage Worker,ST,Yes,No,No,Senior Citizen Pension & Healthcare
66,Male,Maharashtra,290400.0,Student,OBC,No,Yes,No,Education & Scholarships
38,Male,Tamil Nadu,301300.0,Student,OBC,No,Yes,No,Education & Scholarships
63,Female,Maharashtra,294600.0,Self-Employed,General,Yes,No,No,Senior Citizen Pension & Healthcare
61,Female,Kerala,76200.0,Unemployed,SC,No,No,No,Senior Citizen Pension & Healthcare
38,Female,Madhya Pradesh,696900.0,Self-Employed,General,No,No,No,Skill Development & Entrepreneurship
61,Transgender,Madhya Pradesh,990400.0,Farmer,General,Yes,No,No,Senior Citizen Pension & Healthcare
28,Female,Maharashtra,44100.0,Student,General,No,Yes,Yes,Social Welfare & Disability Support
56,Female,Maharashtra,526100.0,Daily Wage Worker,General,Yes,No,No,Women & Child Development
21,Female,Uttar Pradesh,91500.0,Daily Wage Worker,SC,Yes,No,No,Women & Child Development
68,Female,Rajasthan,240400.0,Student,OBC,Yes,Yes,No,Education & Scholarships
18,Female,Uttar Pradesh,104300.0,Student,SC,Yes,Yes,No,Education & Scholarships
45,Female,Tamil Nadu,648200.0,Artisan,SC,Yes,No,No,Women & Child Development
41,Female,Bihar,49300.0,Self-Employed,General,Yes,No,No,Women & Child Development
52,Female,Uttar Pradesh,154000.0,Daily Wage Worker,OBC,No,No,No,Women & Child Development
30,Male,Tamil Nadu,130600.0,Unemployed,OBC,Yes,No,No,Rural & Urban Livelihood Support
64,Female,Karnataka,101000.0,Self-Employed,SC,Yes,No,No,Senior Citizen Pension & Healthcare
51,Male,Tamil Nadu,216700.0,Student,OBC,Yes,Yes,No,Education & Scholarships
28,Male,Tamil Nadu,55300.0,Daily Wage Worker,OBC,Yes,No,No,Rural & Urban Livelihood Support
53,Male,Maharashtra,257000.0,Salaried,OBC,Yes,No,No,Rural & Urban Livelihood Support
68,Male,West Bengal,739600.0,Salaried,General,Yes,No,No,Senior Citizen Pension & Healthcare
34,Female,Gujarat,323800.0,Unemployed,SC,Yes,No,No,Women & Child Development
52,Female,Maharashtra,383900.0,Farmer,SC,Yes,No,No,Agriculture & Farmer Welfare
35,Female,Maharashtra,110200.0,Daily Wage Worker,General,Yes,No,No,Women & Child Development
57,Female,West Bengal,100700.0,Unemployed,SC,No,No,Yes,Social Welfare & Disability Support
39,Male,West Bengal,161000.0,Daily Wage Worker,SC,Yes,No,No,Rural & Urban Livelihood Support
74,Male,Gujarat,38400.0,Farmer,OBC,No,No,No,Senior Citizen Pension & Healthcare
41,Male,Bihar,553300.0,Salaried,OBC,Yes,No,No,Rural & Urban Livelihood Support
75,Female,Karnataka,57900.0,Artisan,ST,Yes,No,No,Senior Citizen Pension & Healthcare
36,Male,Uttar Pradesh,450000.0,Student,SC,Yes,Yes,No,Education & Scholarships
54,Female,Tamil Nadu,45700.0,Student,General,No,Yes,No,Education & Scholarships
56,Male,Uttar Pradesh,341300.0,Self-Employed,OBC,Yes,No,No,Skill Development & Entrepreneurship
38,Female,Madhya Pradesh,59700.0,Artisan,SC,No,No,No,Women & Child Development
25,Male,Kerala,37000.0,Student,General,Yes,Yes,No,Education & Scholarships
45,Female,Bihar,258800.0,Daily Wage Worker,ST,Yes,No,No,Women & Child Development
22,Male,Kerala,89200.0,Unemployed,EWS,No,No,No,Rural & Urban Livelihood Support
34,Male,Tamil Nadu,255600.0,Daily Wage Worker,EWS,Yes,No,No,Rural & Urban Livelihood Support
54,Male,West Bengal,175800.0,Farmer,ST,Yes,No,No,Agriculture & Farmer Welfare
53,Female,Tamil Nadu,50700.0,Daily Wage Worker,OBC,Yes,No,No,Women & Child Development
71,Male,Karnataka,514200.0,Student,ST,Yes,Yes,No,Education & Scholarships
36,Male,Uttar Pradesh,138400.0,Farmer,OBC,Yes,No,No,Agriculture & Farmer Welfare
44,Female,Gujarat,268700.0,Farmer,ST,Yes,No,No,Agriculture & Farmer Welfare
70,Female,Rajasthan,155100.0,Unemployed,OBC,Yes,No,No,Senior Citizen Pension & Healthcare
51,Female,Rajasthan,196900.0,Farmer,General,No,No,No,Agriculture & Farmer Welfare
28,Female,Gujarat,94900.0,Student,OBC,Yes,Yes,Yes,Social Welfare & Disability Support
71,Male,West Bengal,70200.0,Farmer,SC,No,No,No,Senior Citizen Pension & Healthcare
62,Male,Rajasthan,170800.0,Artisan,OBC,Yes,No,No,Senior Citizen Pension & Healthcare
64,Female,West Bengal,134400.0,Salaried,General,No,No,No,Senior Citizen Pension & Healthcare
29,Male,Maharashtra,119000.0,Salaried,SC,No,No,No,Rural & Urban Livelihood Support
71,Male,Karnataka,231000.0,Farmer,SC,Yes,No,No,Senior Citizen Pension & Healthcare
38,Female,Bihar,241100.0,Farmer,OBC,Yes,No,No,Agriculture & Farmer Welfare
71,Male,Uttar Pradesh,38500.0,Student,General,Yes,Yes,No,Education & Scholarships
28,Male,Uttar Pradesh,104500.0,Unemployed,OBC,Yes,No,No,Rural & Urban Livelihood Support
56,Male,Bihar,125500.0,Student,SC,Yes,Yes,No,Education & Scholarships
45,Female,Tamil Nadu,48300.0,Student,EWS,No,Yes,No,Education & Scholarships
22,Male,Tamil Nadu,78400.0,Self-Employed,General,Yes,No,No,Skill Development & Entrepreneurship
34,Female,Kerala,39500.0,Farmer,OBC,Yes,No,No,Agriculture & Farmer Welfare
73,Male,Tamil Nadu,1035100.0,Student,OBC,Yes,Yes,No,Education & Scholarships
37,Female,West Bengal,270100.0,Farmer,EWS,No,No,No,Education & Scholarships
58,Male,Gujarat,46500.0,Farmer,OBC,Yes,No,No,Agriculture & Farmer Welfare
63,Female,Maharashtra,33700.0,Self-Employed,General,Yes,No,No,Senior Citizen Pension & Healthcare
75,Female,Bihar,258700.0,Salaried,General,Yes,No,No,Senior Citizen Pension & Healthcare
29,Male,West Bengal,134100.0,Student,SC,Yes,Yes,No,Education & Scholarships
23,Female,West Bengal,308200.0,Farmer,ST,No,No,No,Agriculture & Farmer Welfare
34,Male,Kerala,492600.0,Salaried,OBC,No,No,No,Rural & Urban Livelihood Support
68,Male,West Bengal,194600.0,Unemployed,SC,No,No,No,Senior Citizen Pension & Healthcare
36,Male,Karnataka,67300.0,Farmer,General,Yes,No,No,Agriculture & Farmer Welfare
43,Female,Tamil Nadu,304300.0,Daily Wage Worker,OBC,No,No,No,Women & Child Development
65,Male,Uttar Pradesh,591500.0,Student,OBC,Yes,Yes,No,Education & Scholarships
61,Male,Karnataka,186200.0,Daily Wage Worker,General,Yes,No,No,Senior Citizen Pension & Healthcare
61,Male,Maharashtra,236200.0,Salaried,OBC,Yes,No,No,Senior Citizen Pension & Healthcare
69,Female,Maharashtra,104100.0,Self-Employed,SC,Yes,No,No,Senior Citizen Pension & Healthcare
49,Female,Maharashtra,116500.0,Artisan,OBC,Yes,No,No,Women & Child Development
23,Male,Tamil Nadu,268800.0,Farmer,OBC,Yes,No,No,Agriculture & Farmer Welfare
72,Female,West Bengal,503000.0,Self-Employed,OBC,Yes,No,No,Senior Citizen Pension & Healthcare
75,Female,Maharashtra,208500.0,Self-Employed,OBC,Yes,No,No,Senior Citizen Pension & Healthcare
53,Female,Bihar,310800.0,Self-Employed,General,No,No,No,Women & Child Development
55,Male,Uttar Pradesh,63900.0,Student,General,No,Yes,No,Education & Scholarships
28,Male,West Bengal,72900.0,Self-Employed,SC,Yes,No,No,Skill Development & Entrepreneurship
50,Male,Kerala,166700.0,Self-Employed,EWS,No,No,No,Skill Development & Entrepreneurship
41,Female,Tamil Nadu,65000.0,Farmer,SC,No,No,No,Agriculture & Farmer Welfare
40,Female,Gujarat,211400.0,Farmer,OBC,No,No,No,Agriculture & Farmer Welfare
32,Transgender,Karnataka,92100.0,Farmer,ST,Yes,No,No,Agriculture & Farmer Welfare
44,Transgender,Madhya Pradesh,312200.0,Daily Wage Worker,General,No,No,No,Rural & Urban Livelihood Support
28,Male,Karnataka,327200.0,Self-Employed,General,Yes,No,No,Skill Development & Entrepreneurship
74,Male,Maharashtra,142200.0,Unemployed,General,No,No,No,Senior Citizen Pension & Healthcare
68,Female,Uttar Pradesh,65900.0,Farmer,OBC,No,No,No,Senior Citizen Pension & Healthcare
67,Male,Kerala,217300.0,Salaried,ST,No,No,No,Senior Citizen Pension & Healthcare
34,Female,West Bengal,917700.0,Daily Wage Worker,OBC,Yes,No,No,Women & Child Development
68,Female,Bihar,205400.0,Farmer,General,No,No,No,Senior Citizen Pension & Healthcare
70,Male,Rajasthan,36600.0,Student,OBC,Yes,Yes,Yes,Social Welfare & Disability Support
31,Female,Karnataka,33100.0,Farmer,SC,Yes,No,No,Agriculture & Farmer Welfare
44,Female,Rajasthan,99500.0,Salaried,SC,Yes,No,No,Women & Child Development
35,Female,West Bengal,69200.0,Farmer,OBC,No,No,No,Women & Child Development
45,Female,Uttar Pradesh,331800.0,Farmer,SC,No,No,No,Agriculture & Farmer Welfare
68,Male,Rajasthan,365400.0,Farmer,SC,No,No,No,Senior Citizen Pension & Healthcare
64,Female,Karnataka,83900.0,Unemployed,General,Yes,No,No,Senior Citizen Pension & Healthcare
64,Female,Gujarat,100900.0,Farmer,General,Yes,No,No,Senior Citizen Pension & Healthcare
21,Female,Madhya Pradesh,78500.0,Farmer,General,Yes,No,No,Women & Child Development
24,Female,Rajasthan,460200.0,Artisan,OBC,Yes,No,No,Women & Child Development
62,Female,Gujarat,155700.0,Artisan,SC,Yes,No,No,Senior Citizen Pension & Healthcare
52,Male,Gujarat,222200.0,Artisan,General,Yes,No,No,Skill Development & Entrepreneurship
65,Female,Maharashtra,126700.0,Self-Employed,General,Yes,No,No,Senior Citizen Pension & Healthcare
26,Male,Madhya Pradesh,209500.0,Unemployed,ST,No,No,No,Rural & Urban Livelihood Support
25,Transgender,Bihar,117800.0,Unemployed,OBC,Yes,No,No,Rural & Urban Livelihood Support
69,Male,Karnataka,104700.0,Unemployed,OBC,No,No,No,Senior Citizen Pension & Healthcare
62,Female,Kerala,211200.0,Student,OBC,Yes,Yes,No,Education & Scholarships
34,Female,West Bengal,191000.0,Unemployed,OBC,Yes,No,No,Women & Child Development
34,Male,Kerala,92500.0,Student,OBC,Yes,Yes,No,Education & Scholarships
66,Male,Rajasthan,59100.0,Student,EWS,Yes,Yes,No,Education & Scholarships
50,Male,Madhya Pradesh,112800.0,Salaried,OBC,Yes,No,No,Rural & Urban Livelihood Support
49,Male,Rajasthan,126600.0,Unemployed,SC,Yes,No,No,Rural & Urban Livelihood Support
25,Male,Madhya Pradesh,208300.0,Self-Employed,OBC,No,No,No,Skill Development & Entrepreneurship
36,Male,Karnataka,472700.0,Unemployed,General,No,No,No,Rural & Urban Livelihood Support
55,Male,West Bengal,36600.0,Salaried,EWS,Yes,No,No,Rural & Urban Livelihood Support
20,Female,West Bengal,80300.0,Self-Employed,OBC,Yes,No,No,Women & Child Development
22,Male,Karnataka,68800.0,Self-Employed,ST,No,No,No,Skill Development & Entrepreneurship
30,Male,Bihar,155600.0,Daily Wage Worker,EWS,No,No,No,Rural & Urban Livelihood Support
64,Female,Gujarat,131100.0,Farmer,General,No,No,No,Senior Citizen Pension & Healthcare
63,Male,Madhya Pradesh,265000.0,Student,OBC,No,Yes,No,Education & Scholarships
48,Male,Tamil Nadu,80000.0,Daily Wage Worker,SC,Yes,No,No,Rural & Urban Livelihood Support
72,Male,Tamil Nadu,192500.0,Farmer,ST,Yes,No,No,Senior Citizen Pension & Healthcare
33,Male,Gujarat,417500.0,Student,OBC,Yes,Yes,No,Education & Scholarships
67,Female,Rajasthan,464800.0,Farmer,General,Yes,No,No,Senior Citizen Pension & Healthcare
49,Male,Madhya Pradesh,604000.0,Farmer,OBC,Yes,No,No,Agriculture & Farmer Welfare
39,Male,Uttar Pradesh,297100.0,Salaried,OBC,Yes,No,No,Rural & Urban Livelihood Support
46,Male,West Bengal,455600.0,Daily Wage Worker,ST,No,No,No,Rural & Urban Livelihood Support
39,Female,Kerala,78100.0,Self-Employed,General,Yes,No,No,Women & Child Development
60,Female,Uttar Pradesh,69600.0,Salaried,OBC,Yes,No,No,Senior Citizen Pension & Healthcare
20,Male,Kerala,31200.0,Salaried,General,Yes,Yes,No,Education & Scholarships
71,Female,West Bengal,250900.0,Self-Employed,OBC,Yes,No,No,Senior Citizen Pension & Healthcare
27,Female,Tamil Nadu,529000.0,Salaried,OBC,Yes,No,No,Women & Child Development
59,Male,Karnataka,67300.0,Artisan,General,No,No,No,Skill Development & Entrepreneurship
38,Female,Bihar,212400.0,Farmer,General,No,No,No,Agriculture & Farmer Welfare
33,Female,Maharashtra,277000.0,Farmer,OBC,Yes,No,No,Agriculture & Farmer Welfare
29,Female,Rajasthan,502600.0,Daily Wage Worker,OBC,Yes,No,No,Women & Child Development
19,Female,Gujarat,217400.0,Self-Employed,General,No,Yes,No,Education & Scholarships
58,Male,Tamil Nadu,663000.0,Self-Employed,SC,Yes,No,No,Skill Development & Entrepreneurship
41,Female,Karnataka,106100.0,Daily Wage Worker,ST,Yes,No,No,Women & Child Development
52,Female,Karnataka,107500.0,Student,OBC,Yes,Yes,No,Education & Scholarships
73,Male,Kerala,171000.0,Student,General,No,Yes,No,Education & Scholarships
47,Male,Karnataka,117100.0,Self-Employed,ST,Yes,No,No,Skill Development & Entrepreneurship
74,Male,Madhya Pradesh,30300.0,Farmer,General,No,No,No,Senior Citizen Pension & Healthcare
47,Female,Rajasthan,266900.0,Self-Employed,ST,Yes,No,No,Women & Child Development
64,Female,Maharashtra,280800.0,Self-Employed,ST,Yes,No,No,Senior Citizen Pension & Healthcare
52,Male,Tamil Nadu,277400.0,Self-Employed,OBC,No,No,No,Agriculture & Farmer Welfare
36,Female,Madhya Pradesh,106200.0,Farmer,OBC,Yes,No,Yes,Social Welfare & Disability Support
67,Male,Tamil Nadu,163000.0,Self-Employed,OBC,Yes,No,Yes,Social Welfare & Disability Support
25,Female,Bihar,110300.0,Unemployed,OBC,Yes,No,No,Women & Child Development
43,Female,Maharashtra,32900.0,Salaried,ST,Yes,No,No,Women & Child Development
66,Male,Karnataka,178800.0,Unemployed,ST,Yes,No,No,Senior Citizen Pension & Healthcare
57,Male,Bihar,53800.0,Self-Employed,OBC,No,No,No,Skill Development & Entrepreneurship
24,Male,Kerala,45000.0,Farmer,General,No,No,No,Agriculture & Farmer Welfare
47,Female,Bihar,283500.0,Daily Wage Worker,General,No,No,No,Women & Child Development
24,Female,Uttar Pradesh,31700.0,Salaried,General,No,No,No,Women & Child Development
20,Male,Kerala,605000.0,Farmer,General,No,No,No,Agriculture & Farmer Welfare
18,Male,Maharashtra,160300.0,Farmer,EWS,No,No,No,Agriculture & Farmer Welfare
53,Female,Rajasthan,763600.0,Student,OBC,No,Yes,No,Education & Scholarships
42,Female,Uttar Pradesh,40800.0,Daily Wage Worker,OBC,Yes,No,No,Women & Child Development
54,Female,Tamil Nadu,187700.0,Artisan,OBC,Yes,No,No,Women & Child Development
18,Transgender,Gujarat,107400.0,Student,OBC,No,Yes,No,Education & Scholarships
32,Male,Gujarat,363800.0,Unemployed,OBC,Yes,No,No,Rural & Urban Livelihood Support
54,Male,Uttar Pradesh,110700.0,Self-Employed,General,No,No,No,Skill Development & Entrepreneurship
30,Female,Rajasthan,84300.0,Farmer,General,Yes,No,No,Agriculture & Farmer Welfare
57,Male,Madhya Pradesh,380800.0,Farmer,SC,Yes,No,No,Senior Citizen Pension & Healthcare
25,Female,Gujarat,114500.0,Farmer,General,No,No,No,Agriculture & Farmer Welfare
22,Male,Uttar Pradesh,33100.0,Artisan,OBC,Yes,No,Yes,Social Welfare & Disability Support
26,Male,Maharashtra,119100.0,Farmer,SC,No,No,No,Agriculture & Farmer Welfare
18,Female,West Bengal,221300.0,Self-Employed,ST,No,No,Yes,Social Welfare & Disability Support
53,Female,Rajasthan,82800.0,Daily Wage Worker,OBC,No,No,No,Women & Child Development
52,Female,Rajasthan,131800.0,Daily Wage Worker,OBC,Yes,No,No,Women & Child Development
19,Female,Madhya Pradesh,40500.0,Farmer,SC,Yes,Yes,No,Education & Scholarships
57,Male,Kerala,189700.0,Self-Employed,OBC,Yes,No,No,Skill Development & Entrepreneurship
40,Male,Karnataka,284100.0,Unemployed,OBC,No,No,No,Rural & Urban Livelihood Support
26,Male,Gujarat,126000.0,Student,General,Yes,Yes,No,Education & Scholarships
51,Male,Karnataka,128100.0,Student,OBC,Yes,Yes,No,Education & Scholarships
63,Male,Karnataka,46600.0,Self-Employed,OBC,Yes,No,No,Senior Citizen Pension & Healthcare
31,Female,Maharashtra,70600.0,Self-Employed,General,Yes,No,No,Women & Child Development
21,Female,Tamil Nadu,60200.0,Farmer,SC,No,No,No,Agriculture & Farmer Welfare
47,Transgender,Karnataka,148300.0,Daily Wage Worker,ST,Yes,No,No,Rural & Urban Livelihood Support
48,Female,Rajasthan,165600.0,Self-Employed,EWS,Yes,No,No,Women & Child Development
55,Male,Madhya Pradesh,565500.0,Salaried,OBC,No,No,No,Rural & Urban Livelihood Support
28,Female,Madhya Pradesh,43700.0,Student,OBC,No,Yes,No,Education & Scholarships
52,Male,West Bengal,194900.0,Daily Wage Worker,SC,No,No,No,Rural & Urban Livelihood Support
25,Male,Tamil Nadu,164600.0,Student,General,No,Yes,No,Education & Scholarships
20,Female,Kerala,160700.0,Self-Employed,OBC,Yes,No,No,Women & Child Development
31,Female,Rajasthan,401700.0,Self-Employed,OBC,Yes,No,No,Women & Child Development
30,Male,Rajasthan,71400.0,Farmer,OBC,No,No,No,Agriculture & Farmer Welfare
62,Female,West Bengal,37500.0,Unemployed,General,No,No,No,Senior Citizen Pension & Healthcare
49,Female,Bihar,230800.0,Student,OBC,Yes,Yes,No,Education & Scholarships
51,Male,West Bengal,106200.0,Self-Employed,EWS,No,No,No,Skill Development & Entrepreneurship
62,Female,Karnataka,33200.0,Farmer,OBC,No,No,No,Senior Citizen Pension & Healthcare
36,Male,Uttar Pradesh,82100.0,Daily Wage Worker,EWS,Yes,No,Yes,Social Welfare & Disability Support
55,Male,Madhya Pradesh,96600.0,Student,ST,Yes,Yes,No,Education & Scholarships
33,Female,West Bengal,202700.0,Unemployed,General,No,No,No,Women & Child Development
19,Male,Karnataka,64100.0,Unemployed,SC,No,No,Yes,Social Welfare & Disability Support
57,Male,Gujarat,125900.0,Unemployed,SC,No,No,No,Rural & Urban Livelihood Support
34,Female,Tamil Nadu,148600.0,Student,OBC,No,Yes,No,Education & Scholarships
72,Female,Rajasthan,140700.0,Self-Employed,OBC,Yes,No,No,Senior Citizen Pension & Healthcare
51,Female,Bihar,686500.0,Student,General,Yes,Yes,No,Education & Scholarships
59,Female,Tamil Nadu,38400.0,Unemployed,General,Yes,No,No,Women & Child Development
33,Female,Karnataka,572800.0,Daily Wage Worker,General,No,No,No,Rural & Urban Livelihood Support
55,Female,Kerala,187000.0,Self-Employed,General,Yes,No,No,Women & Child Development
19,Female,Gujarat,315900.0,Daily Wage Worker,General,Yes,No,No,Women & Child Development
19,Male,Karnataka,131300.0,Student,General,No,Yes,No,Education & Scholarships
43,Male,Uttar Pradesh,138900.0,Self-Employed,General,Yes,No,No,Skill Development & Entrepreneurship
30,Male,Maharashtra,410600.0,Farmer,General,No,No,No,Agriculture & Farmer Welfare
73,Male,Karnataka,437300.0,Salaried,ST,Yes,No,No,Senior Citizen Pension & Healthcare
64,Male,West Bengal,79100.0,Unemployed,General,Yes,No,No,Senior Citizen Pension & Healthcare
48,Male,Karnataka,70000.0,Daily Wage Worker,SC,Yes,No,No,Rural & Urban Livelihood Support
51,Male,West Bengal,153400.0,Salaried,General,No,No,No,Rural & Urban Livelihood Support
56,Female,Kerala,445000.0,Farmer,General,Yes,No,Yes,Social Welfare & Disability Support
20,Male,Rajasthan,100000.0,Salaried,General,No,No,No,Rural & Urban Livelihood Support
25,Female,Madhya Pradesh,220000.0,Farmer,OBC,Yes,No,No,Agriculture & Farmer Welfare
40,Female,Maharashtra,251700.0,Daily Wage Worker,EWS,Yes,No,No,Women & Child Development
31,Male,Kerala,301500.0,Daily Wage Worker,OBC,Yes,No,No,Rural & Urban Livelihood Support
73,Female,West Bengal,179400.0,Student,General,No,Yes,No,Education & Scholarships
72,Female,Madhya Pradesh,122700.0,Farmer,OBC,Yes,No,No,Senior Citizen Pension & Healthcare
44,Male,Uttar Pradesh,644100.0,Student,OBC,Yes,Yes,No,Education & Scholarships
71,Male,Tamil Nadu,200100.0,Salaried,SC,No,No,No,Senior Citizen Pension & Healthcare
46,Male,Maharashtra,264700.0,Student,General,Yes,Yes,No,Education & Scholarships
56,Male,Bihar,106200.0,Self-Employed,SC,Yes,No,No,Skill Development & Entrepreneurship
70,Female,Kerala,229500.0,Unemployed,OBC,Yes,No,Yes,Social Welfare & Disability Support
56,Female,Tamil Nadu,83700.0,Farmer,OBC,No,No,No,Agriculture & Farmer Welfare
18,Male,Tamil Nadu,80600.0,Artisan,OBC,Yes,Yes,No,Education & Scholarships
34,Female,Karnataka,255800.0,Self-Employed,General,No,No,No,Women & Child Development
58,Male,Karnataka,162600.0,Student,SC,Yes,Yes,No,Education & Scholarships
47,Female,Bihar,237000.0,Daily Wage Worker,General,Yes,No,No,Women & Child Development
70,Female,Bihar,86500.0,Farmer,OBC,No,No,Yes,Social Welfare & Disability Support
30,Male,West Bengal,194400.0,Farmer,EWS,Yes,No,No,Agriculture & Farmer Welfare
38,Male,Bihar,135600.0,Self-Employed,OBC,No,No,No,Skill Development & Entrepreneurship
36,Male,Tamil Nadu,193600.0,Artisan,General,Yes,No,No,Skill Development & Entrepreneurship
70,Male,West Bengal,91900.0,Salaried,General,Yes,No,No,Senior Citizen Pension & Healthcare
36,Female,Madhya Pradesh,256200.0,Salaried,OBC,Yes,No,No,Women & Child Development
74,Female,Rajasthan,325100.0,Artisan,OBC,Yes,No,No,Senior Citizen Pension & Healthcare
42,Female,Rajasthan,84200.0,Farmer,OBC,Yes,No,No,Agriculture & Farmer Welfare
39,Female,Rajasthan,94400.0,Farmer,ST,Yes,No,No,Agriculture & Farmer Welfare
48,Female,Maharashtra,224800.0,Farmer,General,Yes,No,No,Agriculture & Farmer Welfare
34,Male,Maharashtra,244100.0,Self-Employed,SC,Yes,No,No,Skill Development & Entrepreneurship
72,Female,Bihar,249200.0,Unemployed,General,Yes,No,Yes,Social Welfare & Disability Support
40,Male,Rajasthan,236600.0,Farmer,General,Yes,No,No,Agriculture & Farmer Welfare
49,Male,Uttar Pradesh,119800.0,Farmer,SC,Yes,No,No,Agriculture & Farmer Welfare
27,Female,Karnataka,120400.0,Artisan,ST,Yes,No,No,Women & Child Development
27,Female,Uttar Pradesh,82900.0,Student,OBC,Yes,Yes,No,Education & Scholarships
53,Female,Rajasthan,60700.0,Daily Wage Worker,OBC,No,No,No,Women & Child Development
25,Male,Rajasthan,242300.0,Self-Employed,SC,No,No,No,Skill Development & Entrepreneurship
71,Female,Karnataka,47600.0,Artisan,EWS,Yes,No,No,Senior Citizen Pension & Healthcare
69,Female,Rajasthan,529900.0,Farmer,EWS,Yes,No,No,Senior Citizen Pension & Healthcare
37,Male,Kerala,345500.0,Salaried,General,Yes,No,No,Rural & Urban Livelihood Support
49,Female,Tamil Nadu,380700.0,Student,OBC,No,Yes,No,Education & Scholarships
67,Male,West Bengal,456900.0,Unemployed,OBC,Yes,No,No,Senior Citizen Pension & Healthcare
31,Male,Karnataka,124500.0,Farmer,EWS,Yes,No,No,Agriculture & Farmer Welfare
67,Male,Rajasthan,367600.0,Salaried,General,Yes,No,No,Senior Citizen Pension & Healthcare
45,Female,Maharashtra,61000.0,Daily Wage Worker,OBC,No,No,No,Women & Child Development
63,Male,Maharashtra,33900.0,Student,ST,No,Yes,No,Education & Scholarships
69,Male,Tamil Nadu,306600.0,Unemployed,OBC,Yes,No,No,Senior Citizen Pension & Healthcare
70,Female,Maharashtra,44000.0,Daily Wage Worker,SC,Yes,No,No,Senior Citizen Pension & Healthcare
41,Female,West Bengal,834200.0,Student,General,No,Yes,No,Education & Scholarships
32,Female,Gujarat,232200.0,Student,OBC,Yes,Yes,No,Education & Scholarships
39,Male,Gujarat,282000.0,Self-Employed,OBC,Yes,No,No,Skill Development & Entrepreneurship
47,Male,Gujarat,80800.0,Daily Wage Worker,OBC,No,No,No,Rural & Urban Livelihood Support
21,Male,Tamil Nadu,231700.0,Daily Wage Worker,General,Yes,No,No,Rural & Urban Livelihood Support
30,Male,Tamil Nadu,38000.0,Daily Wage Worker,General,Yes,No,No,Rural & Urban Livelihood Support
40,Female,West Bengal,357400.0,Self-Employed,OBC,Yes,No,No,Women & Child Development
25,Female,Karnataka,63500.0,Daily Wage Worker,EWS,No,No,No,Women & Child Development
35,Male,Bihar,245100.0,Self-Employed,OBC,Yes,No,No,Skill Development & Entrepreneurship
29,Male,Gujarat,75800.0,Farmer,OBC,No,No,Yes,Social Welfare & Disability Support
72,Female,Maharashtra,42800.0,Salaried,OBC,Yes,No,No,Senior Citizen Pension & Healthcare
48,Male,Uttar Pradesh,148200.0,Student,OBC,No,Yes,No,Education & Scholarships
31,Male,Bihar,63400.0,Farmer,EWS,No,No,No,Agriculture & Farmer Welfare
51,Male,West Bengal,265300.0,Daily Wage Worker,OBC,Yes,No,No,Rural & Urban Livelihood Support
35,Male,Karnataka,78800.0,Artisan,General,Yes,No,No,Skill Development & Entrepreneurship
73,Male,Maharashtra,105500.0,Student,ST,Yes,Yes,No,Education & Scholarships
51,Female,Rajasthan,180800.0,Student,General,No,Yes,No,Education & Scholarships
28,Male,Karnataka,90400.0,Self-Employed,OBC,Yes,No,No,Skill Development & Entrepreneurship
58,Female,Gujarat,115500.0,Salaried,ST,No,No,No,Women & Child Development
29,Male,Gujarat,334300.0,Self-Employed,SC,Yes,No,No,Skill Development & Entrepreneurship
66,Female,Rajasthan,65500.0,Self-Employed,OBC,Yes,No,Yes,Social Welfare & Disability Support
32,Male,West Bengal,45400.0,Farmer,General,No,No,No,Agriculture & Farmer Welfare
74,Male,Madhya Pradesh,101600.0,Farmer,ST,Yes,No,No,Senior Citizen Pension & Healthcare
48,Female,Karnataka,129400.0,Student,General,Yes,Yes,No,Education & Scholarships
66,Female,Rajasthan,170800.0,Farmer,SC,No,No,No,Senior Citizen Pension & Healthcare
75,Transgender,West Bengal,113900.0,Artisan,EWS,No,No,No,Senior Citizen Pension & Healthcare
46,Male,West Bengal,310800.0,Farmer,SC,No,No,No,Agriculture & Farmer Welfare
43,Female,Tamil Nadu,37200.0,Student,OBC,No,Yes,No,Education & Scholarships
35,Transgender,Karnataka,131700.0,Daily Wage Worker,OBC,No,No,No,Rural & Urban Livelihood Support
49,Male,Maharashtra,116700.0,Salaried,General,Yes,No,No,Rural & Urban Livelihood Support
39,Male,Madhya Pradesh,217700.0,Salaried,OBC,Yes,No,No,Rural & Urban Livelihood Support
55,Female,Kerala,640100.0,Self-Employed,EWS,Yes,No,No,Women & Child Development
34,Male,Uttar Pradesh,158500.0,Student,General,Yes,Yes,No,Education & Scholarships
40,Male,Karnataka,810000.0,Daily Wage Worker,General,No,No,No,Rural & Urban Livelihood Support
41,Male,Bihar,94800.0,Student,SC,Yes,Yes,No,Education & Scholarships
67,Male,West Bengal,35600.0,Daily Wage Worker,General,Yes,No,Yes,Social Welfare & Disability Support
25,Male,Tamil Nadu,62600.0,Daily Wage Worker,General,No,No,No,Rural & Urban Livelihood Support
58,Male,Rajasthan,120500.0,Daily Wage Worker,OBC,Yes,No,No,Rural & Urban Livelihood Support
23,Female,Gujarat,98500.0,Salaried,General,Yes,No,No,Women & Child Development
22,Female,Rajasthan,48400.0,Daily Wage Worker,ST,Yes,No,No,Women & Child Development
61,Female,Rajasthan,132000.0,Daily Wage Worker,SC,No,No,No,Senior Citizen Pension & Healthcare
74,Female,Madhya Pradesh,104300.0,Farmer,General,Yes,No,No,Senior Citizen Pension & Healthcare
46,Male,Karnataka,53500.0,Salaried,OBC,Yes,No,No,Rural & Urban Livelihood Support
45,Male,Rajasthan,93200.0,Student,SC,Yes,Yes,No,Education & Scholarships
28,Male,Madhya Pradesh,421600.0,Salaried,EWS,Yes,No,No,Rural & Urban Livelihood Support
74,Female,Kerala,94700.0,Farmer,General,Yes,No,No,Senior Citizen Pension & Healthcare
18,Male,Maharashtra,255300.0,Student,SC,No,Yes,No,Education & Scholarships
60,Female,Kerala,200400.0,Unemployed,General,Yes,No,No,Senior Citizen Pension & Healthcare
36,Female,Karnataka,130300.0,Student,General,Yes,Yes,No,Education & Scholarships
26,Female,Gujarat,79200.0,Unemployed,SC,No,No,No,Women & Child Development
44,Male,Kerala,112900.0,Farmer,OBC,No,No,No,Agriculture & Farmer Welfare
51,Female,Madhya Pradesh,191400.0,Salaried,General,Yes,No,No,Women & Child Development
61,Male,Madhya Pradesh,107700.0,Daily Wage Worker,OBC,Yes,No,No,Senior Citizen Pension & Healthcare
21,Female,Uttar Pradesh,73500.0,Daily Wage Worker,OBC,No,No,No,Women & Child Development
53,Male,West Bengal,52300.0,Farmer,General,Yes,No,No,Agriculture & Farmer Welfare
35,Male,Bihar,411300.0,Student,OBC,Yes,Yes,No,Education & Scholarships
32,Male,Bihar,134500.0,Unemployed,General,Yes,No,No,Rural & Urban Livelihood Support
68,Male,Karnataka,206600.0,Student,OBC,Yes,Yes,No,Education & Scholarships
30,Male,West Bengal,151300.0,Farmer,SC,No,No,No,Agriculture & Farmer Welfare
36,Male,Uttar Pradesh,400800.0,Self-Employed,OBC,Yes,No,No,Skill Development & Entrepreneurship
66,Male,Tamil Nadu,172500.0,Artisan,SC,Yes,No,No,Senior Citizen Pension & Healthcare
23,Female,Rajasthan,148000.0,Farmer,General,No,No,No,Agriculture & Farmer Welfare
65,Female,Kerala,495300.0,Student,EWS,Yes,Yes,No,Education & Scholarships
73,Female,West Bengal,258900.0,Student,ST,Yes,Yes,No,Education & Scholarships
29,Male,Rajasthan,51300.0,Unemployed,OBC,Yes,No,No,Rural & Urban Livelihood Support
68,Male,Tamil Nadu,65200.0,Student,OBC,No,Yes,No,Education & Scholarships
54,Male,Gujarat,308500.0,Salaried,General,Yes,No,No,Rural & Urban Livelihood Support
34,Male,Uttar Pradesh,355300.0,Farmer,General,No,No,No,Agriculture & Farmer Welfare
75,Female,Rajasthan,171800.0,Student,OBC,Yes,Yes,Yes,Social Welfare & Disability Support
40,Male,Uttar Pradesh,175500.0,Self-Employed,OBC,No,No,No,Skill Development & Entrepreneurship
43,Male,Uttar Pradesh,209900.0,Student,General,No,Yes,No,Education & Scholarships
46,Female,West Bengal,134100.0,Self-Employed,ST,No,No,No,Women & Child Development
50,Male,Madhya Pradesh,235200.0,Unemployed,ST,Yes,No,No,Rural & Urban Livelihood Support
44,Female,Maharashtra,50700.0,Student,OBC,Yes,Yes,No,Education & Scholarships
42,Male,Karnataka,615200.0,Unemployed,General,Yes,No,No,Rural & Urban Livelihood Support
73,Female,Bihar,279600.0,Farmer,OBC,Yes,No,No,Senior Citizen Pension & Healthcare
72,Male,Uttar Pradesh,209500.0,Student,General,Yes,Yes,No,Education & Scholarships
27,Male,West Bengal,98400.0,Student,SC,Yes,Yes,No,Education & Scholarships
64,Female,West Bengal,61600.0,Salaried,SC,No,No,No,Senior Citizen Pension & Healthcare
40,Female,Rajasthan,124800.0,Student,General,No,Yes,No,Education & Scholarships
38,Male,Rajasthan,225000.0,Unemployed,OBC,Yes,No,No,Rural & Urban Livelihood Support
38,Male,Kerala,210800.0,Self-Employed,General,Yes,No,No,Skill Development & Entrepreneurship
60,Male,Uttar Pradesh,116800.0,Student,ST,No,Yes,No,Education & Scholarships
30,Female,Maharashtra,201000.0,Artisan,OBC,Yes,No,No,Women & Child Development
54,Female,Karnataka,332500.0,Unemployed,OBC,Yes,No,No,Women & Child Development
50,Male,Karnataka,34800.0,Daily Wage Worker,SC,Yes,No,No,Rural & Urban Livelihood Support
41,Male,Gujarat,137800.0,Artisan,SC,Yes,No,No,Skill Development & Entrepreneurship
61,Male,Gujarat,285800.0,Unemployed,ST,Yes,No,No,Senior Citizen Pension & Healthcare
28,Female,Kerala,172200.0,Student,General,No,Yes,No,Education & Scholarships
34,Male,Bihar,219700.0,Salaried,General,Yes,No,No,Rural & Urban Livelihood Support
21,Male,Gujarat,160900.0,Unemployed,General,Yes,No,No,Rural & Urban Livelihood Support
64,Male,Tamil Nadu,896300.0,Daily Wage Worker,ST,Yes,No,No,Senior Citizen Pension & Healthcare
42,Male,Kerala,40100.0,Unemployed,SC,No,No,No,Rural & Urban Livelihood Support
47,Male,Karnataka,151600.0,Self-Employed,SC,No,No,No,Skill Development & Entrepreneurship
26,Male,Karnataka,47300.0,Daily Wage Worker,OBC,Yes,No,No,Rural & Urban Livelihood Support
38,Female,Maharashtra,61300.0,Self-Employed,SC,No,No,No,Women & Child Development
37,Male,West Bengal,116900.0,Farmer,General,Yes,No,Yes,Social Welfare & Disability Support
36,Female,Tamil Nadu,60400.0,Self-Employed,OBC,Yes,No,No,Women & Child Development
36,Female,Bihar,626800.0,Farmer,OBC,No,No,No,Agriculture & Farmer Welfare
29,Female,Rajasthan,558000.0,Artisan,SC,Yes,No,No,Women & Child Development
54,Male,Kerala,103700.0,Farmer,OBC,Yes,No,No,Agriculture & Farmer Welfare
59,Female,Gujarat,213800.0,Student,ST,No,Yes,No,Education & Scholarships
34,Female,Madhya Pradesh,167300.0,Farmer,SC,Yes,No,No,Agriculture & Farmer Welfare
54,Male,Maharashtra,334300.0,Unemployed,OBC,Yes,No,No,Rural & Urban Livelihood Support
71,Female,Karnataka,207700.0,Farmer,SC,Yes,No,No,Senior Citizen Pension & Healthcare
65,Female,Madhya Pradesh,30000.0,Daily Wage Worker,OBC,Yes,No,No,Senior Citizen Pension & Healthcare
56,Male,Kerala,289300.0,Student,General,Yes,Yes,No,Education & Scholarships
45,Male,Uttar Pradesh,277300.0,Artisan,General,Yes,No,No,Skill Development & Entrepreneurship
58,Female,Bihar,158300.0,Student,ST,No,Yes,No,Education & Scholarships
52,Male,Uttar Pradesh,449800.0,Student,General,No,Yes,No,Education & Scholarships
64,Male,Kerala,460300.0,Self-Employed,SC,Yes,No,No,Senior Citizen Pension & Healthcare
65,Female,Uttar Pradesh,163600.0,Self-Employed,SC,Yes,No,No,Senior Citizen Pension & Healthcare
35,Male,Bihar,198600.0,Farmer,General,No,No,No,Agriculture & Farmer Welfare
31,Male,West Bengal,1049000.0,Artisan,General,No,No,No,Skill Development & Entrepreneurship
52,Female,Kerala,93900.0,Unemployed,SC,Yes,No,No,Women & Child Development
61,Female,Madhya Pradesh,100600.0,Student,OBC,No,Yes,No,Education & Scholarships
58,Male,Uttar Pradesh,66300.0,Student,ST,Yes,Yes,No,Education & Scholarships
24,Male,Bihar,437200.0,Self-Employed,SC,No,No,No,Skill Development & Entrepreneurship
58,Female,Gujarat,275600.0,Student,OBC,Yes,Yes,No,Education & Scholarships
30,Male,Rajasthan,50100.0,Salaried,EWS,No,No,No,Rural & Urban Livelihood Support
35,Male,Bihar,750800.0,Self-Employed,OBC,Yes,No,No,Skill Development & Entrepreneurship
54,Male,Maharashtra,266300.0,Artisan,ST,No,No,No,Skill Development & Entrepreneurship
30,Male,Rajasthan,372100.0,Artisan,OBC,Yes,No,No,Skill Development & Entrepreneurship
53,Female,Gujarat,38900.0,Self-Employed,SC,Yes,No,No,Women & Child Development
48,Male,Tamil Nadu,156600.0,Student,General,No,Yes,No,Education & Scholarships
19,Male,Madhya Pradesh,245900.0,Salaried,SC,No,No,No,Rural & Urban Livelihood Support
33,Female,Karnataka,170900.0,Self-Employed,OBC,Yes,No,No,Women & Child Development
26,Male,Gujarat,227700.0,Farmer,OBC,Yes,No,No,Agriculture & Farmer Welfare
26,Male,West Bengal,336600.0,Self-Employed,OBC,No,No,No,Skill Development & Entrepreneurship
55,Female,Rajasthan,114400.0,Student,ST,No,Yes,Yes,Social Welfare & Disability Support
28,Male,West Bengal,369900.0,Student,OBC,Yes,Yes,No,Education & Scholarships
71,Female,Rajasthan,62000.0,Self-Employed,SC,Yes,No,No,Senior Citizen Pension & Healthcare
73,Female,Maharashtra,86900.0,Self-Employed,SC,No,No,No,Senior Citizen Pension & Healthcare
39,Female,Tamil Nadu,38000.0,Self-Employed,ST,No,No,No,Women & Child Development
50,Female,Karnataka,111600.0,Farmer,OBC,No,No,No,Agriculture & Farmer Welfare
53,Male,Maharashtra,116000.0,Self-Employed,ST,No,No,No,Skill Development & Entrepreneurship
62,Female,Gujarat,324500.0,Student,OBC,No,Yes,No,Education & Scholarships
40,Male,West Bengal,220600.0,Self-Employed,SC,No,No,No,Skill Development & Entrepreneurship
62,Female,Rajasthan,133300.0,Self-Employed,SC,No,No,No,Senior Citizen Pension & Healthcare
62,Male,Gujarat,220100.0,Self-Employed,OBC,No,No,No,Senior Citizen Pension & Healthcare
51,Male,Bihar,39800.0,Salaried,OBC,No,No,No,Rural & Urban Livelihood Support
26,Male,Tamil Nadu,65800.0,Unemployed,General,Yes,No,Yes,Social Welfare & Disability Support
41,Female,Madhya Pradesh,207500.0,Salaried,General,Yes,No,No,Women & Child Development
25,Female,Bihar,214600.0,Salaried,ST,Yes,No,No,Women & Child Development
24,Female,West Bengal,297800.0,Daily Wage Worker,OBC,No,No,No,Women & Child Development
53,Male,Tamil Nadu,122900.0,Salaried,ST,Yes,No,No,Rural & Urban Livelihood Support
35,Female,Tamil Nadu,260800.0,Unemployed,General,Yes,No,No,Women & Child Development
20,Male,Gujarat,237400.0,Daily Wage Worker,EWS,Yes,No,No,Rural & Urban Livelihood Support
45,Male,Bihar,625400.0,Student,SC,No,Yes,No,Education & Scholarships
23,Female,Gujarat,73600.0,Student,SC,No,Yes,No,Education & Scholarships
61,Male,Gujarat,174400.0,Unemployed,OBC,No,No,No,Senior Citizen Pension & Healthcare
61,Male,Gujarat,195700.0,Artisan,General,Yes,No,No,Senior Citizen Pension & Healthcare
38,Male,West Bengal,1219100.0,Unemployed,OBC,Yes,No,No,Rural & Urban Livelihood Support
45,Female,Rajasthan,70400.0,Farmer,OBC,Yes,No,No,Agriculture & Farmer Welfare
57,Female,Rajasthan,163300.0,Farmer,General,Yes,No,No,Agriculture & Farmer Welfare
71,Female,West Bengal,106500.0,Daily Wage Worker,SC,No,No,No,Senior Citizen Pension & Healthcare
71,Male,Karnataka,164300.0,Salaried,OBC,Yes,No,No,Senior Citizen Pension & Healthcare
18,Male,Madhya Pradesh,77500.0,Student,General,Yes,Yes,No,Education & Scholarships
53,Female,Maharashtra,38800.0,Unemployed,General,Yes,No,No,Women & Child Development
38,Male,Madhya Pradesh,183000.0,Unemployed,OBC,Yes,No,Yes,Social Welfare & Disability Support
60,Female,West Bengal,103700.0,Farmer,General,Yes,No,No,Senior Citizen Pension & Healthcare
52,Male,Uttar Pradesh,66100.0,Farmer,SC,Yes,No,No,Agriculture & Farmer Welfare
30,Transgender,Maharashtra,100500.0,Student,OBC,Yes,Yes,No,Education & Scholarships
74,Male,Karnataka,39100.0,Student,SC,Yes,Yes,No,Education & Scholarships
66,Male,Kerala,570800.0,Artisan,General,Yes,No,No,Skill Development & Entrepreneurship
71,Female,Maharashtra,186600.0,Student,SC,Yes,Yes,No,Education & Scholarships
71,Female,Tamil Nadu,333500.0,Farmer,OBC,No,No,No,Senior Citizen Pension & Healthcare
27,Male,West Bengal,129000.0,Unemployed,SC,Yes,No,No,Rural & Urban Livelihood Support
70,Female,Kerala,450500.0,Self-Employed,OBC,No,No,No,Senior Citizen Pension & Healthcare
61,Female,Madhya Pradesh,148900.0,Self-Employed,General,No,No,No,Senior Citizen Pension & Healthcare
64,Male,Kerala,183600.0,Farmer,OBC,Yes,No,No,Senior Citizen Pension & Healthcare
70,Female,West Bengal,151800.0,Unemployed,ST,Yes,No,No,Senior Citizen Pension & Healthcare
27,Male,Madhya Pradesh,267900.0,Unemployed,SC,Yes,No,No,Rural & Urban Livelihood Support
63,Male,West Bengal,180500.0,Self-Employed,OBC,Yes,No,No,Senior Citizen Pension & Healthcare
30,Male,Bihar,87000.0,Salaried,OBC,No,No,No,Rural & Urban Livelihood Support
54,Male,Uttar Pradesh,58300.0,Unemployed,OBC,Yes,No,No,Rural & Urban Livelihood Support
55,Male,Karnataka,197700.0,Daily Wage Worker,OBC,No,No,No,Rural & Urban Livelihood Support
41,Male,Karnataka,150900.0,Daily Wage Worker,General,Yes,No,No,Rural & Urban Livelihood Support
19,Male,Tamil Nadu,48200.0,Student,SC,No,Yes,Yes,Social Welfare & Disability Support
39,Female,Uttar Pradesh,120600.0,Farmer,EWS,No,No,Yes,Social Welfare & Disability Support
34,Male,Uttar Pradesh,160200.0,Student,EWS,No,Yes,No,Education & Scholarships
53,Male,Tamil Nadu,345700.0,Student,General,No,Yes,No,Education & Scholarships
31,Female,Madhya Pradesh,44200.0,Student,OBC,Yes,Yes,No,Education & Scholarships
27,Female,Tamil Nadu,107100.0,Salaried,OBC,No,No,No,Women & Child Development
52,Male,Madhya Pradesh,341300.0,Farmer,General,Yes,No,No,Agriculture & Farmer Welfare
42,Female,Tamil Nadu,218200.0,Salaried,General,No,No,No,Women & Child Development
20,Male,Maharashtra,91600.0,Self-Employed,General,Yes,Yes,No,Education & Scholarships
64,Male,Maharashtra,366000.0,Farmer,EWS,Yes,No,No,Senior Citizen Pension & Healthcare
55,Female,Bihar,152400.0,Artisan,ST,No,No,No,Women & Child Development
34,Male,Rajasthan,154200.0,Farmer,OBC,Yes,No,No,Agriculture & Farmer Welfare
29,Female,Tamil Nadu,705800.0,Salaried,OBC,Yes,No,No,Women & Child Development
71,Male,Uttar Pradesh,559100.0,Unemployed,SC,Yes,No,No,Senior Citizen Pension & Healthcare
69,Female,Maharashtra,109900.0,Student,SC,No,Yes,Yes,Social Welfare & Disability Support
41,Male,Gujarat,57300.0,Salaried,OBC,No,No,No,Rural & Urban Livelihood Support
46,Female,Madhya Pradesh,100900.0,Daily Wage Worker,SC,No,No,No,Women & Child Development
60,Female,Maharashtra,35600.0,Student,SC,No,Yes,Yes,Social Welfare & Disability Support
42,Female,Maharashtra,33800.0,Daily Wage Worker,General,Yes,No,Yes,Social Welfare & Disability Support
53,Female,West Bengal,120600.0,Self-Employed,OBC,Yes,No,No,Women & Child Development
75,Male,Madhya Pradesh,539500.0,Farmer,ST,No,No,No,Senior Citizen Pension & Healthcare
43,Female,Karnataka,399100.0,Daily Wage Worker,SC,No,No,No,Women & Child Development
55,Male,Kerala,158900.0,Student,OBC,Yes,Yes,No,Education & Scholarships
18,Male,Madhya Pradesh,179900.0,Artisan,SC,Yes,No,No,Skill Development & Entrepreneurship
37,Male,Bihar,31100.0,Student,SC,Yes,Yes,No,Skill Development & Entrepreneurship
72,Male,West Bengal,73700.0,Salaried,ST,Yes,No,No,Senior Citizen Pension & Healthcare
45,Male,Madhya Pradesh,34500.0,Daily Wage Worker,OBC,Yes,No,No,Rural & Urban Livelihood Support
33,Female,Madhya Pradesh,282800.0,Student,EWS,Yes,Yes,No,Education & Scholarships
64,Female,Rajasthan,58300.0,Farmer,OBC,Yes,No,No,Senior Citizen Pension & Healthcare
34,Male,West Bengal,395900.0,Student,General,Yes,Yes,No,Education & Scholarships
57,Male,Madhya Pradesh,215600.0,Daily Wage Worker,General,No,No,No,Rural & Urban Livelihood Support
45,Male,Kerala,76900.0,Student,General,No,Yes,No,Education & Scholarships
75,Female,Kerala,60900.0,Unemployed,General,Yes,No,No,Senior Citizen Pension & Healthcare
29,Female,Gujarat,207800.0,Salaried,ST,Yes,No,No,Women & Child Development
44,Female,West Bengal,446000.0,Daily Wage Worker,General,No,No,No,Rural & Urban Livelihood Support
71,Male,Karnataka,258100.0,Farmer,General,Yes,No,No,Senior Citizen Pension & Healthcare
70,Male,Madhya Pradesh,107100.0,Farmer,OBC,No,No,No,Senior Citizen Pension & Healthcare
59,Female,Rajasthan,189300.0,Artisan,OBC,Yes,No,No,Women & Child Development
64,Female,Rajasthan,97000.0,Self-Employed,OBC,No,No,No,Senior Citizen Pension & Healthcare
47,Male,Uttar Pradesh,1302600.0,Daily Wage Worker,EWS,Yes,No,No,Rural & Urban Livelihood Support
58,Male,Karnataka,278700.0,Self-Employed,SC,Yes,No,No,Skill Development & Entrepreneurship
51,Female,Rajasthan,201500.0,Farmer,EWS,No,No,No,Agriculture & Farmer Welfare
54,Male,Kerala,129100.0,Salaried,OBC,No,No,No,Rural & Urban Livelihood Support
23,Male,Uttar Pradesh,203300.0,Student,SC,Yes,Yes,No,Education & Scholarships
24,Male,Tamil Nadu,105200.0,Artisan,OBC,No,No,No,Skill Development & Entrepreneurship
49,Male,Rajasthan,35300.0,Daily Wage Worker,SC,Yes,No,No,Rural & Urban Livelihood Support
49,Female,Bihar,120500.0,Student,General,No,Yes,No,Education & Scholarships
70,Female,West Bengal,509900.0,Daily Wage Worker,OBC,Yes,No,Yes,Senior Citizen Pension & Healthcare
42,Male,Rajasthan,207200.0,Unemployed,General,Yes,No,No,Rural & Urban Livelihood Support
50,Female,Maharashtra,45800.0,Daily Wage Worker,OBC,No,No,No,Women & Child Development
72,Male,Karnataka,419300.0,Student,General,Yes,Yes,No,Education & Scholarships
75,Male,Maharashtra,86400.0,Farmer,General,Yes,No,No,Senior Citizen Pension & Healthcare
24,Male,Gujarat,80300.0,Farmer,SC,Yes,Yes,No,Education & Scholarships
69,Female,Rajasthan,93500.0,Farmer,EWS,Yes,No,No,Senior Citizen Pension & Healthcare
74,Female,Tamil Nadu,185000.0,Salaried,General,No,No,No,Senior Citizen Pension & Healthcare
29,Male,Maharashtra,171600.0,Self-Employed,General,Yes,No,No,Skill Development & Entrepreneurship
33,Female,Maharashtra,151700.0,Farmer,SC,No,No,No,Agriculture & Farmer Welfare
33,Male,Karnataka,257600.0,Salaried,General,Yes,No,No,Rural & Urban Livelihood Support
60,Male,Uttar Pradesh,98500.0,Daily Wage Worker,OBC,Yes,No,No,Senior Citizen Pension & Healthcare
70,Female,Tamil Nadu,304200.0,Farmer,ST,Yes,No,No,Senior Citizen Pension & Healthcare
53,Male,Maharashtra,64700.0,Farmer,OBC,No,No,No,Agriculture & Farmer Welfare
30,Female,Madhya Pradesh,304700.0,Farmer,OBC,Yes,No,No,Agriculture & Farmer Welfare
24,Female,Tamil Nadu,226200.0,Salaried,OBC,Yes,No,No,Women & Child Development
53,Male,Madhya Pradesh,236900.0,Self-Employed,OBC,Yes,No,No,Skill Development & Entrepreneurship
64,Transgender,Rajasthan,148200.0,Salaried,OBC,No,No,No,Senior Citizen Pension & Healthcare
68,Male,Maharashtra,227900.0,Farmer,OBC,Yes,No,No,Education & Scholarships
26,Male,Maharashtra,45000.0,Unemployed,General,No,No,No,Rural & Urban Livelihood Support
49,Male,Kerala,373400.0,Student,OBC,Yes,Yes,No,Education & Scholarships
28,Female,Kerala,40300.0,Salaried,OBC,Yes,No,No,Women & Child Development
25,Female,Karnataka,59000.0,Salaried,General,Yes,No,No,Women & Child Development
50,Male,West Bengal,184800.0,Farmer,OBC,Yes,No,Yes,Social Welfare & Disability Support
40,Female,West Bengal,272100.0,Daily Wage Worker,OBC,Yes,No,No,Women & Child Development
42,Male,Uttar Pradesh,44300.0,Daily Wage Worker,General,No,No,No,Rural & Urban Livelihood Support
73,Male,Karnataka,486400.0,Salaried,OBC,Yes,No,No,Senior Citizen Pension & Healthcare
25,Male,West Bengal,684200.0,Farmer,OBC,Yes,No,No,Agriculture & Farmer Welfare
62,Male,Karnataka,197600.0,Artisan,General,Yes,No,No,Senior Citizen Pension & Healthcare
39,Female,Maharashtra,148100.0,Unemployed,SC,Yes,No,No,Women & Child Development
21,Female,Kerala,273400.0,Daily Wage Worker,General,Yes,No,Yes,Social Welfare & Disability Support
57,Male,Kerala,101600.0,Farmer,ST,No,No,No,Agriculture & Farmer Welfare
20,Male,Kerala,152400.0,Unemployed,General,Yes,No,No,Rural & Urban Livelihood Support
46,Male,West Bengal,476200.0,Student,General,No,Yes,No,Education & Scholarships
58,Male,Tamil Nadu,590800.0,Unemployed,OBC,Yes,No,No,Rural & Urban Livelihood Support
46,Female,Bihar,501300.0,Farmer,SC,Yes,No,No,Agriculture & Farmer Welfare
51,Male,Maharashtra,84800.0,Farmer,OBC,Yes,No,No,Agriculture & Farmer Welfare
51,Male,Rajasthan,77600.0,Artisan,General,Yes,No,No,Skill Development & Entrepreneurship
45,Female,Karnataka,93600.0,Artisan,General,Yes,No,No,Women & Child Development
30,Female,Kerala,134800.0,Self-Employed,General,Yes,No,No,Women & Child Development
32,Male,Kerala,97900.0,Self-Employed,ST,Yes,No,No,Skill Development & Entrepreneurship
40,Male,Kerala,114400.0,Farmer,EWS,No,No,No,Agriculture & Farmer Welfare
61,Female,Maharashtra,204500.0,Student,OBC,Yes,Yes,No,Education & Scholarships
43,Male,Kerala,288800.0,Daily Wage Worker,OBC,No,No,No,Rural & Urban Livelihood Support
21,Female,Uttar Pradesh,269400.0,Farmer,SC,Yes,No,No,Agriculture & Farmer Welfare
43,Female,Karnataka,333200.0,Self-Employed,General,No,No,No,Women & Child Development
57,Male,Maharashtra,35900.0,Self-Employed,General,Yes,No,Yes,Social Welfare & Disability Support
26,Male,Karnataka,38800.0,Salaried,SC,Yes,No,No,Rural & Urban Livelihood Support
72,Male,Madhya Pradesh,310400.0,Daily Wage Worker,General,No,No,No,Senior Citizen Pension & Healthcare
22,Female,Gujarat,167100.0,Student,EWS,Yes,Yes,Yes,Social Welfare & Disability Support
73,Female,Uttar Pradesh,185400.0,Unemployed,General,Yes,No,No,Senior Citizen Pension & Healthcare
49,Female,Tamil Nadu,39700.0,Salaried,General,Yes,No,No,Women & Child Development
37,Female,Tamil Nadu,83100.0,Artisan,General,Yes,No,No,Women & Child Development
67,Female,Bihar,213100.0,Salaried,SC,No,No,No,Senior Citizen Pension & Healthcare
28,Female,Uttar Pradesh,382900.0,Self-Employed,General,No,No,No,Skill Development & Entrepreneurship
32,Female,Karnataka,478000.0,Artisan,General,No,No,No,Skill Development & Entrepreneurship
49,Female,Tamil Nadu,154900.0,Farmer,EWS,No,No,Yes,Social Welfare & Disability Support
45,Male,Gujarat,171900.0,Self-Employed,General,Yes,No,No,Skill Development & Entrepreneurship
39,Female,Tamil Nadu,352200.0,Farmer,General,Yes,No,No,Agriculture & Farmer Welfare
58,Female,Kerala,168800.0,Student,SC,No,Yes,No,Education & Scholarships
34,Male,Bihar,160900.0,Student,General,Yes,Yes,No,Education & Scholarships
43,Female,Maharashtra,453900.0,Farmer,OBC,Yes,No,No,Agriculture & Farmer Welfare
61,Male,Rajasthan,310900.0,Farmer,General,Yes,No,No,Senior Citizen Pension & Healthcare
24,Female,Rajasthan,461600.0,Self-Employed,SC,No,No,No,Women & Child Development
59,Female,Tamil Nadu,74300.0,Farmer,General,Yes,No,No,Agriculture & Farmer Welfare
74,Female,Karnataka,163800.0,Salaried,SC,No,No,No,Senior Citizen Pension & Healthcare
43,Female,Karnataka,362700.0,Farmer,General,Yes,No,No,Agriculture & Farmer Welfare
42,Male,Kerala,51200.0,Artisan,EWS,Yes,No,No,Skill Development & Entrepreneurship
27,Male,Tamil Nadu,315000.0,Student,OBC,No,Yes,No,Education & Scholarships
62,Female,Tamil Nadu,66400.0,Farmer,OBC,No,No,No,Senior Citizen Pension & Healthcare
36,Female,Rajasthan,327200.0,Student,General,Yes,Yes,No,Education & Scholarships
28,Male,Madhya Pradesh,200400.0,Self-Employed,General,Yes,No,No,Skill Development & Entrepreneurship
30,Female,Tamil Nadu,68700.0,Daily Wage Worker,OBC,Yes,No,No,Women & Child Development
70,Male,Maharashtra,145400.0,Farmer,OBC,No,No,No,Senior Citizen Pension & Healthcare
25,Female,Bihar,236200.0,Farmer,SC,Yes,No,No,Agriculture & Farmer Welfare
57,Male,Bihar,210800.0,Student,OBC,Yes,Yes,No,Education & Scholarships
21,Female,Maharashtra,130300.0,Unemployed,General,No,Yes,No,Education & Scholarships
64,Female,Madhya Pradesh,443300.0,Daily Wage Worker,SC,Yes,No,No,Senior Citizen Pension & Healthcare
48,Male,Karnataka,161800.0,Student,SC,Yes,Yes,No,Education & Scholarships
45,Male,Rajasthan,156900.0,Farmer,OBC,No,No,No,Agriculture & Farmer Welfare
28,Male,Bihar,41600.0,Salaried,General,No,No,No,Rural & Urban Livelihood Support
60,Male,Uttar Pradesh,489500.0,Farmer,General,No,No,No,Senior Citizen Pension & Healthcare
18,Male,Gujarat,65100.0,Self-Employed,ST,Yes,No,No,Skill Development & Entrepreneurship
66,Female,Rajasthan,165300.0,Farmer,ST,No,No,No,Senior Citizen Pension & Healthcare
64,Male,Madhya Pradesh,322900.0,Self-Employed,OBC,No,No,No,Senior Citizen Pension & Healthcare
69,Female,Uttar Pradesh,73700.0,Salaried,OBC,Yes,No,No,Senior Citizen Pension & Healthcare
55,Male,Tamil Nadu,164900.0,Salaried,OBC,Yes,No,No,Rural & Urban Livelihood Support
41,Transgender,Maharashtra,79600.0,Daily Wage Worker,OBC,Yes,No,No,Rural & Urban Livelihood Support
71,Female,Tamil Nadu,286700.0,Artisan,General,No,No,No,Senior Citizen Pension & Healthcare
74,Female,Kerala,179600.0,Artisan,General,No,No,No,Senior Citizen Pension & Healthcare
64,Female,West Bengal,378800.0,Farmer,OBC,No,No,No,Senior Citizen Pension & Healthcare
48,Female,Maharashtra,434900.0,Salaried,SC,Yes,No,No,Women & Child Development
58,Male,Uttar Pradesh,218300.0,Daily Wage Worker,ST,No,No,No,Rural & Urban Livelihood Support
63,Female,Gujarat,262600.0,Artisan,General,Yes,No,No,Senior Citizen Pension & Healthcare
67,Female,West Bengal,173400.0,Student,OBC,No,Yes,No,Education & Scholarships
43,Male,Kerala,117300.0,Self-Employed,General,No,No,No,Skill Development & Entrepreneurship
66,Male,Karnataka,218000.0,Salaried,General,Yes,No,No,Senior Citizen Pension & Healthcare
67,Male,Kerala,460000.0,Self-Employed,ST,Yes,No,No,Senior Citizen Pension & Healthcare
22,Male,West Bengal,127000.0,Farmer,OBC,No,No,No,Agriculture & Farmer Welfare
37,Male,Bihar,97900.0,Student,General,Yes,Yes,No,Education & Scholarships
69,Male,Rajasthan,118500.0,Farmer,General,No,No,No,Senior Citizen Pension & Healthcare
58,Male,Madhya Pradesh,132900.0,Salaried,General,Yes,No,No,Rural & Urban Livelihood Support
28,Male,Tamil Nadu,43800.0,Salaried,SC,No,No,No,Rural & Urban Livelihood Support
73,Female,Karnataka,154200.0,Salaried,OBC,Yes,No,No,Senior Citizen Pension & Healthcare
71,Female,Madhya Pradesh,152700.0,Daily Wage Worker,General,Yes,No,No,Senior Citizen Pension & Healthcare
50,Male,Kerala,189800.0,Self-Employed,OBC,No,No,No,Skill Development & Entrepreneurship
67,Male,Gujarat,111100.0,Self-Employed,OBC,No,No,No,Senior Citizen Pension & Healthcare
55,Male,Tamil Nadu,200900.0,Self-Employed,SC,Yes,No,No,Skill Development & Entrepreneurship
44,Transgender,Karnataka,409000.0,Daily Wage Worker,OBC,No,No,No,Rural & Urban Livelihood Support
51,Male,Madhya Pradesh,590100.0,Artisan,OBC,Yes,No,No,Skill Development & Entrepreneurship
32,Male,Tamil Nadu,187700.0,Daily Wage Worker,SC,No,No,No,Rural & Urban Livelihood Support
